[19:58:31] [main/INFO] (net.neoforged.fml.startup.Entrypoint) JVM Uptime at startup: 264ms
[19:58:31] [main/INFO] (net.neoforged.fml.loading.FMLLoader) Starting FancyModLoader version 10.0.29 (CLIENT in DEV)
[19:58:31] [main/INFO] (net.neoforged.fml.loading.FMLLoader) Game directory: D:\VKN\vulkanmod-1.21.10-neoforge-only-template\run
[19:58:31] [main/DEBUG] (net.neoforged.fml.loading.FMLPaths) Path GAMEDIR is D:\VKN\vulkanmod-1.21.10-neoforge-only-template\run
[19:58:31] [main/DEBUG] (net.neoforged.fml.loading.FMLPaths) Path JIJ_CACHEDIR is D:\VKN\vulkanmod-1.21.10-neoforge-only-template\run\.cache\jij
[19:58:31] [main/DEBUG] (net.neoforged.fml.loading.FMLPaths) Path MODSDIR is D:\VKN\vulkanmod-1.21.10-neoforge-only-template\run\mods
[19:58:31] [main/DEBUG] (net.neoforged.fml.loading.FMLPaths) Path CONFIGDIR is D:\VKN\vulkanmod-1.21.10-neoforge-only-template\run\config
[19:58:31] [main/DEBUG] (net.neoforged.fml.loading.FMLPaths) Path FMLCONFIG is D:\VKN\vulkanmod-1.21.10-neoforge-only-template\run\config\fml.toml
[19:58:31] [ForkJoinPool.commonPool-worker-5/DEBUG] (net.neoforged.fml.loading.EarlyServiceDiscovery) D:\.gradle\caches\modules-2\files-2.1\net.neoforged.fancymodloader\earlydisplay\10.0.29\6268812ffd0c16cc1eea921b2335d58585384574\earlydisplay-10.0.29.jar contains early service net.neoforged.neoforgespi.earlywindow.ImmediateWindowProvider
[19:58:31] [ForkJoinPool.commonPool-worker-7/DEBUG] (net.neoforged.fml.loading.EarlyServiceDiscovery) D:\.gradle\caches\fabric-loom\forge\transformed-dependencies-v1\net\neoforged\fancymodloader\691fb50f520a1442ae5c3385ef06b1e55e9d782a2453de9df39a9d13ecffff10\loader\10.0.29\loader-10.0.29.jar contains early service net.neoforged.neoforgespi.locating.IModFileReader
[19:58:31] [ForkJoinPool.commonPool-worker-5/DEBUG] (net.neoforged.fml.loading.moddiscovery.ModFile) Loading mod file D:\.gradle\caches\modules-2\files-2.1\net.neoforged.fancymodloader\earlydisplay\10.0.29\6268812ffd0c16cc1eea921b2335d58585384574\earlydisplay-10.0.29.jar with languages []
[19:58:31] [ForkJoinPool.commonPool-worker-7/DEBUG] (net.neoforged.fml.loading.moddiscovery.ModFile) Loading mod file D:\.gradle\caches\fabric-loom\forge\transformed-dependencies-v1\net\neoforged\fancymodloader\691fb50f520a1442ae5c3385ef06b1e55e9d782a2453de9df39a9d13ecffff10\loader\10.0.29\loader-10.0.29.jar with languages []
[19:58:31] [main/INFO] (net.neoforged.fml.loading.EarlyServiceDiscovery) Found 2 early service jars (out of 135) in 51ms
[19:58:31] [main/INFO] (net.neoforged.fml.loading.FMLLoader) Loading FML Early Services:
[19:58:31] [main/INFO] (net.neoforged.fml.loading.FMLLoader)  - D:/.gradle/caches/fabric-loom/forge/transformed-dependencies-v1/net/neoforged/fancymodloader/691fb50f520a1442ae5c3385ef06b1e55e9d782a2453de9df39a9d13ecffff10/loader/10.0.29/loader-10.0.29.jar
[19:58:31] [main/INFO] (net.neoforged.fml.loading.FMLLoader)  - D:/.gradle/caches/modules-2/files-2.1/net.neoforged.fancymodloader/earlydisplay/10.0.29/6268812ffd0c16cc1eea921b2335d58585384574/earlydisplay-10.0.29.jar
[19:58:31] [main/DEBUG] (net.neoforged.fml.util.ServiceLoaderUtil) Found 0 implementations of GraphicsBootstrapper:
[19:58:31] [main/INFO] (net.neoforged.fml.loading.ImmediateWindowHandler) ImmediateWindowProvider not loading because splash screen is disabled
[19:58:31] [ForkJoinPool.commonPool-worker-6/INFO] (cn.ksmcbrigade.vulkan_core.services.VulkanModDiscover) VulkanTransformationService is Loading...
[19:58:31] [ForkJoinPool.commonPool-worker-6/INFO] (cn.ksmcbrigade.vulkan_core.services.VulkanModDiscover) VulkanTransformationService is Loaded.
[19:58:31] [ForkJoinPool.commonPool-worker-6/DEBUG] (net.neoforged.fml.util.ServiceLoaderUtil) Found 6 implementations of IModFileCandidateLocator:
[19:58:31] [ForkJoinPool.commonPool-worker-6/DEBUG] (net.neoforged.fml.util.ServiceLoaderUtil) 	    1000 - [built-in] net.neoforged.fml.loading.moddiscovery.locators.GameLocator from D:/.gradle/caches/fabric-loom/forge/transformed-dependencies-v1/net/neoforged/fancymodloader/691fb50f520a1442ae5c3385ef06b1e55e9d782a2453de9df39a9d13ecffff10/loader/10.0.29/loader-10.0.29.jar
[19:58:31] [ForkJoinPool.commonPool-worker-6/DEBUG] (net.neoforged.fml.util.ServiceLoaderUtil) 	    1000 - [built-in] net.neoforged.fml.loading.moddiscovery.locators.InDevFolderLocator from D:/.gradle/caches/fabric-loom/forge/transformed-dependencies-v1/net/neoforged/fancymodloader/691fb50f520a1442ae5c3385ef06b1e55e9d782a2453de9df39a9d13ecffff10/loader/10.0.29/loader-10.0.29.jar
[19:58:31] [ForkJoinPool.commonPool-worker-6/DEBUG] (net.neoforged.fml.util.ServiceLoaderUtil) 	    1000 - [built-in] net.neoforged.fml.loading.moddiscovery.locators.InDevJarLocator from D:/.gradle/caches/fabric-loom/forge/transformed-dependencies-v1/net/neoforged/fancymodloader/691fb50f520a1442ae5c3385ef06b1e55e9d782a2453de9df39a9d13ecffff10/loader/10.0.29/loader-10.0.29.jar
[19:58:31] [ForkJoinPool.commonPool-worker-6/DEBUG] (net.neoforged.fml.util.ServiceLoaderUtil) 	    1000 - cn.ksmcbrigade.vulkan_core.services.InDevVulkanModDiscover from D:/VKN/vulkanmod-1.21.10-neoforge-only-template/build/classes/java/main
[19:58:31] [ForkJoinPool.commonPool-worker-6/DEBUG] (net.neoforged.fml.util.ServiceLoaderUtil) 	       0 - [built-in] net.neoforged.fml.loading.moddiscovery.locators.ModsFolderLocator from D:/.gradle/caches/fabric-loom/forge/transformed-dependencies-v1/net/neoforged/fancymodloader/691fb50f520a1442ae5c3385ef06b1e55e9d782a2453de9df39a9d13ecffff10/loader/10.0.29/loader-10.0.29.jar
[19:58:31] [ForkJoinPool.commonPool-worker-6/DEBUG] (net.neoforged.fml.util.ServiceLoaderUtil) 	       0 - cn.ksmcbrigade.vulkan_core.services.VulkanModDiscover from D:/VKN/vulkanmod-1.21.10-neoforge-only-template/build/classes/java/main
[19:58:31] [ForkJoinPool.commonPool-worker-6/DEBUG] (net.neoforged.fml.util.ServiceLoaderUtil) Found 2 implementations of IModFileReader:
[19:58:31] [ForkJoinPool.commonPool-worker-6/DEBUG] (net.neoforged.fml.util.ServiceLoaderUtil) 	       0 - net.neoforged.fml.loading.moddiscovery.readers.JarModsDotTomlModFileReader from D:/.gradle/caches/fabric-loom/forge/transformed-dependencies-v1/net/neoforged/fancymodloader/691fb50f520a1442ae5c3385ef06b1e55e9d782a2453de9df39a9d13ecffff10/loader/10.0.29/loader-10.0.29.jar
[19:58:31] [ForkJoinPool.commonPool-worker-6/DEBUG] (net.neoforged.fml.util.ServiceLoaderUtil) 	   -1000 - net.neoforged.fml.loading.moddiscovery.readers.NestedLibraryModReader from D:/.gradle/caches/fabric-loom/forge/transformed-dependencies-v1/net/neoforged/fancymodloader/691fb50f520a1442ae5c3385ef06b1e55e9d782a2453de9df39a9d13ecffff10/loader/10.0.29/loader-10.0.29.jar
[19:58:31] [ForkJoinPool.commonPool-worker-6/DEBUG] (net.neoforged.fml.util.ServiceLoaderUtil) Found 1 implementations of IDependencyLocator:
[19:58:31] [ForkJoinPool.commonPool-worker-6/DEBUG] (net.neoforged.fml.util.ServiceLoaderUtil) 	       0 - net.neoforged.fml.loading.moddiscovery.locators.JarInJarDependencyLocator from D:/.gradle/caches/fabric-loom/forge/transformed-dependencies-v1/net/neoforged/fancymodloader/691fb50f520a1442ae5c3385ef06b1e55e9d782a2453de9df39a9d13ecffff10/loader/10.0.29/loader-10.0.29.jar
[19:58:31] [ForkJoinPool.commonPool-worker-6/DEBUG] (net.neoforged.fml.loading.moddiscovery.ModDiscoverer) Scanning for mods and other resources to load. We know 6 ways to find mods
[19:58:31] [ForkJoinPool.commonPool-worker-6/DEBUG] (net.neoforged.fml.loading.moddiscovery.ModDiscoverer) Trying locator game locator
[19:58:32] [ForkJoinPool.commonPool-worker-6/DEBUG] (net.neoforged.fml.loading.moddiscovery.locators.RequiredSystemFiles) Found NeoForge MANIFEST.MF in jar(D:\VKN\vulkanmod-1.21.10-neoforge-only-template\.gradle\loom-cache\minecraftMaven\net\minecraft\neoforge-21.10.50-beta-minecraft-merged-cf2b3c8782\1.21.10-loom.mappings.1_21_10.layered+hash.40359-v2-neoforge-21.10.50-beta\neoforge-21.10.50-beta-minecraft-merged-cf2b3c8782-1.21.10-loom.mappings.1_21_10.layered+hash.40359-v2-neoforge-21.10.50-beta.jar)
[19:58:32] [ForkJoinPool.commonPool-worker-6/INFO] (net.neoforged.fml.loading.moddiscovery.locators.GameLocator) Detected a joined NeoForge and Minecraft configuration. Applying filtering...
[19:58:32] [ForkJoinPool.commonPool-worker-6/DEBUG] (net.neoforged.fml.loading.moddiscovery.ModFileInfo) Found valid mod file client-extra.jar with {minecraft} mods - versions {1.21.10}
[19:58:32] [ForkJoinPool.commonPool-worker-6/DEBUG] (net.neoforged.fml.loading.moddiscovery.ModFile) Loading mod file D:\.gradle\caches\fabric-loom\1.21.10\neoforge\21.10.50-beta\client-extra.jar with languages [LanguageSpec[languageName=minecraft, acceptedVersions=1]]
[19:58:32] [ForkJoinPool.commonPool-worker-6/INFO] (net.neoforged.fml.loading.moddiscovery.ModDiscoverer) Found mod file "client-extra.jar" [locator: game locator]
[19:58:32] [ForkJoinPool.commonPool-worker-6/DEBUG] (net.neoforged.fml.loading.moddiscovery.readers.JarModsDotTomlModFileReader) Found META-INF/neoforge.mods.toml mod of type null: D:\VKN\vulkanmod-1.21.10-neoforge-only-template\.gradle\loom-cache\minecraftMaven\net\minecraft\neoforge-21.10.50-beta-minecraft-merged-cf2b3c8782\1.21.10-loom.mappings.1_21_10.layered+hash.40359-v2-neoforge-21.10.50-beta\neoforge-21.10.50-beta-minecraft-merged-cf2b3c8782-1.21.10-loom.mappings.1_21_10.layered+hash.40359-v2-neoforge-21.10.50-beta.jar
[19:58:32] [ForkJoinPool.commonPool-worker-6/DEBUG] (net.neoforged.fml.loading.moddiscovery.ModFileParser) Considering mod file candidate D:\VKN\vulkanmod-1.21.10-neoforge-only-template\.gradle\loom-cache\minecraftMaven\net\minecraft\neoforge-21.10.50-beta-minecraft-merged-cf2b3c8782\1.21.10-loom.mappings.1_21_10.layered+hash.40359-v2-neoforge-21.10.50-beta\neoforge-21.10.50-beta-minecraft-merged-cf2b3c8782-1.21.10-loom.mappings.1_21_10.layered+hash.40359-v2-neoforge-21.10.50-beta.jar
[19:58:32] [ForkJoinPool.commonPool-worker-6/DEBUG] (net.neoforged.fml.loading.moddiscovery.ModFileInfo) Found valid mod file neoforge-21.10.50-beta-minecraft-merged-cf2b3c8782-1.21.10-loom.mappings.1_21_10.layered+hash.40359-v2-neoforge-21.10.50-beta.jar with {neoforge} mods - versions {21.10.50-beta}
[19:58:32] [ForkJoinPool.commonPool-worker-6/DEBUG] (net.neoforged.fml.loading.moddiscovery.ModFile) Loading mod file D:\VKN\vulkanmod-1.21.10-neoforge-only-template\.gradle\loom-cache\minecraftMaven\net\minecraft\neoforge-21.10.50-beta-minecraft-merged-cf2b3c8782\1.21.10-loom.mappings.1_21_10.layered+hash.40359-v2-neoforge-21.10.50-beta\neoforge-21.10.50-beta-minecraft-merged-cf2b3c8782-1.21.10-loom.mappings.1_21_10.layered+hash.40359-v2-neoforge-21.10.50-beta.jar with languages [LanguageSpec[languageName=javafml, acceptedVersions=[3,]]]
[19:58:32] [ForkJoinPool.commonPool-worker-6/DEBUG] (net.neoforged.fml.loading.moddiscovery.ModFile) Found mixin config MixinConfig[config=neoforge.mixins.json, requiredMods=[], behaviorVersion=null]
[19:58:32] [ForkJoinPool.commonPool-worker-6/INFO] (net.neoforged.fml.loading.moddiscovery.ModDiscoverer) Found mod file "neoforge-21.10.50-beta-minecraft-merged-cf2b3c8782-1.21.10-loom.mappings.1_21_10.layered+hash.40359-v2-neoforge-21.10.50-beta.jar" [locator: game locator]
[19:58:32] [ForkJoinPool.commonPool-worker-6/DEBUG] (net.neoforged.fml.loading.moddiscovery.ModDiscoverer) Locator game locator found 2 mods, 0 warnings, 0 errors and skipped 0 candidates
[19:58:32] [ForkJoinPool.commonPool-worker-6/DEBUG] (net.neoforged.fml.loading.moddiscovery.ModDiscoverer) Trying locator indevfolder
[19:58:32] [ForkJoinPool.commonPool-worker-6/INFO] (net.neoforged.fml.loading.moddiscovery.locators.InDevFolderLocator) Got mod coordinates main%%D:\VKN\vulkanmod-1.21.10-neoforge-only-template\build\resources\main;main%%D:\VKN\vulkanmod-1.21.10-neoforge-only-template\build\classes\java\main;main%%D:\VKN\vulkanmod-1.21.10-neoforge-only-template\out\production\classes;main%%D:\VKN\vulkanmod-1.21.10-neoforge-only-template\out\production\resources from env
[19:58:32] [ForkJoinPool.commonPool-worker-6/DEBUG] (net.neoforged.fml.loading.moddiscovery.ModDiscoverer) Locator indevfolder found 0 mods, 0 warnings, 0 errors and skipped 0 candidates
[19:58:32] [ForkJoinPool.commonPool-worker-6/DEBUG] (net.neoforged.fml.loading.moddiscovery.ModDiscoverer) Trying locator indevjar
[19:58:32] [ForkJoinPool.commonPool-worker-6/DEBUG] (net.neoforged.fml.loading.moddiscovery.ModDiscoverer) Skipping D:\VKN\vulkanmod-1.21.10-neoforge-only-template\.gradle\loom-cache\minecraftMaven\net\minecraft\neoforge-21.10.50-beta-minecraft-merged-cf2b3c8782\1.21.10-loom.mappings.1_21_10.layered+hash.40359-v2-neoforge-21.10.50-beta\neoforge-21.10.50-beta-minecraft-merged-cf2b3c8782-1.21.10-loom.mappings.1_21_10.layered+hash.40359-v2-neoforge-21.10.50-beta.jar because it was already located earlier
[19:58:32] [ForkJoinPool.commonPool-worker-6/DEBUG] (net.neoforged.fml.loading.moddiscovery.readers.JarModsDotTomlModFileReader) Found META-INF/neoforge.mods.toml mod of type null: D:\VKN\vulkanmod-1.21.10-neoforge-only-template\.gradle\loom-cache\remapped_mods\remapped\cn\ksmcbrigade\mr\mr-d73ba8eb\1.0.1\mr-d73ba8eb-1.0.1.jar
[19:58:32] [ForkJoinPool.commonPool-worker-6/DEBUG] (net.neoforged.fml.loading.moddiscovery.ModFileParser) Considering mod file candidate D:\VKN\vulkanmod-1.21.10-neoforge-only-template\.gradle\loom-cache\remapped_mods\remapped\cn\ksmcbrigade\mr\mr-d73ba8eb\1.0.1\mr-d73ba8eb-1.0.1.jar
[19:58:32] [ForkJoinPool.commonPool-worker-6/DEBUG] (net.neoforged.fml.loading.moddiscovery.ModFileInfo) Found valid mod file mr-d73ba8eb-1.0.1.jar with {mr} mods - versions {1.0.1}
[19:58:32] [ForkJoinPool.commonPool-worker-6/DEBUG] (net.neoforged.fml.loading.moddiscovery.ModFile) Loading mod file D:\VKN\vulkanmod-1.21.10-neoforge-only-template\.gradle\loom-cache\remapped_mods\remapped\cn\ksmcbrigade\mr\mr-d73ba8eb\1.0.1\mr-d73ba8eb-1.0.1.jar with languages [LanguageSpec[languageName=javafml, acceptedVersions=[4,)]]
[19:58:32] [ForkJoinPool.commonPool-worker-6/DEBUG] (net.neoforged.fml.loading.moddiscovery.ModFile) Found mixin config MixinConfig[config=mr.mixins.json, requiredMods=[], behaviorVersion=null]
[19:58:32] [ForkJoinPool.commonPool-worker-6/INFO] (net.neoforged.fml.loading.moddiscovery.ModDiscoverer) Found mod file "mr-d73ba8eb-1.0.1.jar" [locator: indevjar, reader: mod manifest]
[19:58:32] [ForkJoinPool.commonPool-worker-6/DEBUG] (net.neoforged.fml.loading.moddiscovery.readers.JarModsDotTomlModFileReader) Found META-INF/MANIFEST.MF mod of type GAMELIBRARY: D:\.gradle\caches\modules-2\files-2.1\io.github.llamalad7\mixinextras-neoforge\0.5.0\d734b83ce6542bb70ea31755c1595b88992dbe65\mixinextras-neoforge-0.5.0.jar
[19:58:32] [ForkJoinPool.commonPool-worker-6/DEBUG] (net.neoforged.fml.loading.moddiscovery.ModFile) Loading mod file D:\.gradle\caches\modules-2\files-2.1\io.github.llamalad7\mixinextras-neoforge\0.5.0\d734b83ce6542bb70ea31755c1595b88992dbe65\mixinextras-neoforge-0.5.0.jar with languages []
[19:58:32] [ForkJoinPool.commonPool-worker-6/INFO] (net.neoforged.fml.loading.moddiscovery.ModDiscoverer) Found gamelibrary file "mixinextras-neoforge-0.5.0.jar" [locator: indevjar, reader: mod manifest]
[19:58:32] [ForkJoinPool.commonPool-worker-6/DEBUG] (net.neoforged.fml.loading.moddiscovery.ModDiscoverer) Locator indevjar found 2 mods, 0 warnings, 0 errors and skipped 1 candidates
[19:58:32] [ForkJoinPool.commonPool-worker-6/DEBUG] (net.neoforged.fml.loading.moddiscovery.ModDiscoverer) Trying locator cn.ksmcbrigade.vulkan_core.services.InDevVulkanModDiscover@23fe382c
[19:58:32] [ForkJoinPool.commonPool-worker-6/INFO] (cn.ksmcbrigade.vulkan_core.services.InDevVulkanModDiscover) Got mod coordinates main%%D:\VKN\vulkanmod-1.21.10-neoforge-only-template\build\resources\main;main%%D:\VKN\vulkanmod-1.21.10-neoforge-only-template\build\classes\java\main;main%%D:\VKN\vulkanmod-1.21.10-neoforge-only-template\out\production\classes;main%%D:\VKN\vulkanmod-1.21.10-neoforge-only-template\out\production\resources from env
[19:58:32] [ForkJoinPool.commonPool-worker-6/DEBUG] (net.neoforged.fml.loading.moddiscovery.readers.JarModsDotTomlModFileReader) Found META-INF/neoforge.mods.toml mod of type null: D:\VKN\vulkanmod-1.21.10-neoforge-only-template\build\resources\main
[19:58:32] [ForkJoinPool.commonPool-worker-6/DEBUG] (net.neoforged.fml.loading.moddiscovery.ModFileParser) Considering mod file candidate D:\VKN\vulkanmod-1.21.10-neoforge-only-template\build\resources\main
[19:58:32] [ForkJoinPool.commonPool-worker-6/DEBUG] (net.neoforged.fml.loading.moddiscovery.ModFileInfo) Found valid mod file main with {vulkanmod} mods - versions {0.6.5-dev}
[19:58:32] [ForkJoinPool.commonPool-worker-6/DEBUG] (net.neoforged.fml.loading.moddiscovery.ModFile) Loading mod file D:\VKN\vulkanmod-1.21.10-neoforge-only-template\build\resources\main with languages [LanguageSpec[languageName=javafml, acceptedVersions=[4,)]]
[19:58:32] [ForkJoinPool.commonPool-worker-6/DEBUG] (net.neoforged.fml.loading.moddiscovery.ModFile) Found mixin config MixinConfig[config=vulkanmod.mixins.json, requiredMods=[], behaviorVersion=null]
[19:58:32] [ForkJoinPool.commonPool-worker-6/INFO] (net.neoforged.fml.loading.moddiscovery.ModDiscoverer) Found mod file "main" [locator: cn.ksmcbrigade.vulkan_core.services.InDevVulkanModDiscover@23fe382c, reader: mod manifest]
[19:58:32] [ForkJoinPool.commonPool-worker-6/DEBUG] (net.neoforged.fml.loading.moddiscovery.ModDiscoverer) Locator cn.ksmcbrigade.vulkan_core.services.InDevVulkanModDiscover@23fe382c found 1 mods, 0 warnings, 0 errors and skipped 0 candidates
[19:58:32] [ForkJoinPool.commonPool-worker-6/DEBUG] (net.neoforged.fml.loading.moddiscovery.ModDiscoverer) Trying locator {mods folder locator at D:\VKN\vulkanmod-1.21.10-neoforge-only-template\run\mods}
[19:58:32] [ForkJoinPool.commonPool-worker-6/DEBUG] (net.neoforged.fml.loading.moddiscovery.locators.ModsFolderLocator) Scanning mods dir D:\VKN\vulkanmod-1.21.10-neoforge-only-template\run\mods for mods
[19:58:32] [ForkJoinPool.commonPool-worker-6/DEBUG] (net.neoforged.fml.loading.moddiscovery.ModDiscoverer) Locator {mods folder locator at D:\VKN\vulkanmod-1.21.10-neoforge-only-template\run\mods} found 0 mods, 0 warnings, 0 errors and skipped 0 candidates
[19:58:32] [ForkJoinPool.commonPool-worker-6/DEBUG] (net.neoforged.fml.loading.moddiscovery.ModDiscoverer) Trying locator cn.ksmcbrigade.vulkan_core.services.VulkanModDiscover@72dc4153
[19:58:32] [ForkJoinPool.commonPool-worker-6/INFO] (cn.ksmcbrigade.vulkan_core.services.VulkanModDiscover) VulkanMod Library Discover loading...
[19:58:32] [ForkJoinPool.commonPool-worker-6/INFO] (cn.ksmcbrigade.vulkan_core.services.VulkanModDiscover) OS: Windows 11
[19:58:32] [ForkJoinPool.commonPool-worker-6/DEBUG] (net.neoforged.fml.loading.moddiscovery.readers.JarModsDotTomlModFileReader) Found META-INF/neoforge.mods.toml mod of type null: vulkan-libs\lwjgl-shaderc-3.3.3-natives-windows.jar
[19:58:32] [ForkJoinPool.commonPool-worker-6/DEBUG] (net.neoforged.fml.loading.moddiscovery.ModFileParser) Considering mod file candidate vulkan-libs\lwjgl-shaderc-3.3.3-natives-windows.jar
[19:58:32] [ForkJoinPool.commonPool-worker-6/DEBUG] (net.neoforged.fml.loading.moddiscovery.ModFileInfo) Found valid mod file lwjgl-shaderc-3.3.3-natives-windows.jar with {vulkan_shaderc_windows} mods - versions {1.0}
[19:58:32] [ForkJoinPool.commonPool-worker-6/DEBUG] (net.neoforged.fml.loading.moddiscovery.ModFile) Loading mod file vulkan-libs\lwjgl-shaderc-3.3.3-natives-windows.jar with languages [LanguageSpec[languageName=lowcodefml, acceptedVersions=[4,)]]
[19:58:32] [ForkJoinPool.commonPool-worker-6/INFO] (net.neoforged.fml.loading.moddiscovery.ModDiscoverer) Found mod file "lwjgl-shaderc-3.3.3-natives-windows.jar" [locator: cn.ksmcbrigade.vulkan_core.services.VulkanModDiscover@72dc4153, reader: mod manifest]
[19:58:32] [ForkJoinPool.commonPool-worker-6/DEBUG] (net.neoforged.fml.loading.moddiscovery.readers.JarModsDotTomlModFileReader) Found META-INF/neoforge.mods.toml mod of type null: vulkan-libs\lwjgl-shaderc-3.3.3.jar
[19:58:32] [ForkJoinPool.commonPool-worker-6/DEBUG] (net.neoforged.fml.loading.moddiscovery.ModFileParser) Considering mod file candidate vulkan-libs\lwjgl-shaderc-3.3.3.jar
[19:58:32] [ForkJoinPool.commonPool-worker-6/DEBUG] (net.neoforged.fml.loading.moddiscovery.ModFileInfo) Found valid mod file lwjgl-shaderc-3.3.3.jar with {vulkan_shaderc} mods - versions {1.0}
[19:58:32] [ForkJoinPool.commonPool-worker-6/DEBUG] (net.neoforged.fml.loading.moddiscovery.ModFile) Loading mod file vulkan-libs\lwjgl-shaderc-3.3.3.jar with languages [LanguageSpec[languageName=lowcodefml, acceptedVersions=[4,)]]
[19:58:32] [ForkJoinPool.commonPool-worker-6/INFO] (net.neoforged.fml.loading.moddiscovery.ModDiscoverer) Found mod file "lwjgl-shaderc-3.3.3.jar" [locator: cn.ksmcbrigade.vulkan_core.services.VulkanModDiscover@72dc4153, reader: mod manifest]
[19:58:32] [ForkJoinPool.commonPool-worker-6/DEBUG] (net.neoforged.fml.loading.moddiscovery.readers.JarModsDotTomlModFileReader) Found META-INF/neoforge.mods.toml mod of type null: vulkan-libs\lwjgl-vma-3.3.3-natives-windows.jar
[19:58:32] [ForkJoinPool.commonPool-worker-6/DEBUG] (net.neoforged.fml.loading.moddiscovery.ModFileParser) Considering mod file candidate vulkan-libs\lwjgl-vma-3.3.3-natives-windows.jar
[19:58:32] [ForkJoinPool.commonPool-worker-6/DEBUG] (net.neoforged.fml.loading.moddiscovery.ModFileInfo) Found valid mod file lwjgl-vma-3.3.3-natives-windows.jar with {vma_windows} mods - versions {1.0}
[19:58:32] [ForkJoinPool.commonPool-worker-6/DEBUG] (net.neoforged.fml.loading.moddiscovery.ModFile) Loading mod file vulkan-libs\lwjgl-vma-3.3.3-natives-windows.jar with languages [LanguageSpec[languageName=lowcodefml, acceptedVersions=[4,)]]
[19:58:32] [ForkJoinPool.commonPool-worker-6/INFO] (net.neoforged.fml.loading.moddiscovery.ModDiscoverer) Found mod file "lwjgl-vma-3.3.3-natives-windows.jar" [locator: cn.ksmcbrigade.vulkan_core.services.VulkanModDiscover@72dc4153, reader: mod manifest]
[19:58:32] [ForkJoinPool.commonPool-worker-6/DEBUG] (net.neoforged.fml.loading.moddiscovery.readers.JarModsDotTomlModFileReader) Found META-INF/neoforge.mods.toml mod of type null: vulkan-libs\lwjgl-vma-3.3.3.jar
[19:58:32] [ForkJoinPool.commonPool-worker-6/DEBUG] (net.neoforged.fml.loading.moddiscovery.ModFileParser) Considering mod file candidate vulkan-libs\lwjgl-vma-3.3.3.jar
[19:58:32] [ForkJoinPool.commonPool-worker-6/DEBUG] (net.neoforged.fml.loading.moddiscovery.ModFileInfo) Found valid mod file lwjgl-vma-3.3.3.jar with {vma} mods - versions {1.0}
[19:58:32] [ForkJoinPool.commonPool-worker-6/DEBUG] (net.neoforged.fml.loading.moddiscovery.ModFile) Loading mod file vulkan-libs\lwjgl-vma-3.3.3.jar with languages [LanguageSpec[languageName=lowcodefml, acceptedVersions=[4,)]]
[19:58:32] [ForkJoinPool.commonPool-worker-6/INFO] (net.neoforged.fml.loading.moddiscovery.ModDiscoverer) Found mod file "lwjgl-vma-3.3.3.jar" [locator: cn.ksmcbrigade.vulkan_core.services.VulkanModDiscover@72dc4153, reader: mod manifest]
[19:58:32] [ForkJoinPool.commonPool-worker-6/DEBUG] (net.neoforged.fml.loading.moddiscovery.readers.JarModsDotTomlModFileReader) Found META-INF/neoforge.mods.toml mod of type null: vulkan-libs\lwjgl-vulkan-3.3.3.jar
[19:58:32] [ForkJoinPool.commonPool-worker-6/DEBUG] (net.neoforged.fml.loading.moddiscovery.ModFileParser) Considering mod file candidate vulkan-libs\lwjgl-vulkan-3.3.3.jar
[19:58:32] [ForkJoinPool.commonPool-worker-6/DEBUG] (net.neoforged.fml.loading.moddiscovery.ModFileInfo) Found valid mod file lwjgl-vulkan-3.3.3.jar with {vulkan_lwjgl} mods - versions {1.0}
[19:58:32] [ForkJoinPool.commonPool-worker-6/DEBUG] (net.neoforged.fml.loading.moddiscovery.ModFile) Loading mod file vulkan-libs\lwjgl-vulkan-3.3.3.jar with languages [LanguageSpec[languageName=lowcodefml, acceptedVersions=[4,)]]
[19:58:32] [ForkJoinPool.commonPool-worker-6/INFO] (net.neoforged.fml.loading.moddiscovery.ModDiscoverer) Found mod file "lwjgl-vulkan-3.3.3.jar" [locator: cn.ksmcbrigade.vulkan_core.services.VulkanModDiscover@72dc4153, reader: mod manifest]
[19:58:32] [ForkJoinPool.commonPool-worker-6/INFO] (cn.ksmcbrigade.vulkan_core.services.VulkanModDiscover) VulkanMod Library Discover loaded.
[19:58:32] [ForkJoinPool.commonPool-worker-6/DEBUG] (net.neoforged.fml.loading.moddiscovery.ModDiscoverer) Locator cn.ksmcbrigade.vulkan_core.services.VulkanModDiscover@72dc4153 found 5 mods, 0 warnings, 0 errors and skipped 0 candidates
[19:58:32] [ForkJoinPool.commonPool-worker-6/DEBUG] (net.neoforged.fml.loading.moddiscovery.ModDiscoverer) Successfully Loaded 10 mods. Attempting to load dependencies...
[19:58:32] [ForkJoinPool.commonPool-worker-6/DEBUG] (net.neoforged.fml.loading.moddiscovery.ModDiscoverer) Trying locator jarinjar
[19:58:32] [ForkJoinPool.commonPool-worker-6/DEBUG] (net.neoforged.fml.loading.moddiscovery.readers.JarModsDotTomlModFileReader) Found META-INF/MANIFEST.MF mod of type GAMELIBRARY: D:\VKN\vulkanmod-1.21.10-neoforge-only-template\run\.cache\jij\9c617719248f8b89847348fc7ea5e705739c147ae5e172551264d225bc9f2507\mixinextras-neoforge-0.5.0.jar
[19:58:32] [ForkJoinPool.commonPool-worker-6/DEBUG] (net.neoforged.fml.loading.moddiscovery.ModFile) Loading mod file D:\VKN\vulkanmod-1.21.10-neoforge-only-template\run\.cache\jij\9c617719248f8b89847348fc7ea5e705739c147ae5e172551264d225bc9f2507\mixinextras-neoforge-0.5.0.jar with languages []
[19:58:32] [ForkJoinPool.commonPool-worker-6/DEBUG] (net.neoforged.fml.loading.moddiscovery.readers.JarModsDotTomlModFileReader) Found META-INF/MANIFEST.MF mod of type LIBRARY: D:\VKN\vulkanmod-1.21.10-neoforge-only-template\run\.cache\jij\51629231fe2baaddd60d570ef06ada2b2f1fe8a34133e63afdd748b9ef93f9f1\net.neoforged.neoforge-coremods-21.10.50-beta.jar
[19:58:32] [ForkJoinPool.commonPool-worker-6/DEBUG] (net.neoforged.fml.loading.moddiscovery.ModFile) Loading mod file D:\VKN\vulkanmod-1.21.10-neoforge-only-template\run\.cache\jij\51629231fe2baaddd60d570ef06ada2b2f1fe8a34133e63afdd748b9ef93f9f1\net.neoforged.neoforge-coremods-21.10.50-beta.jar with languages []
[19:58:32] [ForkJoinPool.commonPool-worker-6/WARN] (net.neoforged.jarjar.selection.JarSelector) Attempted to select a dependency jar for JarJar which was passed in as source: library:mixinextras.neoforge. Using jar(D:\.gradle\caches\modules-2\files-2.1\io.github.llamalad7\mixinextras-neoforge\0.5.0\d734b83ce6542bb70ea31755c1595b88992dbe65\mixinextras-neoforge-0.5.0.jar)
[19:58:32] [ForkJoinPool.commonPool-worker-6/INFO] (net.neoforged.fml.loading.moddiscovery.locators.JarInJarDependencyLocator) Found 1 dependencies adding them to mods collection
[19:58:32] [ForkJoinPool.commonPool-worker-6/INFO] (net.neoforged.fml.loading.moddiscovery.ModDiscoverer) Found library file "net.neoforged.neoforge-coremods-21.10.50-beta.jar" [parent: neoforge-21.10.50-beta-minecraft-merged-cf2b3c8782-1.21.10-loom.mappings.1_21_10.layered+hash.40359-v2-neoforge-21.10.50-beta.jar, locator: jarinjar, reader: mod manifest]
[19:58:32] [ForkJoinPool.commonPool-worker-6/INFO] (net.neoforged.fml.loading.moddiscovery.ModDiscoverer) 
     Mod List:
		Name Version (Mod Id)

		LwjglVulkan 1.0 (vulkan_lwjgl)
		LwjglVulkanShaderc 1.0 (vulkan_shaderc)
		LwjglVulkanShadercWindows 1.0 (vulkan_shaderc_windows)
		Minecraft 1.21.10 (minecraft)
		MixinRuntime 1.0.1 (mr)
		NeoForge 21.10.50-beta (neoforge)
		NeoVulkanMod 0.6.5-dev (vulkanmod)
		VMA 1.0 (vma)
		VMAWindows 1.0 (vma_windows)
[19:58:32] [ForkJoinPool.commonPool-worker-6/DEBUG] (net.neoforged.fml.loading.ModSorter) Configured system mods: [minecraft, neoforge]
[19:58:32] [ForkJoinPool.commonPool-worker-6/DEBUG] (net.neoforged.fml.loading.ModSorter) Found system mod: minecraft
[19:58:32] [ForkJoinPool.commonPool-worker-6/DEBUG] (net.neoforged.fml.loading.ModSorter) Found system mod: neoforge
[19:58:32] [ForkJoinPool.commonPool-worker-6/DEBUG] (net.neoforged.fml.loading.ModSorter) Found 3 mod requirements (3 mandatory, 0 optional)
[19:58:32] [ForkJoinPool.commonPool-worker-6/DEBUG] (net.neoforged.fml.loading.ModSorter) Found 0 mod requirements missing (0 mandatory, 0 optional)
[19:58:33] [main/INFO] (mixin) SpongePowered MIXIN Subsystem Version=0.8.7 Source=file:/D:/.gradle/caches/modules-2/files-2.1/net.fabricmc/sponge-mixin/0.16.5+mixin.0.8.7/80fc3a9f592673cea87f4cd702f87991c6c9fe4d/sponge-mixin-0.16.5+mixin.0.8.7.jar Service=FML Env=CLIENT
[19:58:33] [main/DEBUG] (mixin) Initialising Mixin Platform Manager
[19:58:33] [main/DEBUG] (mixin) Adding mixin platform agents for container ContainerHandleVirtual(fml:18c85)
[19:58:33] [main/DEBUG] (mixin) Instancing new MixinPlatformAgentDefault for ContainerHandleVirtual(fml:18c85)
[19:58:33] [main/DEBUG] (mixin) MixinPlatformAgentDefault accepted container ContainerHandleVirtual(fml:18c85)
[19:58:33] [main/DEBUG] (mixin) Instancing new MixinPlatformAgentDefault for ContainerHandleVirtual(fml:18c85)
[19:58:33] [main/DEBUG] (mixin) MixinPlatformAgentDefault accepted container ContainerHandleVirtual(fml:18c85)
[19:58:33] [main/DEBUG] (mixin) Processing prepare() for PlatformAgent[MixinPlatformAgentDefault:ContainerHandleVirtual(fml:18c85)]
[19:58:33] [main/DEBUG] (mixin) Processing prepare() for PlatformAgent[MixinPlatformAgentDefault:ContainerHandleVirtual(fml:18c85)]
[19:58:33] [main/INFO] (net.neoforged.fml.loading.FMLLoader) Loading FML Plugins:
[19:58:33] [main/INFO] (net.neoforged.fml.loading.FMLLoader)  - .cache/jij/51629231fe2baaddd60d570ef06ada2b2f1fe8a34133e63afdd748b9ef93f9f1/net.neoforged.neoforge-coremods-21.10.50-beta.jar
[19:58:33] [main/DEBUG] (net.neoforged.fml.util.ServiceLoaderUtil) Found 2 implementations of IModLanguageLoader:
[19:58:33] [main/DEBUG] (net.neoforged.fml.util.ServiceLoaderUtil) 	net.neoforged.fml.javafmlmod.FMLJavaModLanguageProvider from D:/.gradle/caches/fabric-loom/forge/transformed-dependencies-v1/net/neoforged/fancymodloader/691fb50f520a1442ae5c3385ef06b1e55e9d782a2453de9df39a9d13ecffff10/loader/10.0.29/loader-10.0.29.jar
[19:58:33] [main/DEBUG] (net.neoforged.fml.util.ServiceLoaderUtil) 	net.neoforged.fml.mclanguageprovider.MinecraftModLanguageProvider from D:/.gradle/caches/fabric-loom/forge/transformed-dependencies-v1/net/neoforged/fancymodloader/691fb50f520a1442ae5c3385ef06b1e55e9d782a2453de9df39a9d13ecffff10/loader/10.0.29/loader-10.0.29.jar
[19:58:33] [main/DEBUG] (net.neoforged.fml.loading.LanguageProviderLoader) Found language provider javafml, version 10.0
[19:58:33] [main/DEBUG] (net.neoforged.fml.loading.LanguageProviderLoader) Found language provider minecraft, version 10.0
[19:58:33] [main/WARN] (net.neoforged.fml.loading.LanguageProviderLoader) Mod jar(vulkan-libs\lwjgl-shaderc-3.3.3.jar) is using the deprecated 'lowcodefml' language loader. This warning can be fixed by simply removing the modLoader and loaderVersion settings from neoforge.mods.toml.
[19:58:33] [main/WARN] (net.neoforged.fml.loading.LanguageProviderLoader) Mod jar(vulkan-libs\lwjgl-vma-3.3.3-natives-windows.jar) is using the deprecated 'lowcodefml' language loader. This warning can be fixed by simply removing the modLoader and loaderVersion settings from neoforge.mods.toml.
[19:58:33] [main/WARN] (net.neoforged.fml.loading.LanguageProviderLoader) Mod jar(vulkan-libs\lwjgl-vulkan-3.3.3.jar) is using the deprecated 'lowcodefml' language loader. This warning can be fixed by simply removing the modLoader and loaderVersion settings from neoforge.mods.toml.
[19:58:33] [main/WARN] (net.neoforged.fml.loading.LanguageProviderLoader) Mod jar(vulkan-libs\lwjgl-shaderc-3.3.3-natives-windows.jar) is using the deprecated 'lowcodefml' language loader. This warning can be fixed by simply removing the modLoader and loaderVersion settings from neoforge.mods.toml.
[19:58:33] [main/WARN] (net.neoforged.fml.loading.LanguageProviderLoader) Mod jar(vulkan-libs\lwjgl-vma-3.3.3.jar) is using the deprecated 'lowcodefml' language loader. This warning can be fixed by simply removing the modLoader and loaderVersion settings from neoforge.mods.toml.
[19:58:33] [main/DEBUG] (net.neoforged.fml.loading.FMLLoader) Adding Access Transformer META-INF/accesstransformer.cfg in composite(folder(D:\VKN\vulkanmod-1.21.10-neoforge-only-template\build\resources\main), folder(D:\VKN\vulkanmod-1.21.10-neoforge-only-template\build\classes\java\main))
[19:58:33] [main/DEBUG] (AXFORM) Loaded access transformer META-INF/accesstransformer.cfg
[19:58:33] [main/DEBUG] (net.neoforged.fml.loading.FMLLoader) Adding Access Transformer META-INF/accesstransformer.cfg in composite(filtered(jar(D:\VKN\vulkanmod-1.21.10-neoforge-only-template\.gradle\loom-cache\minecraftMaven\net\minecraft\neoforge-21.10.50-beta-minecraft-merged-cf2b3c8782\1.21.10-loom.mappings.1_21_10.layered+hash.40359-v2-neoforge-21.10.50-beta\neoforge-21.10.50-beta-minecraft-merged-cf2b3c8782-1.21.10-loom.mappings.1_21_10.layered+hash.40359-v2-neoforge-21.10.50-beta.jar)))
[19:58:33] [main/DEBUG] (AXFORM) Loaded access transformer META-INF/accesstransformer.cfg
[19:58:33] [main/DEBUG] (net.neoforged.fml.loading.FMLLoader) Adding Access Transformer META-INF/accesstransformergenerated.cfg in composite(filtered(jar(D:\VKN\vulkanmod-1.21.10-neoforge-only-template\.gradle\loom-cache\minecraftMaven\net\minecraft\neoforge-21.10.50-beta-minecraft-merged-cf2b3c8782\1.21.10-loom.mappings.1_21_10.layered+hash.40359-v2-neoforge-21.10.50-beta\neoforge-21.10.50-beta-minecraft-merged-cf2b3c8782-1.21.10-loom.mappings.1_21_10.layered+hash.40359-v2-neoforge-21.10.50-beta.jar)))
[19:58:33] [main/DEBUG] (AXFORM) Loaded access transformer META-INF/accesstransformergenerated.cfg
[19:58:33] [main/INFO] (unprotect) Initializing Unprotect using FancyModLoader backend, target: Minecraft and loader classes (minecraft+forge)
[19:58:33] [main/DEBUG] (net.neoforged.fml.util.ServiceLoaderUtil) Found 6 implementations of ClassProcessor:
[19:58:33] [main/DEBUG] (net.neoforged.fml.util.ServiceLoaderUtil) 	[built-in] net.neoforged.fml.common.asm.AccessTransformerService from D:/.gradle/caches/fabric-loom/forge/transformed-dependencies-v1/net/neoforged/fancymodloader/691fb50f520a1442ae5c3385ef06b1e55e9d782a2453de9df39a9d13ecffff10/loader/10.0.29/loader-10.0.29.jar
[19:58:33] [main/DEBUG] (net.neoforged.fml.util.ServiceLoaderUtil) 	[built-in] net.neoforged.fml.common.asm.enumextension.RuntimeEnumExtender from D:/.gradle/caches/fabric-loom/forge/transformed-dependencies-v1/net/neoforged/fancymodloader/691fb50f520a1442ae5c3385ef06b1e55e9d782a2453de9df39a9d13ecffff10/loader/10.0.29/loader-10.0.29.jar
[19:58:33] [main/DEBUG] (net.neoforged.fml.util.ServiceLoaderUtil) 	[built-in] net.neoforged.fml.common.asm.SimpleProcessorsGroup from D:/.gradle/caches/fabric-loom/forge/transformed-dependencies-v1/net/neoforged/fancymodloader/691fb50f520a1442ae5c3385ef06b1e55e9d782a2453de9df39a9d13ecffff10/loader/10.0.29/loader-10.0.29.jar
[19:58:33] [main/DEBUG] (net.neoforged.fml.util.ServiceLoaderUtil) 	[built-in] net.neoforged.fml.loading.moddiscovery.locators.NeoForgeDevDistCleaner from D:/.gradle/caches/fabric-loom/forge/transformed-dependencies-v1/net/neoforged/fancymodloader/691fb50f520a1442ae5c3385ef06b1e55e9d782a2453de9df39a9d13ecffff10/loader/10.0.29/loader-10.0.29.jar
[19:58:33] [main/DEBUG] (net.neoforged.fml.util.ServiceLoaderUtil) 	[built-in] net.neoforged.fml.loading.mixin.FMLMixinClassProcessor from D:/.gradle/caches/fabric-loom/forge/transformed-dependencies-v1/net/neoforged/fancymodloader/691fb50f520a1442ae5c3385ef06b1e55e9d782a2453de9df39a9d13ecffff10/loader/10.0.29/loader-10.0.29.jar
[19:58:33] [main/DEBUG] (net.neoforged.fml.util.ServiceLoaderUtil) 	juuxel.unprotect.fancymodloader10.UnprotectClassProcessor from D:/.gradle/caches/modules-2/files-2.1/io.github.juuxel/unprotect-fancymodloader10/2.0.2/96f3771ea4502dd18d3e8e11d43e303dfe6df1d2/unprotect-fancymodloader10-2.0.2.jar
[19:58:33] [main/DEBUG] (net.neoforged.fml.util.ServiceLoaderUtil) Found 1 implementations of ClassProcessorProvider:
[19:58:33] [main/DEBUG] (net.neoforged.fml.util.ServiceLoaderUtil) 	net.neoforged.neoforge.coremods.NeoForgeCoreMod from .cache/jij/51629231fe2baaddd60d570ef06ada2b2f1fe8a34133e63afdd748b9ef93f9f1/net.neoforged.neoforge-coremods-21.10.50-beta.jar
[19:58:33] [main/DEBUG] (net.neoforged.fml.loading.FMLLoader) Masking classpath elements: [D:/VKN/vulkanmod-1.21.10-neoforge-only-template/build/resources/main, D:/VKN/vulkanmod-1.21.10-neoforge-only-template/.gradle/loom-cache/remapped_mods/remapped/cn/ksmcbrigade/mr/mr-d73ba8eb/1.0.1/mr-d73ba8eb-1.0.1.jar, D:/VKN/vulkanmod-1.21.10-neoforge-only-template/build/classes/java/main, D:/.gradle/caches/fabric-loom/1.21.10/neoforge/21.10.50-beta/client-extra.jar, D:/.gradle/caches/modules-2/files-2.1/io.github.llamalad7/mixinextras-neoforge/0.5.0/d734b83ce6542bb70ea31755c1595b88992dbe65/mixinextras-neoforge-0.5.0.jar, D:/VKN/vulkanmod-1.21.10-neoforge-only-template/.gradle/loom-cache/minecraftMaven/net/minecraft/neoforge-21.10.50-beta-minecraft-merged-cf2b3c8782/1.21.10-loom.mappings.1_21_10.layered+hash.40359-v2-neoforge-21.10.50-beta/neoforge-21.10.50-beta-minecraft-merged-cf2b3c8782-1.21.10-loom.mappings.1_21_10.layered+hash.40359-v2-neoforge-21.10.50-beta.jar]
[19:58:33] [main/INFO] (net.neoforged.fml.loading.FMLLoader) Building game content classloader:
 - minecraft (composite(jar(D:\.gradle\caches\fabric-loom\1.21.10\neoforge\21.10.50-beta\client-extra.jar), filtered(jar(D:\VKN\vulkanmod-1.21.10-neoforge-only-template\.gradle\loom-cache\minecraftMaven\net\minecraft\neoforge-21.10.50-beta-minecraft-merged-cf2b3c8782\1.21.10-loom.mappings.1_21_10.layered+hash.40359-v2-neoforge-21.10.50-beta\neoforge-21.10.50-beta-minecraft-merged-cf2b3c8782-1.21.10-loom.mappings.1_21_10.layered+hash.40359-v2-neoforge-21.10.50-beta.jar))))
 - mixinextras.neoforge (jar(D:\.gradle\caches\modules-2\files-2.1\io.github.llamalad7\mixinextras-neoforge\0.5.0\d734b83ce6542bb70ea31755c1595b88992dbe65\mixinextras-neoforge-0.5.0.jar))
 - mr (jar(D:\VKN\vulkanmod-1.21.10-neoforge-only-template\.gradle\loom-cache\remapped_mods\remapped\cn\ksmcbrigade\mr\mr-d73ba8eb\1.0.1\mr-d73ba8eb-1.0.1.jar))
 - neoforge (composite(filtered(jar(D:\VKN\vulkanmod-1.21.10-neoforge-only-template\.gradle\loom-cache\minecraftMaven\net\minecraft\neoforge-21.10.50-beta-minecraft-merged-cf2b3c8782\1.21.10-loom.mappings.1_21_10.layered+hash.40359-v2-neoforge-21.10.50-beta\neoforge-21.10.50-beta-minecraft-merged-cf2b3c8782-1.21.10-loom.mappings.1_21_10.layered+hash.40359-v2-neoforge-21.10.50-beta.jar))))
 - net.neoforged.fml.generated (empty(VirtualJar\net.neoforged.fml.generated))
 - vma (jar(vulkan-libs\lwjgl-vma-3.3.3.jar))
 - vma_windows (jar(vulkan-libs\lwjgl-vma-3.3.3-natives-windows.jar))
 - vulkan_lwjgl (jar(vulkan-libs\lwjgl-vulkan-3.3.3.jar))
 - vulkan_shaderc (jar(vulkan-libs\lwjgl-shaderc-3.3.3.jar))
 - vulkan_shaderc_windows (jar(vulkan-libs\lwjgl-shaderc-3.3.3-natives-windows.jar))
 - vulkanmod (composite(folder(D:\VKN\vulkanmod-1.21.10-neoforge-only-template\build\resources\main), folder(D:\VKN\vulkanmod-1.21.10-neoforge-only-template\build\classes\java\main)))
[19:58:33] [main/INFO] (net.neoforged.fml.loading.FMLLoader) Built game content classloader in 68ms
[19:58:33] [main/DEBUG] (mixin) Processing launch tasks for PlatformAgent[MixinPlatformAgentDefault:ContainerHandleVirtual(fml:18c85)]
[19:58:33] [main/DEBUG] (mixin) Processing launch tasks for PlatformAgent[MixinPlatformAgentDefault:ContainerHandleVirtual(fml:18c85)]
[19:58:33] [main/DEBUG] (mixin) Adding agents for Mixin Container composite(filtered(jar(D:\VKN\vulkanmod-1.21.10-neoforge-only-template\.gradle\loom-cache\minecraftMaven\net\minecraft\neoforge-21.10.50-beta-minecraft-merged-cf2b3c8782\1.21.10-loom.mappings.1_21_10.layered+hash.40359-v2-neoforge-21.10.50-beta\neoforge-21.10.50-beta-minecraft-merged-cf2b3c8782-1.21.10-loom.mappings.1_21_10.layered+hash.40359-v2-neoforge-21.10.50-beta.jar))) > jar(D:\VKN\vulkanmod-1.21.10-neoforge-only-template\run\.cache\jij\51629231fe2baaddd60d570ef06ada2b2f1fe8a34133e63afdd748b9ef93f9f1\net.neoforged.neoforge-coremods-21.10.50-beta.jar)
[19:58:33] [main/DEBUG] (mixin) Adding mixin platform agents for container composite(filtered(jar(D:\VKN\vulkanmod-1.21.10-neoforge-only-template\.gradle\loom-cache\minecraftMaven\net\minecraft\neoforge-21.10.50-beta-minecraft-merged-cf2b3c8782\1.21.10-loom.mappings.1_21_10.layered+hash.40359-v2-neoforge-21.10.50-beta\neoforge-21.10.50-beta-minecraft-merged-cf2b3c8782-1.21.10-loom.mappings.1_21_10.layered+hash.40359-v2-neoforge-21.10.50-beta.jar))) > jar(D:\VKN\vulkanmod-1.21.10-neoforge-only-template\run\.cache\jij\51629231fe2baaddd60d570ef06ada2b2f1fe8a34133e63afdd748b9ef93f9f1\net.neoforged.neoforge-coremods-21.10.50-beta.jar)
[19:58:33] [main/DEBUG] (mixin) Instancing new MixinPlatformAgentDefault for composite(filtered(jar(D:\VKN\vulkanmod-1.21.10-neoforge-only-template\.gradle\loom-cache\minecraftMaven\net\minecraft\neoforge-21.10.50-beta-minecraft-merged-cf2b3c8782\1.21.10-loom.mappings.1_21_10.layered+hash.40359-v2-neoforge-21.10.50-beta\neoforge-21.10.50-beta-minecraft-merged-cf2b3c8782-1.21.10-loom.mappings.1_21_10.layered+hash.40359-v2-neoforge-21.10.50-beta.jar))) > jar(D:\VKN\vulkanmod-1.21.10-neoforge-only-template\run\.cache\jij\51629231fe2baaddd60d570ef06ada2b2f1fe8a34133e63afdd748b9ef93f9f1\net.neoforged.neoforge-coremods-21.10.50-beta.jar)
[19:58:33] [main/DEBUG] (mixin) MixinPlatformAgentDefault accepted container composite(filtered(jar(D:\VKN\vulkanmod-1.21.10-neoforge-only-template\.gradle\loom-cache\minecraftMaven\net\minecraft\neoforge-21.10.50-beta-minecraft-merged-cf2b3c8782\1.21.10-loom.mappings.1_21_10.layered+hash.40359-v2-neoforge-21.10.50-beta\neoforge-21.10.50-beta-minecraft-merged-cf2b3c8782-1.21.10-loom.mappings.1_21_10.layered+hash.40359-v2-neoforge-21.10.50-beta.jar))) > jar(D:\VKN\vulkanmod-1.21.10-neoforge-only-template\run\.cache\jij\51629231fe2baaddd60d570ef06ada2b2f1fe8a34133e63afdd748b9ef93f9f1\net.neoforged.neoforge-coremods-21.10.50-beta.jar)
[19:58:33] [main/DEBUG] (mixin) Instancing new MixinPlatformAgentDefault for composite(filtered(jar(D:\VKN\vulkanmod-1.21.10-neoforge-only-template\.gradle\loom-cache\minecraftMaven\net\minecraft\neoforge-21.10.50-beta-minecraft-merged-cf2b3c8782\1.21.10-loom.mappings.1_21_10.layered+hash.40359-v2-neoforge-21.10.50-beta\neoforge-21.10.50-beta-minecraft-merged-cf2b3c8782-1.21.10-loom.mappings.1_21_10.layered+hash.40359-v2-neoforge-21.10.50-beta.jar))) > jar(D:\VKN\vulkanmod-1.21.10-neoforge-only-template\run\.cache\jij\51629231fe2baaddd60d570ef06ada2b2f1fe8a34133e63afdd748b9ef93f9f1\net.neoforged.neoforge-coremods-21.10.50-beta.jar)
[19:58:33] [main/DEBUG] (mixin) MixinPlatformAgentDefault accepted container composite(filtered(jar(D:\VKN\vulkanmod-1.21.10-neoforge-only-template\.gradle\loom-cache\minecraftMaven\net\minecraft\neoforge-21.10.50-beta-minecraft-merged-cf2b3c8782\1.21.10-loom.mappings.1_21_10.layered+hash.40359-v2-neoforge-21.10.50-beta\neoforge-21.10.50-beta-minecraft-merged-cf2b3c8782-1.21.10-loom.mappings.1_21_10.layered+hash.40359-v2-neoforge-21.10.50-beta.jar))) > jar(D:\VKN\vulkanmod-1.21.10-neoforge-only-template\run\.cache\jij\51629231fe2baaddd60d570ef06ada2b2f1fe8a34133e63afdd748b9ef93f9f1\net.neoforged.neoforge-coremods-21.10.50-beta.jar)
[19:58:33] [main/DEBUG] (mixin) Processing prepare() for PlatformAgent[MixinPlatformAgentDefault:composite(filtered(jar(D:\VKN\vulkanmod-1.21.10-neoforge-only-template\.gradle\loom-cache\minecraftMaven\net\minecraft\neoforge-21.10.50-beta-minecraft-merged-cf2b3c8782\1.21.10-loom.mappings.1_21_10.layered+hash.40359-v2-neoforge-21.10.50-beta\neoforge-21.10.50-beta-minecraft-merged-cf2b3c8782-1.21.10-loom.mappings.1_21_10.layered+hash.40359-v2-neoforge-21.10.50-beta.jar))) > jar(D:\VKN\vulkanmod-1.21.10-neoforge-only-template\run\.cache\jij\51629231fe2baaddd60d570ef06ada2b2f1fe8a34133e63afdd748b9ef93f9f1\net.neoforged.neoforge-coremods-21.10.50-beta.jar)]
[19:58:33] [main/DEBUG] (mixin) Processing prepare() for PlatformAgent[MixinPlatformAgentDefault:composite(filtered(jar(D:\VKN\vulkanmod-1.21.10-neoforge-only-template\.gradle\loom-cache\minecraftMaven\net\minecraft\neoforge-21.10.50-beta-minecraft-merged-cf2b3c8782\1.21.10-loom.mappings.1_21_10.layered+hash.40359-v2-neoforge-21.10.50-beta\neoforge-21.10.50-beta-minecraft-merged-cf2b3c8782-1.21.10-loom.mappings.1_21_10.layered+hash.40359-v2-neoforge-21.10.50-beta.jar))) > jar(D:\VKN\vulkanmod-1.21.10-neoforge-only-template\run\.cache\jij\51629231fe2baaddd60d570ef06ada2b2f1fe8a34133e63afdd748b9ef93f9f1\net.neoforged.neoforge-coremods-21.10.50-beta.jar)]
[19:58:33] [main/DEBUG] (mixin) Adding agents for Mixin Container jar(D:\.gradle\caches\modules-2\files-2.1\io.github.llamalad7\mixinextras-neoforge\0.5.0\d734b83ce6542bb70ea31755c1595b88992dbe65\mixinextras-neoforge-0.5.0.jar)
[19:58:33] [main/DEBUG] (mixin) Adding mixin platform agents for container jar(D:\.gradle\caches\modules-2\files-2.1\io.github.llamalad7\mixinextras-neoforge\0.5.0\d734b83ce6542bb70ea31755c1595b88992dbe65\mixinextras-neoforge-0.5.0.jar)
[19:58:33] [main/DEBUG] (mixin) Instancing new MixinPlatformAgentDefault for jar(D:\.gradle\caches\modules-2\files-2.1\io.github.llamalad7\mixinextras-neoforge\0.5.0\d734b83ce6542bb70ea31755c1595b88992dbe65\mixinextras-neoforge-0.5.0.jar)
[19:58:33] [main/DEBUG] (mixin) MixinPlatformAgentDefault accepted container jar(D:\.gradle\caches\modules-2\files-2.1\io.github.llamalad7\mixinextras-neoforge\0.5.0\d734b83ce6542bb70ea31755c1595b88992dbe65\mixinextras-neoforge-0.5.0.jar)
[19:58:33] [main/DEBUG] (mixin) Instancing new MixinPlatformAgentDefault for jar(D:\.gradle\caches\modules-2\files-2.1\io.github.llamalad7\mixinextras-neoforge\0.5.0\d734b83ce6542bb70ea31755c1595b88992dbe65\mixinextras-neoforge-0.5.0.jar)
[19:58:33] [main/DEBUG] (mixin) MixinPlatformAgentDefault accepted container jar(D:\.gradle\caches\modules-2\files-2.1\io.github.llamalad7\mixinextras-neoforge\0.5.0\d734b83ce6542bb70ea31755c1595b88992dbe65\mixinextras-neoforge-0.5.0.jar)
[19:58:33] [main/DEBUG] (mixin) Processing prepare() for PlatformAgent[MixinPlatformAgentDefault:jar(D:\.gradle\caches\modules-2\files-2.1\io.github.llamalad7\mixinextras-neoforge\0.5.0\d734b83ce6542bb70ea31755c1595b88992dbe65\mixinextras-neoforge-0.5.0.jar)]
[19:58:33] [main/DEBUG] (mixin) Registering mixin config: mixinextras.init.mixins.json source=jar(D:\.gradle\caches\modules-2\files-2.1\io.github.llamalad7\mixinextras-neoforge\0.5.0\d734b83ce6542bb70ea31755c1595b88992dbe65\mixinextras-neoforge-0.5.0.jar)
[19:58:33] [main/DEBUG] (mixin) Processing prepare() for PlatformAgent[MixinPlatformAgentDefault:jar(D:\.gradle\caches\modules-2\files-2.1\io.github.llamalad7\mixinextras-neoforge\0.5.0\d734b83ce6542bb70ea31755c1595b88992dbe65\mixinextras-neoforge-0.5.0.jar)]
[19:58:33] [main/DEBUG] (mixin) Registering mixin config: mixinextras.init.mixins.json source=jar(D:\.gradle\caches\modules-2\files-2.1\io.github.llamalad7\mixinextras-neoforge\0.5.0\d734b83ce6542bb70ea31755c1595b88992dbe65\mixinextras-neoforge-0.5.0.jar)
[19:58:33] [main/DEBUG] (mixin) inject() running with 3 agents
[19:58:33] [main/DEBUG] (mixin) Processing inject() for PlatformAgent[MixinPlatformAgentDefault:ContainerHandleVirtual(fml:18c85)]
[19:58:33] [main/DEBUG] (mixin) Processing inject() for PlatformAgent[MixinPlatformAgentDefault:ContainerHandleVirtual(fml:18c85)]
[19:58:33] [main/DEBUG] (mixin) Processing inject() for PlatformAgent[MixinPlatformAgentDefault:composite(filtered(jar(D:\VKN\vulkanmod-1.21.10-neoforge-only-template\.gradle\loom-cache\minecraftMaven\net\minecraft\neoforge-21.10.50-beta-minecraft-merged-cf2b3c8782\1.21.10-loom.mappings.1_21_10.layered+hash.40359-v2-neoforge-21.10.50-beta\neoforge-21.10.50-beta-minecraft-merged-cf2b3c8782-1.21.10-loom.mappings.1_21_10.layered+hash.40359-v2-neoforge-21.10.50-beta.jar))) > jar(D:\VKN\vulkanmod-1.21.10-neoforge-only-template\run\.cache\jij\51629231fe2baaddd60d570ef06ada2b2f1fe8a34133e63afdd748b9ef93f9f1\net.neoforged.neoforge-coremods-21.10.50-beta.jar)]
[19:58:33] [main/DEBUG] (mixin) Processing inject() for PlatformAgent[MixinPlatformAgentDefault:composite(filtered(jar(D:\VKN\vulkanmod-1.21.10-neoforge-only-template\.gradle\loom-cache\minecraftMaven\net\minecraft\neoforge-21.10.50-beta-minecraft-merged-cf2b3c8782\1.21.10-loom.mappings.1_21_10.layered+hash.40359-v2-neoforge-21.10.50-beta\neoforge-21.10.50-beta-minecraft-merged-cf2b3c8782-1.21.10-loom.mappings.1_21_10.layered+hash.40359-v2-neoforge-21.10.50-beta.jar))) > jar(D:\VKN\vulkanmod-1.21.10-neoforge-only-template\run\.cache\jij\51629231fe2baaddd60d570ef06ada2b2f1fe8a34133e63afdd748b9ef93f9f1\net.neoforged.neoforge-coremods-21.10.50-beta.jar)]
[19:58:33] [main/DEBUG] (mixin) Processing inject() for PlatformAgent[MixinPlatformAgentDefault:jar(D:\.gradle\caches\modules-2\files-2.1\io.github.llamalad7\mixinextras-neoforge\0.5.0\d734b83ce6542bb70ea31755c1595b88992dbe65\mixinextras-neoforge-0.5.0.jar)]
[19:58:33] [main/DEBUG] (mixin) Processing inject() for PlatformAgent[MixinPlatformAgentDefault:jar(D:\.gradle\caches\modules-2\files-2.1\io.github.llamalad7\mixinextras-neoforge\0.5.0\d734b83ce6542bb70ea31755c1595b88992dbe65\mixinextras-neoforge-0.5.0.jar)]
[19:58:34] [main/DEBUG] (mixin) Preparing mixins for MixinEnvironment[DEFAULT]
[19:58:34] [main/DEBUG] (mixin) Selecting config vulkanmod.mixins.json
[19:58:34] [main/DEBUG] (mixin) Selecting config mr.mixins.json
[19:58:34] [main/INFO] (unprotect) Found 9922 Minecraft classes
[19:58:34] [main/INFO] (cn.ksmcbrigade.mr.MixinRuntimeMod) MixinRuntimePlugin Loading...
[19:58:34] [main/INFO] (cn.ksmcbrigade.mr.MixinRuntimeMod) Opening modules...
[19:58:34] [main/INFO] (mixin.agent) Redefining class net/neoforged/fml/classloading/ModuleClassLoader
[19:58:34] [main/INFO] (mixin.agent) Redefining class org/spongepowered/asm/service/modlauncher/ModLauncherClassTracker
[19:58:34] [main/INFO] (mixin.agent) Redefining class net/neoforged/fml/loading/mixin/FMLClassTracker
[19:58:34] [main/INFO] (mixin.agent) Redefining class org/spongepowered/asm/mixin/transformer/MixinProcessor
[19:58:34] [main/DEBUG] (cn.ksmcbrigade.mr.MixinRuntimeMod) Transformers: [org.spongepowered.tools.agent.MixinAgent$Transformer@14f5da2c, cn.ksmcbrigade.mr.transformers.debug.ModuleClassLoaderTransformer@12dae582, cn.ksmcbrigade.mr.transformers.ModLauncherClassTrackerTransformer@239b0f9d, cn.ksmcbrigade.mr.transformers.FMLClassTrackerTransformer@619bfe29, cn.ksmcbrigade.mr.transformers.MixinProcessorTransformer@5b057c8c]
[19:58:34] [main/INFO] (cn.ksmcbrigade.mr.MixinRuntimeMod) MixinRuntimePlugin Loaded.
[19:58:34] [main/ERROR] (mixin) Invalid REFMAP JSON in : org.spongepowered.include.com.google.gson.JsonSyntaxException java.lang.IllegalStateException: Expected BEGIN_OBJECT but was STRING at line 1 column 1
[19:58:34] [main/WARN] (mixin) Reference map '' for mr.mixins.json could not be read. If this is a development environment you can ignore this message
[19:58:34] [main/DEBUG] (mixin) Selecting config neoforge.mixins.json
[19:58:34] [main/DEBUG] (mixin) Selecting config mixinextras.init.mixins.json
[19:58:34] [main/DEBUG] (MixinExtras|Service) com.llamalad7.mixinextras.service.MixinExtrasServiceImpl(version=0.5.0) is taking over from null
[19:58:35] [main/DEBUG] (mixin) Registering new injector for @Inject with org.spongepowered.asm.mixin.injection.struct.CallbackInjectionInfo
[19:58:35] [main/DEBUG] (mixin) Registering new injector for @ModifyArg with org.spongepowered.asm.mixin.injection.struct.ModifyArgInjectionInfo
[19:58:35] [main/DEBUG] (mixin) Registering new injector for @ModifyArgs with org.spongepowered.asm.mixin.injection.struct.ModifyArgsInjectionInfo
[19:58:35] [main/DEBUG] (mixin) Registering new injector for @Redirect with org.spongepowered.asm.mixin.injection.struct.RedirectInjectionInfo
[19:58:35] [main/DEBUG] (mixin) Registering new injector for @ModifyVariable with org.spongepowered.asm.mixin.injection.struct.ModifyVariableInjectionInfo
[19:58:35] [main/DEBUG] (mixin) Registering new injector for @ModifyConstant with org.spongepowered.asm.mixin.injection.struct.ModifyConstantInjectionInfo
[19:58:35] [main/DEBUG] (mixin) Preparing vulkanmod.mixins.json (0)
[19:58:35] [main/DEBUG] (mixin) Preparing mr.mixins.json (1)
[19:58:35] [main/DEBUG] (mixin) Preparing neoforge.mixins.json (2)
[19:58:35] [main/DEBUG] (net.neoforged.accesstransformer.AccessTransformer) Transforming net.minecraft.world.level.block.entity.BlockEntityType INNERCLASS BlockEntitySupplier PUBLIC LEAVE META-INF/accesstransformer.cfg:234 to access PUBLIC and LEAVE
[19:58:35] [main/DEBUG] (net.neoforged.accesstransformer.AccessTransformer) Transforming net.minecraft.world.level.block.entity.BlockEntityType METHOD <init>(Lnet/minecraft/world/level/block/entity/BlockEntityType$BlockEntitySupplier;Ljava/util/Set;)V PUBLIC LEAVE META-INF/accesstransformer.cfg:233 to access PUBLIC and LEAVE
[19:58:35] [main/DEBUG] (mixin) Preparing mixinextras.init.mixins.json (0)
[19:58:35] [main/DEBUG] (mixin) Prepared 3 mixins in 1.290 sec (430.0ms avg) (0ms load, 0ms transform, 0ms plugin)
[19:58:35] [main/DEBUG] (net.neoforged.accesstransformer.AccessTransformer) Transforming net.minecraft.client.gui.screens.LoadingOverlay FIELD fadeOutStart PROTECTED LEAVE META-INF/accesstransformer.cfg:18 to access PROTECTED and LEAVE
[19:58:35] [main/DEBUG] (net.neoforged.accesstransformer.AccessTransformer) Transforming net.minecraft.resources.ResourceLocation METHOD validNamespaceChar(C)Z PUBLIC LEAVE META-INF/accesstransformer.cfg:141 to access PUBLIC and LEAVE
[19:58:36] [main/DEBUG] (io.netty.util.internal.logging.InternalLoggerFactory) Using SLF4J as the default logging framework
[19:58:36] [main/DEBUG] (io.netty.util.ResourceLeakDetector) -Dio.netty.leakDetection.level: simple
[19:58:36] [main/DEBUG] (io.netty.util.ResourceLeakDetector) -Dio.netty.leakDetection.targetRecords: 4
[19:58:36] [main/DEBUG] (net.neoforged.accesstransformer.AccessTransformer) Transforming net.minecraft.util.datafix.fixes.StructuresBecomeConfiguredFix INNERCLASS Conversion PUBLIC LEAVE META-INF/accesstransformer.cfg:163 to access PUBLIC and LEAVE
[19:58:37] [main/DEBUG] (net.neoforged.accesstransformer.AccessTransformer) Transforming net.minecraft.util.datafix.fixes.StructuresBecomeConfiguredFix$Conversion CLASS PUBLIC LEAVE META-INF/accesstransformer.cfg:163 to access PUBLIC and LEAVE
[19:58:37] [main/DEBUG] (net.neoforged.accesstransformer.AccessTransformer) Transforming net.minecraft.util.datafix.fixes.StructuresBecomeConfiguredFix$Conversion METHOD <init>(Ljava/util/Map;Ljava/lang/String;)V PUBLIC LEAVE META-INF/accesstransformer.cfg:164 to access PUBLIC and LEAVE
[19:58:38] [Datafixer Bootstrap/INFO] (com.mojang.datafixers.DataFixerBuilder) 281 Datafixer optimizations took 780 milliseconds
[19:58:39] [pool-14-thread-1/INFO] (MixinExtras|Service) Initializing MixinExtras via com.llamalad7.mixinextras.service.MixinExtrasServiceImpl(version=0.5.0).
[19:58:39] [pool-14-thread-1/DEBUG] (mixin) Registering new injector for @SugarWrapper with com.llamalad7.mixinextras.sugar.impl.SugarWrapperInjectionInfo
[19:58:39] [pool-14-thread-1/DEBUG] (mixin) Registering new injector for @FactoryRedirectWrapper with com.llamalad7.mixinextras.wrapper.factory.FactoryRedirectWrapperInjectionInfo
[19:58:39] [pool-14-thread-1/DEBUG] (mixin) Registering new injector for @ExpressionInjectorWrapper with com.llamalad7.mixinextras.expression.impl.wrapper.ExpressionInjectorWrapperInjectionInfo
[19:58:39] [pool-14-thread-1/DEBUG] (mixin) Mixing MappedRegistryAccessor from neoforge.mixins.json into net.minecraft.core.MappedRegistry
[19:58:39] [pool-14-thread-1/DEBUG] (net.neoforged.accesstransformer.AccessTransformer) Transforming net.minecraft.world.effect.MobEffect INNERCLASS AttributeTemplate PUBLIC LEAVE META-INF/accesstransformer.cfg:177 to access PUBLIC and LEAVE
[19:58:39] [pool-14-thread-1/DEBUG] (net.neoforged.accesstransformer.AccessTransformer) Transforming net.minecraft.world.item.CreativeModeTabs FIELD BUILDING_BLOCKS PUBLIC LEAVE META-INF/accesstransformergenerated.cfg:318 to access PUBLIC and LEAVE
[19:58:39] [pool-14-thread-1/DEBUG] (net.neoforged.accesstransformer.AccessTransformer) Transforming net.minecraft.world.item.CreativeModeTabs FIELD COLORED_BLOCKS PUBLIC LEAVE META-INF/accesstransformergenerated.cfg:319 to access PUBLIC and LEAVE
[19:58:39] [pool-14-thread-1/DEBUG] (net.neoforged.accesstransformer.AccessTransformer) Transforming net.minecraft.world.item.CreativeModeTabs FIELD NATURAL_BLOCKS PUBLIC LEAVE META-INF/accesstransformergenerated.cfg:326 to access PUBLIC and LEAVE
[19:58:39] [pool-14-thread-1/DEBUG] (net.neoforged.accesstransformer.AccessTransformer) Transforming net.minecraft.world.item.CreativeModeTabs FIELD FUNCTIONAL_BLOCKS PUBLIC LEAVE META-INF/accesstransformergenerated.cfg:322 to access PUBLIC and LEAVE
[19:58:39] [pool-14-thread-1/DEBUG] (net.neoforged.accesstransformer.AccessTransformer) Transforming net.minecraft.world.item.CreativeModeTabs FIELD REDSTONE_BLOCKS PUBLIC LEAVE META-INF/accesstransformergenerated.cfg:328 to access PUBLIC and LEAVE
[19:58:39] [pool-14-thread-1/DEBUG] (net.neoforged.accesstransformer.AccessTransformer) Transforming net.minecraft.world.item.CreativeModeTabs FIELD HOTBAR PUBLIC LEAVE META-INF/accesstransformergenerated.cfg:323 to access PUBLIC and LEAVE
[19:58:39] [pool-14-thread-1/DEBUG] (net.neoforged.accesstransformer.AccessTransformer) Transforming net.minecraft.world.item.CreativeModeTabs FIELD SEARCH PUBLIC LEAVE META-INF/accesstransformergenerated.cfg:329 to access PUBLIC and LEAVE
[19:58:39] [pool-14-thread-1/DEBUG] (net.neoforged.accesstransformer.AccessTransformer) Transforming net.minecraft.world.item.CreativeModeTabs FIELD TOOLS_AND_UTILITIES PUBLIC LEAVE META-INF/accesstransformergenerated.cfg:331 to access PUBLIC and LEAVE
[19:58:39] [pool-14-thread-1/DEBUG] (net.neoforged.accesstransformer.AccessTransformer) Transforming net.minecraft.world.item.CreativeModeTabs FIELD COMBAT PUBLIC LEAVE META-INF/accesstransformergenerated.cfg:320 to access PUBLIC and LEAVE
[19:58:39] [pool-14-thread-1/DEBUG] (net.neoforged.accesstransformer.AccessTransformer) Transforming net.minecraft.world.item.CreativeModeTabs FIELD FOOD_AND_DRINKS PUBLIC LEAVE META-INF/accesstransformergenerated.cfg:321 to access PUBLIC and LEAVE
[19:58:39] [pool-14-thread-1/DEBUG] (net.neoforged.accesstransformer.AccessTransformer) Transforming net.minecraft.world.item.CreativeModeTabs FIELD INGREDIENTS PUBLIC LEAVE META-INF/accesstransformergenerated.cfg:324 to access PUBLIC and LEAVE
[19:58:39] [pool-14-thread-1/DEBUG] (net.neoforged.accesstransformer.AccessTransformer) Transforming net.minecraft.world.item.CreativeModeTabs FIELD SPAWN_EGGS PUBLIC LEAVE META-INF/accesstransformergenerated.cfg:330 to access PUBLIC and LEAVE
[19:58:39] [pool-14-thread-1/DEBUG] (net.neoforged.accesstransformer.AccessTransformer) Transforming net.minecraft.world.item.CreativeModeTabs FIELD OP_BLOCKS PUBLIC LEAVE META-INF/accesstransformergenerated.cfg:327 to access PUBLIC and LEAVE
[19:58:39] [pool-14-thread-1/DEBUG] (net.neoforged.accesstransformer.AccessTransformer) Transforming net.minecraft.world.item.CreativeModeTabs FIELD INVENTORY PUBLIC LEAVE META-INF/accesstransformergenerated.cfg:325 to access PUBLIC and LEAVE
[19:58:39] [pool-14-thread-1/DEBUG] (net.neoforged.accesstransformer.AccessTransformer) Transforming net.minecraft.world.item.CreativeModeTab INNERCLASS TabVisibility PUBLIC LEAVE META-INF/accesstransformer.cfg:196 to access PUBLIC and LEAVE
[19:58:39] [pool-14-thread-1/DEBUG] (net.neoforged.accesstransformer.AccessTransformer) Transforming net.minecraft.advancements.CriteriaTriggers METHOD register(Ljava/lang/String;Lnet/minecraft/advancements/CriterionTrigger;)Lnet/minecraft/advancements/CriterionTrigger; PUBLIC LEAVE META-INF/accesstransformer.cfg:2 to access PUBLIC and LEAVE
[19:58:39] [pool-14-thread-1/DEBUG] (net.neoforged.accesstransformer.AccessTransformer) Transforming net.minecraft.world.level.block.FireBlock METHOD getBurnOdds(Lnet/minecraft/world/level/block/state/BlockState;)I PUBLIC LEAVE META-INF/accesstransformer.cfg:228 to access PUBLIC and LEAVE
[19:58:39] [pool-14-thread-1/DEBUG] (net.neoforged.accesstransformer.AccessTransformer) Transforming net.minecraft.world.level.block.FireBlock METHOD getIgniteOdds(Lnet/minecraft/world/level/block/state/BlockState;)I PUBLIC LEAVE META-INF/accesstransformer.cfg:229 to access PUBLIC and LEAVE
[19:58:39] [pool-14-thread-1/DEBUG] (net.neoforged.accesstransformer.AccessTransformer) Transforming net.minecraft.world.level.block.Block METHOD popExperience(Lnet/minecraft/server/level/ServerLevel;Lnet/minecraft/core/BlockPos;I)V PUBLIC LEAVE META-INF/accesstransformer.cfg:223 to access PUBLIC and LEAVE
[19:58:39] [pool-14-thread-1/DEBUG] (net.neoforged.accesstransformer.AccessTransformer) Transforming net.minecraft.world.level.block.state.BlockBehaviour METHOD propertiesCodec()Lcom/mojang/serialization/codecs/RecordCodecBuilder; PUBLIC LEAVE META-INF/accesstransformer.cfg:237 to access PUBLIC and LEAVE
[19:58:39] [pool-14-thread-1/DEBUG] (net.neoforged.accesstransformer.AccessTransformer) Transforming net.minecraft.world.entity.Entity FIELD ENTITY_COUNTER PROTECTED LEAVE META-INF/accesstransformer.cfg:178 to access PROTECTED and LEAVE
[19:58:39] [pool-14-thread-1/DEBUG] (net.neoforged.accesstransformer.AccessTransformer) Transforming net.minecraft.world.entity.Entity METHOD getEncodeId()Ljava/lang/String; PUBLIC LEAVE META-INF/accesstransformer.cfg:179 to access PUBLIC and LEAVE
[19:58:39] [pool-14-thread-1/DEBUG] (net.neoforged.accesstransformer.AccessTransformer) Transforming net.minecraft.world.entity.LivingEntity METHOD getHitbox()Lnet/minecraft/world/phys/AABB; PUBLIC LEAVE META-INF/accesstransformer.cfg:182 to access PUBLIC and LEAVE
[19:58:39] [pool-14-thread-1/DEBUG] (net.neoforged.accesstransformer.AccessTransformer) Transforming net.minecraft.world.entity.LivingEntity METHOD getCurrentSwingDuration()I PUBLIC LEAVE META-INF/accesstransformer.cfg:181 to access PUBLIC and LEAVE
[19:58:39] [pool-14-thread-1/DEBUG] (net.neoforged.accesstransformer.AccessTransformer) Transforming net.minecraft.world.entity.player.Player METHOD closeContainer()V PUBLIC LEAVE META-INF/accesstransformer.cfg:187 to access PUBLIC and LEAVE
[19:58:39] [pool-14-thread-1/DEBUG] (net.neoforged.accesstransformer.AccessTransformer) Transforming net.minecraft.world.level.Level FIELD oRainLevel PUBLIC LEAVE META-INF/accesstransformer.cfg:210 to access PUBLIC and LEAVE
[19:58:39] [pool-14-thread-1/DEBUG] (net.neoforged.accesstransformer.AccessTransformer) Transforming net.minecraft.world.level.Level FIELD rainLevel PUBLIC LEAVE META-INF/accesstransformer.cfg:211 to access PUBLIC and LEAVE
[19:58:39] [pool-14-thread-1/DEBUG] (net.neoforged.accesstransformer.AccessTransformer) Transforming net.minecraft.world.level.Level FIELD oThunderLevel PUBLIC LEAVE META-INF/accesstransformer.cfg:212 to access PUBLIC and LEAVE
[19:58:39] [pool-14-thread-1/DEBUG] (net.neoforged.accesstransformer.AccessTransformer) Transforming net.minecraft.world.level.Level FIELD thunderLevel PUBLIC LEAVE META-INF/accesstransformer.cfg:213 to access PUBLIC and LEAVE
[19:58:39] [pool-14-thread-1/DEBUG] (net.neoforged.accesstransformer.AccessTransformer) Transforming net.minecraft.server.level.ServerLevel METHOD getEntities()Lnet/minecraft/world/level/entity/LevelEntityGetter; PUBLIC LEAVE META-INF/accesstransformer.cfg:148 to access PUBLIC and LEAVE
[19:58:39] [pool-14-thread-1/DEBUG] (net.neoforged.accesstransformer.AccessTransformer) Transforming net.minecraft.core.IdMapper FIELD nextId PROTECTED LEAVE META-INF/accesstransformer.cfg:99 to access PROTECTED and LEAVE
[19:58:39] [pool-14-thread-1/DEBUG] (net.neoforged.accesstransformer.AccessTransformer) Transforming net.minecraft.core.IdMapper FIELD tToId PROTECTED LEAVE META-INF/accesstransformer.cfg:100 to access PROTECTED and LEAVE
[19:58:39] [pool-14-thread-1/DEBUG] (net.neoforged.accesstransformer.AccessTransformer) Transforming net.minecraft.core.IdMapper FIELD idToT PROTECTED LEAVE META-INF/accesstransformer.cfg:101 to access PROTECTED and LEAVE
[19:58:39] [pool-14-thread-1/DEBUG] (net.neoforged.accesstransformer.AccessTransformer) Transforming net.minecraft.world.level.block.BaseEntityBlock METHOD <init>(Lnet/minecraft/world/level/block/state/BlockBehaviour$Properties;)V PUBLIC LEAVE META-INF/accesstransformergenerated.cfg:85 to access PUBLIC and LEAVE
[19:58:39] [pool-14-thread-1/DEBUG] (net.neoforged.accesstransformer.AccessTransformer) Transforming net.minecraft.world.level.block.PipeBlock METHOD <init>(FLnet/minecraft/world/level/block/state/BlockBehaviour$Properties;)V PUBLIC LEAVE META-INF/accesstransformergenerated.cfg:146 to access PUBLIC and LEAVE
[19:58:39] [pool-14-thread-1/DEBUG] (net.neoforged.accesstransformer.AccessTransformer) Transforming net.minecraft.world.level.block.Blocks METHOD never(Lnet/minecraft/world/level/block/state/BlockState;Lnet/minecraft/world/level/BlockGetter;Lnet/minecraft/core/BlockPos;Lnet/minecraft/world/entity/EntityType;)Ljava/lang/Boolean; PUBLIC LEAVE META-INF/accesstransformer.cfg:225 to access PUBLIC and LEAVE
[19:58:39] [pool-14-thread-1/DEBUG] (net.neoforged.accesstransformer.AccessTransformer) Transforming net.minecraft.world.level.block.Blocks METHOD always(Lnet/minecraft/world/level/block/state/BlockState;Lnet/minecraft/world/level/BlockGetter;Lnet/minecraft/core/BlockPos;Lnet/minecraft/world/entity/EntityType;)Ljava/lang/Boolean; PUBLIC LEAVE META-INF/accesstransformer.cfg:224 to access PUBLIC and LEAVE
[19:58:39] [pool-14-thread-1/DEBUG] (net.neoforged.accesstransformer.AccessTransformer) Transforming net.minecraft.world.level.block.Blocks METHOD ocelotOrParrot(Lnet/minecraft/world/level/block/state/BlockState;Lnet/minecraft/world/level/BlockGetter;Lnet/minecraft/core/BlockPos;Lnet/minecraft/world/entity/EntityType;)Ljava/lang/Boolean; PUBLIC LEAVE META-INF/accesstransformer.cfg:226 to access PUBLIC and LEAVE
[19:58:39] [pool-14-thread-1/DEBUG] (net.neoforged.accesstransformer.AccessTransformer) Transforming net.minecraft.world.level.block.SaplingBlock METHOD <init>(Lnet/minecraft/world/level/block/grower/TreeGrower;Lnet/minecraft/world/level/block/state/BlockBehaviour$Properties;)V PUBLIC LEAVE META-INF/accesstransformergenerated.cfg:158 to access PUBLIC and LEAVE
[19:58:39] [pool-14-thread-1/DEBUG] (net.neoforged.accesstransformer.AccessTransformer) Transforming net.minecraft.world.level.block.VegetationBlock METHOD <init>(Lnet/minecraft/world/level/block/state/BlockBehaviour$Properties;)V PUBLIC LEAVE META-INF/accesstransformergenerated.cfg:182 to access PUBLIC and LEAVE
[19:58:39] [pool-14-thread-1/DEBUG] (net.neoforged.accesstransformer.AccessTransformer) Transforming net.minecraft.world.level.block.ChestBlock METHOD <init>(Ljava/util/function/Supplier;Lnet/minecraft/sounds/SoundEvent;Lnet/minecraft/sounds/SoundEvent;Lnet/minecraft/world/level/block/state/BlockBehaviour$Properties;)V PUBLIC LEAVE META-INF/accesstransformergenerated.cfg:99 to access PUBLIC and LEAVE
[19:58:39] [pool-14-thread-1/DEBUG] (net.neoforged.accesstransformer.AccessTransformer) Transforming net.minecraft.world.level.block.AbstractChestBlock METHOD <init>(Lnet/minecraft/world/level/block/state/BlockBehaviour$Properties;Ljava/util/function/Supplier;)V PUBLIC LEAVE META-INF/accesstransformergenerated.cfg:76 to access PUBLIC and LEAVE
[19:58:39] [pool-14-thread-1/DEBUG] (net.neoforged.accesstransformer.AccessTransformer) Transforming net.minecraft.world.level.block.WeatheringLightningRodBlock METHOD <init>(Lnet/minecraft/world/level/block/WeatheringCopper$WeatherState;Lnet/minecraft/world/level/block/state/BlockBehaviour$Properties;)V PUBLIC LEAVE META-INF/accesstransformergenerated.cfg:193 to access PUBLIC and LEAVE
[19:58:39] [pool-14-thread-1/DEBUG] (net.neoforged.accesstransformer.AccessTransformer) Transforming net.minecraft.world.level.block.RodBlock METHOD <init>(Lnet/minecraft/world/level/block/state/BlockBehaviour$Properties;)V PUBLIC LEAVE META-INF/accesstransformergenerated.cfg:156 to access PUBLIC and LEAVE
[19:58:39] [pool-14-thread-1/DEBUG] (net.neoforged.accesstransformer.AccessTransformer) Transforming net.minecraft.world.level.block.DirectionalBlock METHOD <init>(Lnet/minecraft/world/level/block/state/BlockBehaviour$Properties;)V PUBLIC LEAVE META-INF/accesstransformergenerated.cfg:111 to access PUBLIC and LEAVE
[19:58:39] [pool-14-thread-1/DEBUG] (net.neoforged.accesstransformer.AccessTransformer) Transforming net.minecraft.world.level.block.HorizontalDirectionalBlock METHOD <init>(Lnet/minecraft/world/level/block/state/BlockBehaviour$Properties;)V PUBLIC LEAVE META-INF/accesstransformergenerated.cfg:132 to access PUBLIC and LEAVE
[19:58:39] [pool-14-thread-1/DEBUG] (net.neoforged.accesstransformer.AccessTransformer) Transforming net.minecraft.world.level.block.StairBlock METHOD <init>(Lnet/minecraft/world/level/block/state/BlockState;Lnet/minecraft/world/level/block/state/BlockBehaviour$Properties;)V PUBLIC LEAVE META-INF/accesstransformergenerated.cfg:172 to access PUBLIC and LEAVE
[19:58:39] [pool-14-thread-1/DEBUG] (net.neoforged.accesstransformer.AccessTransformer) Transforming net.minecraft.world.level.block.AbstractBannerBlock METHOD <init>(Lnet/minecraft/world/item/DyeColor;Lnet/minecraft/world/level/block/state/BlockBehaviour$Properties;)V PUBLIC LEAVE META-INF/accesstransformergenerated.cfg:74 to access PUBLIC and LEAVE
[19:58:39] [pool-14-thread-1/DEBUG] (net.neoforged.accesstransformer.AccessTransformer) Transforming net.minecraft.world.level.block.DoorBlock METHOD <init>(Lnet/minecraft/world/level/block/state/properties/BlockSetType;Lnet/minecraft/world/level/block/state/BlockBehaviour$Properties;)V PUBLIC LEAVE META-INF/accesstransformergenerated.cfg:114 to access PUBLIC and LEAVE
[19:58:39] [pool-14-thread-1/DEBUG] (net.neoforged.accesstransformer.AccessTransformer) Transforming net.minecraft.world.level.block.ChorusFlowerBlock METHOD <init>(Lnet/minecraft/world/level/block/Block;Lnet/minecraft/world/level/block/state/BlockBehaviour$Properties;)V PUBLIC LEAVE META-INF/accesstransformergenerated.cfg:100 to access PUBLIC and LEAVE
[19:58:39] [pool-14-thread-1/DEBUG] (net.neoforged.accesstransformer.AccessTransformer) Transforming net.minecraft.world.level.block.IronBarsBlock METHOD <init>(Lnet/minecraft/world/level/block/state/BlockBehaviour$Properties;)V PUBLIC LEAVE META-INF/accesstransformergenerated.cfg:133 to access PUBLIC and LEAVE
[19:58:39] [pool-14-thread-1/DEBUG] (net.neoforged.accesstransformer.AccessTransformer) Transforming net.minecraft.world.level.block.CrossCollisionBlock METHOD <init>(FFFFFLnet/minecraft/world/level/block/state/BlockBehaviour$Properties;)V PUBLIC LEAVE META-INF/accesstransformergenerated.cfg:108 to access PUBLIC and LEAVE
[19:58:39] [pool-14-thread-1/DEBUG] (net.neoforged.accesstransformer.AccessTransformer) Transforming net.minecraft.world.level.block.WoolCarpetBlock METHOD <init>(Lnet/minecraft/world/item/DyeColor;Lnet/minecraft/world/level/block/state/BlockBehaviour$Properties;)V PUBLIC LEAVE META-INF/accesstransformergenerated.cfg:198 to access PUBLIC and LEAVE
[19:58:39] [pool-14-thread-1/DEBUG] (net.neoforged.accesstransformer.AccessTransformer) Transforming net.minecraft.world.level.block.WallSkullBlock METHOD <init>(Lnet/minecraft/world/level/block/SkullBlock$Type;Lnet/minecraft/world/level/block/state/BlockBehaviour$Properties;)V PUBLIC LEAVE META-INF/accesstransformergenerated.cfg:183 to access PUBLIC and LEAVE
[19:58:39] [pool-14-thread-1/DEBUG] (net.neoforged.accesstransformer.AccessTransformer) Transforming net.minecraft.world.level.block.ButtonBlock METHOD <init>(Lnet/minecraft/world/level/block/state/properties/BlockSetType;ILnet/minecraft/world/level/block/state/BlockBehaviour$Properties;)V PUBLIC LEAVE META-INF/accesstransformergenerated.cfg:93 to access PUBLIC and LEAVE
[19:58:39] [pool-14-thread-1/DEBUG] (net.neoforged.accesstransformer.AccessTransformer) Transforming net.minecraft.world.level.block.FaceAttachedHorizontalDirectionalBlock METHOD <init>(Lnet/minecraft/world/level/block/state/BlockBehaviour$Properties;)V PUBLIC LEAVE META-INF/accesstransformergenerated.cfg:121 to access PUBLIC and LEAVE
[19:58:39] [pool-14-thread-1/DEBUG] (net.neoforged.accesstransformer.AccessTransformer) Transforming net.minecraft.world.level.block.TrapDoorBlock METHOD <init>(Lnet/minecraft/world/level/block/state/properties/BlockSetType;Lnet/minecraft/world/level/block/state/BlockBehaviour$Properties;)V PUBLIC LEAVE META-INF/accesstransformergenerated.cfg:181 to access PUBLIC and LEAVE
[19:58:39] [pool-14-thread-1/DEBUG] (net.neoforged.accesstransformer.AccessTransformer) Transforming net.minecraft.world.level.block.SkullBlock METHOD <init>(Lnet/minecraft/world/level/block/SkullBlock$Type;Lnet/minecraft/world/level/block/state/BlockBehaviour$Properties;)V PUBLIC LEAVE META-INF/accesstransformergenerated.cfg:164 to access PUBLIC and LEAVE
[19:58:39] [pool-14-thread-1/DEBUG] (net.neoforged.accesstransformer.AccessTransformer) Transforming net.minecraft.world.level.block.WeightedPressurePlateBlock METHOD <init>(ILnet/minecraft/world/level/block/state/properties/BlockSetType;Lnet/minecraft/world/level/block/state/BlockBehaviour$Properties;)V PUBLIC LEAVE META-INF/accesstransformergenerated.cfg:194 to access PUBLIC and LEAVE
[19:58:39] [pool-14-thread-1/DEBUG] (net.neoforged.accesstransformer.AccessTransformer) Transforming net.minecraft.world.level.block.BasePressurePlateBlock METHOD <init>(Lnet/minecraft/world/level/block/state/BlockBehaviour$Properties;Lnet/minecraft/world/level/block/state/properties/BlockSetType;)V PUBLIC LEAVE META-INF/accesstransformergenerated.cfg:86 to access PUBLIC and LEAVE
[19:58:39] [pool-14-thread-1/DEBUG] (net.neoforged.accesstransformer.AccessTransformer) Transforming net.minecraft.world.level.block.TransparentBlock METHOD <init>(Lnet/minecraft/world/level/block/state/BlockBehaviour$Properties;)V PUBLIC LEAVE META-INF/accesstransformergenerated.cfg:180 to access PUBLIC and LEAVE
[19:58:39] [pool-14-thread-1/DEBUG] (net.neoforged.accesstransformer.AccessTransformer) Transforming net.minecraft.world.level.block.HalfTransparentBlock METHOD <init>(Lnet/minecraft/world/level/block/state/BlockBehaviour$Properties;)V PUBLIC LEAVE META-INF/accesstransformergenerated.cfg:130 to access PUBLIC and LEAVE
[19:58:39] [pool-14-thread-1/DEBUG] (net.neoforged.accesstransformer.AccessTransformer) Transforming net.minecraft.world.level.block.CandleCakeBlock METHOD <init>(Lnet/minecraft/world/level/block/Block;Lnet/minecraft/world/level/block/state/BlockBehaviour$Properties;)V PUBLIC LEAVE META-INF/accesstransformergenerated.cfg:96 to access PUBLIC and LEAVE
[19:58:39] [pool-14-thread-1/DEBUG] (net.neoforged.accesstransformer.AccessTransformer) Transforming net.minecraft.world.level.block.AbstractCandleBlock METHOD <init>(Lnet/minecraft/world/level/block/state/BlockBehaviour$Properties;)V PUBLIC LEAVE META-INF/accesstransformergenerated.cfg:75 to access PUBLIC and LEAVE
[19:58:39] [pool-14-thread-1/DEBUG] (net.neoforged.accesstransformer.AccessTransformer) Transforming net.minecraft.world.level.block.PressurePlateBlock METHOD <init>(Lnet/minecraft/world/level/block/state/properties/BlockSetType;Lnet/minecraft/world/level/block/state/BlockBehaviour$Properties;)V PUBLIC LEAVE META-INF/accesstransformergenerated.cfg:150 to access PUBLIC and LEAVE
[19:58:39] [pool-14-thread-1/DEBUG] (net.neoforged.accesstransformer.AccessTransformer) Transforming net.minecraft.world.level.block.SignBlock METHOD <init>(Lnet/minecraft/world/level/block/state/properties/WoodType;Lnet/minecraft/world/level/block/state/BlockBehaviour$Properties;)V PUBLIC LEAVE META-INF/accesstransformergenerated.cfg:163 to access PUBLIC and LEAVE
[19:58:39] [pool-14-thread-1/DEBUG] (net.neoforged.accesstransformer.AccessTransformer) Transforming net.minecraft.world.level.block.WeatheringCopperDoorBlock METHOD <init>(Lnet/minecraft/world/level/block/state/properties/BlockSetType;Lnet/minecraft/world/level/block/WeatheringCopper$WeatherState;Lnet/minecraft/world/level/block/state/BlockBehaviour$Properties;)V PUBLIC LEAVE META-INF/accesstransformergenerated.cfg:189 to access PUBLIC and LEAVE
[19:58:39] [pool-14-thread-1/DEBUG] (net.neoforged.accesstransformer.AccessTransformer) Transforming net.minecraft.world.level.block.WeatheringCopperGrateBlock METHOD <init>(Lnet/minecraft/world/level/block/WeatheringCopper$WeatherState;Lnet/minecraft/world/level/block/state/BlockBehaviour$Properties;)V PUBLIC LEAVE META-INF/accesstransformergenerated.cfg:190 to access PUBLIC and LEAVE
[19:58:39] [pool-14-thread-1/DEBUG] (net.neoforged.accesstransformer.AccessTransformer) Transforming net.minecraft.world.level.block.WaterloggedTransparentBlock METHOD <init>(Lnet/minecraft/world/level/block/state/BlockBehaviour$Properties;)V PUBLIC LEAVE META-INF/accesstransformergenerated.cfg:186 to access PUBLIC and LEAVE
[19:58:39] [pool-14-thread-1/DEBUG] (net.neoforged.accesstransformer.AccessTransformer) Transforming net.minecraft.world.level.block.WeatheringCopperTrapDoorBlock METHOD <init>(Lnet/minecraft/world/level/block/state/properties/BlockSetType;Lnet/minecraft/world/level/block/WeatheringCopper$WeatherState;Lnet/minecraft/world/level/block/state/BlockBehaviour$Properties;)V PUBLIC LEAVE META-INF/accesstransformergenerated.cfg:191 to access PUBLIC and LEAVE
[19:58:39] [pool-14-thread-1/DEBUG] (net.neoforged.accesstransformer.AccessTransformer) Transforming net.minecraft.world.level.block.AttachedStemBlock METHOD <init>(Lnet/minecraft/resources/ResourceKey;Lnet/minecraft/resources/ResourceKey;Lnet/minecraft/resources/ResourceKey;Lnet/minecraft/world/level/block/state/BlockBehaviour$Properties;)V PUBLIC LEAVE META-INF/accesstransformergenerated.cfg:78 to access PUBLIC and LEAVE
[19:58:39] [pool-14-thread-1/DEBUG] (net.neoforged.accesstransformer.AccessTransformer) Transforming net.minecraft.world.level.block.StemBlock METHOD <init>(Lnet/minecraft/resources/ResourceKey;Lnet/minecraft/resources/ResourceKey;Lnet/minecraft/resources/ResourceKey;Lnet/minecraft/world/level/block/state/BlockBehaviour$Properties;)V PUBLIC LEAVE META-INF/accesstransformergenerated.cfg:173 to access PUBLIC and LEAVE
[19:58:39] [pool-14-thread-1/DEBUG] (net.neoforged.accesstransformer.AccessTransformer) Transforming net.minecraft.world.level.block.LiquidBlock FIELD fluid PUBLIC LEAVE META-INF/accesstransformer.cfg:230 to access PUBLIC and LEAVE
[19:58:39] [pool-14-thread-1/DEBUG] (net.neoforged.accesstransformer.AccessTransformer) Transforming net.minecraft.world.level.block.LiquidBlock METHOD <init>(Lnet/minecraft/world/level/material/FlowingFluid;Lnet/minecraft/world/level/block/state/BlockBehaviour$Properties;)V PUBLIC LEAVE META-INF/accesstransformergenerated.cfg:141 to access PUBLIC and LEAVE
[19:58:39] [pool-14-thread-1/DEBUG] (net.neoforged.accesstransformer.AccessTransformer) Transforming net.minecraft.world.level.block.WallTorchBlock METHOD <init>(Lnet/minecraft/core/particles/SimpleParticleType;Lnet/minecraft/world/level/block/state/BlockBehaviour$Properties;)V PUBLIC LEAVE META-INF/accesstransformergenerated.cfg:184 to access PUBLIC and LEAVE
[19:58:39] [pool-14-thread-1/DEBUG] (net.neoforged.accesstransformer.AccessTransformer) Transforming net.minecraft.world.level.block.TorchBlock METHOD <init>(Lnet/minecraft/core/particles/SimpleParticleType;Lnet/minecraft/world/level/block/state/BlockBehaviour$Properties;)V PUBLIC LEAVE META-INF/accesstransformergenerated.cfg:179 to access PUBLIC and LEAVE
[19:58:39] [pool-14-thread-1/DEBUG] (net.neoforged.accesstransformer.AccessTransformer) Transforming net.minecraft.world.level.block.BaseTorchBlock METHOD <init>(Lnet/minecraft/world/level/block/state/BlockBehaviour$Properties;)V PUBLIC LEAVE META-INF/accesstransformergenerated.cfg:88 to access PUBLIC and LEAVE
[19:58:39] [pool-14-thread-1/DEBUG] (net.neoforged.accesstransformer.AccessTransformer) Transforming net.minecraft.world.level.block.PoweredRailBlock METHOD <init>(Lnet/minecraft/world/level/block/state/BlockBehaviour$Properties;)V PUBLIC LEAVE META-INF/accesstransformergenerated.cfg:149 to access PUBLIC and LEAVE
[19:58:39] [pool-14-thread-1/DEBUG] (net.neoforged.accesstransformer.AccessTransformer) Transforming net.minecraft.world.level.block.BaseRailBlock METHOD <init>(ZLnet/minecraft/world/level/block/state/BlockBehaviour$Properties;)V PUBLIC LEAVE META-INF/accesstransformergenerated.cfg:87 to access PUBLIC and LEAVE
[19:58:39] [pool-14-thread-1/DEBUG] (net.neoforged.accesstransformer.AccessTransformer) Transforming net.minecraft.world.level.block.CoralFanBlock METHOD <init>(Lnet/minecraft/world/level/block/Block;Lnet/minecraft/world/level/block/state/BlockBehaviour$Properties;)V PUBLIC LEAVE META-INF/accesstransformergenerated.cfg:102 to access PUBLIC and LEAVE
[19:58:39] [pool-14-thread-1/DEBUG] (net.neoforged.accesstransformer.AccessTransformer) Transforming net.minecraft.world.level.block.BaseCoralFanBlock METHOD <init>(Lnet/minecraft/world/level/block/state/BlockBehaviour$Properties;)V PUBLIC LEAVE META-INF/accesstransformergenerated.cfg:81 to access PUBLIC and LEAVE
[19:58:39] [pool-14-thread-1/DEBUG] (net.neoforged.accesstransformer.AccessTransformer) Transforming net.minecraft.world.level.block.BaseCoralPlantTypeBlock METHOD <init>(Lnet/minecraft/world/level/block/state/BlockBehaviour$Properties;)V PUBLIC LEAVE META-INF/accesstransformergenerated.cfg:83 to access PUBLIC and LEAVE
[19:58:39] [pool-14-thread-1/DEBUG] (net.neoforged.accesstransformer.AccessTransformer) Transforming net.minecraft.world.level.block.FungusBlock METHOD <init>(Lnet/minecraft/resources/ResourceKey;Lnet/minecraft/world/level/block/Block;Lnet/minecraft/world/level/block/state/BlockBehaviour$Properties;)V PUBLIC LEAVE META-INF/accesstransformergenerated.cfg:124 to access PUBLIC and LEAVE
[19:58:39] [pool-14-thread-1/DEBUG] (net.neoforged.accesstransformer.AccessTransformer) Transforming net.minecraft.world.level.block.CoralWallFanBlock METHOD <init>(Lnet/minecraft/world/level/block/Block;Lnet/minecraft/world/level/block/state/BlockBehaviour$Properties;)V PUBLIC LEAVE META-INF/accesstransformergenerated.cfg:104 to access PUBLIC and LEAVE
[19:58:39] [pool-14-thread-1/DEBUG] (net.neoforged.accesstransformer.AccessTransformer) Transforming net.minecraft.world.level.block.BaseCoralWallFanBlock METHOD <init>(Lnet/minecraft/world/level/block/state/BlockBehaviour$Properties;)V PUBLIC LEAVE META-INF/accesstransformergenerated.cfg:84 to access PUBLIC and LEAVE
[19:58:39] [pool-14-thread-1/DEBUG] (net.neoforged.accesstransformer.AccessTransformer) Transforming net.minecraft.world.level.block.CoralPlantBlock METHOD <init>(Lnet/minecraft/world/level/block/Block;Lnet/minecraft/world/level/block/state/BlockBehaviour$Properties;)V PUBLIC LEAVE META-INF/accesstransformergenerated.cfg:103 to access PUBLIC and LEAVE
[19:58:40] [pool-14-thread-1/DEBUG] (net.neoforged.accesstransformer.AccessTransformer) Transforming net.minecraft.world.level.block.SpreadingSnowyDirtBlock METHOD <init>(Lnet/minecraft/world/level/block/state/BlockBehaviour$Properties;)V PUBLIC LEAVE META-INF/accesstransformergenerated.cfg:171 to access PUBLIC and LEAVE
[19:58:40] [pool-14-thread-1/DEBUG] (net.neoforged.accesstransformer.AccessTransformer) Transforming net.minecraft.world.level.block.SnowyDirtBlock METHOD <init>(Lnet/minecraft/world/level/block/state/BlockBehaviour$Properties;)V PUBLIC LEAVE META-INF/accesstransformergenerated.cfg:168 to access PUBLIC and LEAVE
[19:58:40] [pool-14-thread-1/DEBUG] (net.neoforged.accesstransformer.AccessTransformer) Transforming net.minecraft.world.level.block.MangroveRootsBlock METHOD <init>(Lnet/minecraft/world/level/block/state/BlockBehaviour$Properties;)V PUBLIC LEAVE META-INF/accesstransformergenerated.cfg:143 to access PUBLIC and LEAVE
[19:58:40] [pool-14-thread-1/DEBUG] (net.neoforged.accesstransformer.AccessTransformer) Transforming net.minecraft.core.particles.SimpleParticleType METHOD <init>(Z)V PUBLIC LEAVE META-INF/accesstransformer.cfg:102 to access PUBLIC and LEAVE
[19:58:40] [pool-14-thread-1/DEBUG] (net.neoforged.accesstransformer.AccessTransformer) Transforming net.minecraft.world.level.block.SpongeBlock METHOD <init>(Lnet/minecraft/world/level/block/state/BlockBehaviour$Properties;)V PUBLIC LEAVE META-INF/accesstransformergenerated.cfg:170 to access PUBLIC and LEAVE
[19:58:40] [pool-14-thread-1/DEBUG] (net.neoforged.accesstransformer.AccessTransformer) Transforming net.minecraft.world.level.block.WetSpongeBlock METHOD <init>(Lnet/minecraft/world/level/block/state/BlockBehaviour$Properties;)V PUBLIC LEAVE META-INF/accesstransformergenerated.cfg:195 to access PUBLIC and LEAVE
[19:58:40] [pool-14-thread-1/DEBUG] (net.neoforged.accesstransformer.AccessTransformer) Transforming net.minecraft.world.level.block.DispenserBlock METHOD <init>(Lnet/minecraft/world/level/block/state/BlockBehaviour$Properties;)V PUBLIC LEAVE META-INF/accesstransformergenerated.cfg:113 to access PUBLIC and LEAVE
[19:58:40] [pool-14-thread-1/DEBUG] (net.neoforged.accesstransformer.AccessTransformer) Transforming net.minecraft.world.level.block.TallGrassBlock METHOD <init>(Lnet/minecraft/world/level/block/state/BlockBehaviour$Properties;)V PUBLIC LEAVE META-INF/accesstransformergenerated.cfg:178 to access PUBLIC and LEAVE
[19:58:40] [pool-14-thread-1/DEBUG] (net.neoforged.accesstransformer.AccessTransformer) Transforming net.minecraft.world.level.block.DryVegetationBlock METHOD <init>(Lnet/minecraft/world/level/block/state/BlockBehaviour$Properties;)V PUBLIC LEAVE META-INF/accesstransformergenerated.cfg:115 to access PUBLIC and LEAVE
[19:58:40] [pool-14-thread-1/DEBUG] (net.neoforged.accesstransformer.AccessTransformer) Transforming net.minecraft.world.level.block.BushBlock METHOD <init>(Lnet/minecraft/world/level/block/state/BlockBehaviour$Properties;)V PUBLIC LEAVE META-INF/accesstransformergenerated.cfg:92 to access PUBLIC and LEAVE
[19:58:40] [pool-14-thread-1/DEBUG] (net.neoforged.accesstransformer.AccessTransformer) Transforming net.minecraft.world.level.block.ShortDryGrassBlock METHOD <init>(Lnet/minecraft/world/level/block/state/BlockBehaviour$Properties;)V PUBLIC LEAVE META-INF/accesstransformergenerated.cfg:162 to access PUBLIC and LEAVE
[19:58:40] [pool-14-thread-1/DEBUG] (net.neoforged.accesstransformer.AccessTransformer) Transforming net.minecraft.world.level.block.TallDryGrassBlock METHOD <init>(Lnet/minecraft/world/level/block/state/BlockBehaviour$Properties;)V PUBLIC LEAVE META-INF/accesstransformergenerated.cfg:177 to access PUBLIC and LEAVE
[19:58:40] [pool-14-thread-1/DEBUG] (net.neoforged.accesstransformer.AccessTransformer) Transforming net.minecraft.world.level.block.SeagrassBlock METHOD <init>(Lnet/minecraft/world/level/block/state/BlockBehaviour$Properties;)V PUBLIC LEAVE META-INF/accesstransformergenerated.cfg:161 to access PUBLIC and LEAVE
[19:58:40] [pool-14-thread-1/DEBUG] (net.neoforged.accesstransformer.AccessTransformer) Transforming net.minecraft.world.effect.MobEffect$AttributeTemplate CLASS PUBLIC LEAVE META-INF/accesstransformer.cfg:177 to access PUBLIC and LEAVE
[19:58:40] [pool-14-thread-1/DEBUG] (net.neoforged.accesstransformer.AccessTransformer) Transforming net.minecraft.world.effect.MobEffect$AttributeTemplate METHOD <init>(Lnet/minecraft/resources/ResourceLocation;DLnet/minecraft/world/entity/ai/attributes/AttributeModifier$Operation;)V PUBLIC LEAVE META-INF/accesstransformer.cfg:176 to access PUBLIC and LEAVE
[19:58:40] [pool-14-thread-1/DEBUG] (net.neoforged.accesstransformer.AccessTransformer) Transforming net.minecraft.world.entity.Mob FIELD goalSelector PUBLIC LEAVE META-INF/accesstransformer.cfg:183 to access PUBLIC and LEAVE
[19:58:40] [pool-14-thread-1/DEBUG] (net.neoforged.accesstransformer.AccessTransformer) Transforming net.minecraft.world.entity.Mob FIELD targetSelector PUBLIC LEAVE META-INF/accesstransformer.cfg:184 to access PUBLIC and LEAVE
[19:58:40] [pool-14-thread-1/DEBUG] (net.neoforged.accesstransformer.AccessTransformer) Transforming net.minecraft.world.entity.item.PrimedTnt METHOD explode()V PROTECTED LEAVE META-INF/accesstransformer.cfg:186 to access PROTECTED and LEAVE
[19:58:40] [pool-14-thread-1/DEBUG] (net.neoforged.accesstransformer.AccessTransformer) Transforming net.minecraft.world.level.block.SpawnerBlock METHOD <init>(Lnet/minecraft/world/level/block/state/BlockBehaviour$Properties;)V PUBLIC LEAVE META-INF/accesstransformergenerated.cfg:169 to access PUBLIC and LEAVE
[19:58:40] [pool-14-thread-1/DEBUG] (net.neoforged.accesstransformer.AccessTransformer) Transforming net.minecraft.world.level.block.CreakingHeartBlock METHOD <init>(Lnet/minecraft/world/level/block/state/BlockBehaviour$Properties;)V PUBLIC LEAVE META-INF/accesstransformergenerated.cfg:106 to access PUBLIC and LEAVE
[19:58:40] [pool-14-thread-1/DEBUG] (net.neoforged.accesstransformer.AccessTransformer) Transforming net.minecraft.world.level.block.entity.BlockEntityType INNERCLASS BlockEntitySupplier PUBLIC LEAVE META-INF/accesstransformer.cfg:234 to access PUBLIC and LEAVE
[19:58:40] [pool-14-thread-1/DEBUG] (net.neoforged.accesstransformer.AccessTransformer) Transforming net.minecraft.world.level.block.entity.BlockEntityType METHOD <init>(Lnet/minecraft/world/level/block/entity/BlockEntityType$BlockEntitySupplier;Ljava/util/Set;)V PUBLIC LEAVE META-INF/accesstransformer.cfg:233 to access PUBLIC and LEAVE
[19:58:40] [pool-14-thread-1/DEBUG] (mixin) Mixing BlockEntityTypeAccessor from neoforge.mixins.json into net.minecraft.world.level.block.entity.BlockEntityType
[19:58:40] [pool-14-thread-1/DEBUG] (net.neoforged.accesstransformer.AccessTransformer) Transforming net.minecraft.world.level.block.CraftingTableBlock METHOD <init>(Lnet/minecraft/world/level/block/state/BlockBehaviour$Properties;)V PUBLIC LEAVE META-INF/accesstransformergenerated.cfg:105 to access PUBLIC and LEAVE
[19:58:40] [pool-14-thread-1/DEBUG] (net.neoforged.accesstransformer.AccessTransformer) Transforming net.minecraft.world.level.block.CropBlock METHOD <init>(Lnet/minecraft/world/level/block/state/BlockBehaviour$Properties;)V PUBLIC LEAVE META-INF/accesstransformergenerated.cfg:107 to access PUBLIC and LEAVE
[19:58:40] [pool-14-thread-1/DEBUG] (net.neoforged.accesstransformer.AccessTransformer) Transforming net.minecraft.world.level.block.CropBlock METHOD hasSufficientLight(Lnet/minecraft/world/level/LevelReader;Lnet/minecraft/core/BlockPos;)Z PUBLIC LEAVE META-INF/accesstransformer.cfg:227 to access PUBLIC and LEAVE
[19:58:40] [pool-14-thread-1/DEBUG] (net.neoforged.accesstransformer.AccessTransformer) Transforming net.minecraft.world.level.block.FarmBlock METHOD <init>(Lnet/minecraft/world/level/block/state/BlockBehaviour$Properties;)V PUBLIC LEAVE META-INF/accesstransformergenerated.cfg:122 to access PUBLIC and LEAVE
[19:58:40] [pool-14-thread-1/DEBUG] (net.neoforged.accesstransformer.AccessTransformer) Transforming net.minecraft.world.level.block.FurnaceBlock METHOD <init>(Lnet/minecraft/world/level/block/state/BlockBehaviour$Properties;)V PUBLIC LEAVE META-INF/accesstransformergenerated.cfg:125 to access PUBLIC and LEAVE
[19:58:40] [pool-14-thread-1/DEBUG] (net.neoforged.accesstransformer.AccessTransformer) Transforming net.minecraft.world.level.block.AbstractFurnaceBlock METHOD <init>(Lnet/minecraft/world/level/block/state/BlockBehaviour$Properties;)V PUBLIC LEAVE META-INF/accesstransformergenerated.cfg:77 to access PUBLIC and LEAVE
[19:58:40] [pool-14-thread-1/DEBUG] (net.neoforged.accesstransformer.AccessTransformer) Transforming net.minecraft.world.level.block.state.properties.WoodType METHOD register(Lnet/minecraft/world/level/block/state/properties/WoodType;)Lnet/minecraft/world/level/block/state/properties/WoodType; PUBLIC LEAVE META-INF/accesstransformer.cfg:239 to access PUBLIC and LEAVE
[19:58:40] [pool-14-thread-1/DEBUG] (net.neoforged.accesstransformer.AccessTransformer) Transforming net.minecraft.world.level.block.state.properties.BlockSetType METHOD register(Lnet/minecraft/world/level/block/state/properties/BlockSetType;)Lnet/minecraft/world/level/block/state/properties/BlockSetType; PUBLIC LEAVE META-INF/accesstransformer.cfg:238 to access PUBLIC and LEAVE
[19:58:40] [pool-14-thread-1/DEBUG] (net.neoforged.accesstransformer.AccessTransformer) Transforming net.minecraft.world.level.block.LadderBlock METHOD <init>(Lnet/minecraft/world/level/block/state/BlockBehaviour$Properties;)V PUBLIC LEAVE META-INF/accesstransformergenerated.cfg:138 to access PUBLIC and LEAVE
[19:58:40] [pool-14-thread-1/DEBUG] (net.neoforged.accesstransformer.AccessTransformer) Transforming net.minecraft.world.level.block.RailBlock METHOD <init>(Lnet/minecraft/world/level/block/state/BlockBehaviour$Properties;)V PUBLIC LEAVE META-INF/accesstransformergenerated.cfg:152 to access PUBLIC and LEAVE
[19:58:40] [pool-14-thread-1/DEBUG] (net.neoforged.accesstransformer.AccessTransformer) Transforming net.minecraft.world.level.block.LeverBlock METHOD <init>(Lnet/minecraft/world/level/block/state/BlockBehaviour$Properties;)V PUBLIC LEAVE META-INF/accesstransformergenerated.cfg:140 to access PUBLIC and LEAVE
[19:58:40] [pool-14-thread-1/DEBUG] (net.neoforged.accesstransformer.AccessTransformer) Transforming net.minecraft.world.level.block.RedstoneTorchBlock METHOD <init>(Lnet/minecraft/world/level/block/state/BlockBehaviour$Properties;)V PUBLIC LEAVE META-INF/accesstransformergenerated.cfg:153 to access PUBLIC and LEAVE
[19:58:40] [pool-14-thread-1/DEBUG] (net.neoforged.accesstransformer.AccessTransformer) Transforming net.minecraft.world.level.block.RedstoneWallTorchBlock METHOD <init>(Lnet/minecraft/world/level/block/state/BlockBehaviour$Properties;)V PUBLIC LEAVE META-INF/accesstransformergenerated.cfg:154 to access PUBLIC and LEAVE
[19:58:40] [pool-14-thread-1/DEBUG] (net.neoforged.accesstransformer.AccessTransformer) Transforming net.minecraft.world.entity.projectile.Projectile METHOD <init>(Lnet/minecraft/world/entity/EntityType;Lnet/minecraft/world/level/Level;)V PROTECTED LEAVE META-INF/accesstransformer.cfg:188 to access PROTECTED and LEAVE
[19:58:40] [pool-14-thread-1/DEBUG] (net.neoforged.accesstransformer.AccessTransformer) Transforming net.minecraft.world.level.block.SnowLayerBlock METHOD <init>(Lnet/minecraft/world/level/block/state/BlockBehaviour$Properties;)V PUBLIC LEAVE META-INF/accesstransformergenerated.cfg:167 to access PUBLIC and LEAVE
[19:58:40] [pool-14-thread-1/DEBUG] (net.neoforged.accesstransformer.AccessTransformer) Transforming net.minecraft.world.level.block.CactusBlock METHOD <init>(Lnet/minecraft/world/level/block/state/BlockBehaviour$Properties;)V PUBLIC LEAVE META-INF/accesstransformergenerated.cfg:94 to access PUBLIC and LEAVE
[19:58:40] [pool-14-thread-1/DEBUG] (net.neoforged.accesstransformer.AccessTransformer) Transforming net.minecraft.world.level.block.SugarCaneBlock METHOD <init>(Lnet/minecraft/world/level/block/state/BlockBehaviour$Properties;)V PUBLIC LEAVE META-INF/accesstransformergenerated.cfg:176 to access PUBLIC and LEAVE
[19:58:40] [pool-14-thread-1/DEBUG] (net.neoforged.accesstransformer.AccessTransformer) Transforming net.minecraft.world.level.block.JukeboxBlock METHOD <init>(Lnet/minecraft/world/level/block/state/BlockBehaviour$Properties;)V PUBLIC LEAVE META-INF/accesstransformergenerated.cfg:135 to access PUBLIC and LEAVE
[19:58:40] [pool-14-thread-1/DEBUG] (net.neoforged.accesstransformer.AccessTransformer) Transforming net.minecraft.world.level.block.CarvedPumpkinBlock METHOD <init>(Lnet/minecraft/world/level/block/state/BlockBehaviour$Properties;)V PUBLIC LEAVE META-INF/accesstransformergenerated.cfg:98 to access PUBLIC and LEAVE
[19:58:40] [pool-14-thread-1/DEBUG] (net.neoforged.accesstransformer.AccessTransformer) Transforming net.minecraft.world.level.block.CakeBlock METHOD <init>(Lnet/minecraft/world/level/block/state/BlockBehaviour$Properties;)V PUBLIC LEAVE META-INF/accesstransformergenerated.cfg:95 to access PUBLIC and LEAVE
[19:58:40] [pool-14-thread-1/DEBUG] (net.neoforged.accesstransformer.AccessTransformer) Transforming net.minecraft.world.level.block.RepeaterBlock METHOD <init>(Lnet/minecraft/world/level/block/state/BlockBehaviour$Properties;)V PUBLIC LEAVE META-INF/accesstransformergenerated.cfg:155 to access PUBLIC and LEAVE
[19:58:40] [pool-14-thread-1/DEBUG] (net.neoforged.accesstransformer.AccessTransformer) Transforming net.minecraft.world.level.block.DiodeBlock METHOD <init>(Lnet/minecraft/world/level/block/state/BlockBehaviour$Properties;)V PUBLIC LEAVE META-INF/accesstransformergenerated.cfg:110 to access PUBLIC and LEAVE
[19:58:40] [pool-14-thread-1/DEBUG] (net.neoforged.accesstransformer.AccessTransformer) Transforming net.minecraft.world.level.block.WeatheringCopperBarsBlock METHOD <init>(Lnet/minecraft/world/level/block/WeatheringCopper$WeatherState;Lnet/minecraft/world/level/block/state/BlockBehaviour$Properties;)V PUBLIC LEAVE META-INF/accesstransformergenerated.cfg:187 to access PUBLIC and LEAVE
[19:58:40] [pool-14-thread-1/DEBUG] (net.neoforged.accesstransformer.AccessTransformer) Transforming net.minecraft.world.level.block.WeatheringCopperChainBlock METHOD <init>(Lnet/minecraft/world/level/block/WeatheringCopper$WeatherState;Lnet/minecraft/world/level/block/state/BlockBehaviour$Properties;)V PUBLIC LEAVE META-INF/accesstransformergenerated.cfg:188 to access PUBLIC and LEAVE
[19:58:40] [pool-14-thread-1/DEBUG] (net.neoforged.accesstransformer.AccessTransformer) Transforming net.minecraft.world.level.block.PumpkinBlock METHOD <init>(Lnet/minecraft/world/level/block/state/BlockBehaviour$Properties;)V PUBLIC LEAVE META-INF/accesstransformergenerated.cfg:151 to access PUBLIC and LEAVE
[19:58:41] [pool-14-thread-1/DEBUG] (net.neoforged.accesstransformer.AccessTransformer) Transforming net.minecraft.world.level.block.WaterlilyBlock METHOD <init>(Lnet/minecraft/world/level/block/state/BlockBehaviour$Properties;)V PUBLIC LEAVE META-INF/accesstransformergenerated.cfg:185 to access PUBLIC and LEAVE
[19:58:41] [pool-14-thread-1/DEBUG] (net.neoforged.accesstransformer.AccessTransformer) Transforming net.minecraft.world.level.block.NetherWartBlock METHOD <init>(Lnet/minecraft/world/level/block/state/BlockBehaviour$Properties;)V PUBLIC LEAVE META-INF/accesstransformergenerated.cfg:144 to access PUBLIC and LEAVE
[19:58:41] [pool-14-thread-1/DEBUG] (net.neoforged.accesstransformer.AccessTransformer) Transforming net.minecraft.world.level.block.EnchantingTableBlock METHOD <init>(Lnet/minecraft/world/level/block/state/BlockBehaviour$Properties;)V PUBLIC LEAVE META-INF/accesstransformergenerated.cfg:116 to access PUBLIC and LEAVE
[19:58:41] [pool-14-thread-1/DEBUG] (net.neoforged.accesstransformer.AccessTransformer) Transforming net.minecraft.world.level.biome.Biome INNERCLASS ClimateSettings PUBLIC LEAVE META-INF/accesstransformer.cfg:214 to access PUBLIC and LEAVE
[19:58:41] [pool-14-thread-1/DEBUG] (net.neoforged.accesstransformer.AccessTransformer) Transforming net.minecraft.world.level.block.EndPortalBlock METHOD <init>(Lnet/minecraft/world/level/block/state/BlockBehaviour$Properties;)V PUBLIC LEAVE META-INF/accesstransformergenerated.cfg:118 to access PUBLIC and LEAVE
[19:58:41] [pool-14-thread-1/DEBUG] (net.neoforged.accesstransformer.AccessTransformer) Transforming net.minecraft.world.level.block.EnderChestBlock METHOD <init>(Lnet/minecraft/world/level/block/state/BlockBehaviour$Properties;)V PUBLIC LEAVE META-INF/accesstransformergenerated.cfg:120 to access PUBLIC and LEAVE
[19:58:41] [pool-14-thread-1/DEBUG] (net.neoforged.accesstransformer.AccessTransformer) Transforming net.minecraft.world.level.block.WitherSkullBlock METHOD <init>(Lnet/minecraft/world/level/block/state/BlockBehaviour$Properties;)V PUBLIC LEAVE META-INF/accesstransformergenerated.cfg:196 to access PUBLIC and LEAVE
[19:58:41] [pool-14-thread-1/DEBUG] (net.neoforged.accesstransformer.AccessTransformer) Transforming net.minecraft.world.level.block.WitherWallSkullBlock METHOD <init>(Lnet/minecraft/world/level/block/state/BlockBehaviour$Properties;)V PUBLIC LEAVE META-INF/accesstransformergenerated.cfg:197 to access PUBLIC and LEAVE
[19:58:41] [pool-14-thread-1/DEBUG] (net.neoforged.accesstransformer.AccessTransformer) Transforming net.minecraft.world.level.block.PlayerHeadBlock METHOD <init>(Lnet/minecraft/world/level/block/state/BlockBehaviour$Properties;)V PUBLIC LEAVE META-INF/accesstransformergenerated.cfg:147 to access PUBLIC and LEAVE
[19:58:41] [pool-14-thread-1/DEBUG] (net.neoforged.accesstransformer.AccessTransformer) Transforming net.minecraft.world.level.block.PlayerWallHeadBlock METHOD <init>(Lnet/minecraft/world/level/block/state/BlockBehaviour$Properties;)V PUBLIC LEAVE META-INF/accesstransformergenerated.cfg:148 to access PUBLIC and LEAVE
[19:58:41] [pool-14-thread-1/DEBUG] (net.neoforged.accesstransformer.AccessTransformer) Transforming net.minecraft.world.inventory.AnvilMenu FIELD repairItemCountCost PUBLIC LEAVE META-INF/accesstransformer.cfg:193 to access PUBLIC and LEAVE
[19:58:41] [pool-14-thread-1/DEBUG] (net.neoforged.accesstransformer.AccessTransformer) Transforming net.minecraft.world.level.block.entity.HopperBlockEntity METHOD setCooldown(I)V PUBLIC LEAVE META-INF/accesstransformer.cfg:235 to access PUBLIC and LEAVE
[19:58:41] [pool-14-thread-1/DEBUG] (net.neoforged.accesstransformer.AccessTransformer) Transforming net.minecraft.world.level.block.entity.HopperBlockEntity METHOD isOnCustomCooldown()Z PUBLIC LEAVE META-INF/accesstransformer.cfg:236 to access PUBLIC and LEAVE
[19:58:41] [pool-14-thread-1/DEBUG] (net.neoforged.accesstransformer.AccessTransformer) Transforming net.minecraft.world.level.block.BarrierBlock METHOD <init>(Lnet/minecraft/world/level/block/state/BlockBehaviour$Properties;)V PUBLIC LEAVE META-INF/accesstransformergenerated.cfg:80 to access PUBLIC and LEAVE
[19:58:41] [pool-14-thread-1/DEBUG] (net.neoforged.accesstransformer.AccessTransformer) Transforming net.minecraft.world.level.block.EndRodBlock METHOD <init>(Lnet/minecraft/world/level/block/state/BlockBehaviour$Properties;)V PUBLIC LEAVE META-INF/accesstransformergenerated.cfg:119 to access PUBLIC and LEAVE
[19:58:41] [pool-14-thread-1/DEBUG] (net.neoforged.accesstransformer.AccessTransformer) Transforming net.minecraft.world.level.block.ChorusPlantBlock METHOD <init>(Lnet/minecraft/world/level/block/state/BlockBehaviour$Properties;)V PUBLIC LEAVE META-INF/accesstransformergenerated.cfg:101 to access PUBLIC and LEAVE
[19:58:41] [pool-14-thread-1/DEBUG] (net.neoforged.accesstransformer.AccessTransformer) Transforming net.minecraft.world.level.block.DirtPathBlock METHOD <init>(Lnet/minecraft/world/level/block/state/BlockBehaviour$Properties;)V PUBLIC LEAVE META-INF/accesstransformergenerated.cfg:112 to access PUBLIC and LEAVE
[19:58:41] [pool-14-thread-1/DEBUG] (net.neoforged.accesstransformer.AccessTransformer) Transforming net.minecraft.world.level.block.EndGatewayBlock METHOD <init>(Lnet/minecraft/world/level/block/state/BlockBehaviour$Properties;)V PUBLIC LEAVE META-INF/accesstransformergenerated.cfg:117 to access PUBLIC and LEAVE
[19:58:41] [pool-14-thread-1/DEBUG] (net.neoforged.accesstransformer.AccessTransformer) Transforming net.minecraft.world.level.block.StructureVoidBlock METHOD <init>(Lnet/minecraft/world/level/block/state/BlockBehaviour$Properties;)V PUBLIC LEAVE META-INF/accesstransformergenerated.cfg:175 to access PUBLIC and LEAVE
[19:58:41] [pool-14-thread-1/DEBUG] (net.neoforged.accesstransformer.AccessTransformer) Transforming net.minecraft.world.level.block.KelpBlock METHOD <init>(Lnet/minecraft/world/level/block/state/BlockBehaviour$Properties;)V PUBLIC LEAVE META-INF/accesstransformergenerated.cfg:136 to access PUBLIC and LEAVE
[19:58:41] [pool-14-thread-1/DEBUG] (net.neoforged.accesstransformer.AccessTransformer) Transforming net.minecraft.world.level.block.GrowingPlantHeadBlock METHOD <init>(Lnet/minecraft/world/level/block/state/BlockBehaviour$Properties;Lnet/minecraft/core/Direction;Lnet/minecraft/world/phys/shapes/VoxelShape;ZD)V PUBLIC LEAVE META-INF/accesstransformergenerated.cfg:129 to access PUBLIC and LEAVE
[19:58:41] [pool-14-thread-1/DEBUG] (net.neoforged.accesstransformer.AccessTransformer) Transforming net.minecraft.world.level.block.GrowingPlantBlock METHOD <init>(Lnet/minecraft/world/level/block/state/BlockBehaviour$Properties;Lnet/minecraft/core/Direction;Lnet/minecraft/world/phys/shapes/VoxelShape;Z)V PUBLIC LEAVE META-INF/accesstransformergenerated.cfg:127 to access PUBLIC and LEAVE
[19:58:41] [pool-14-thread-1/DEBUG] (net.neoforged.accesstransformer.AccessTransformer) Transforming net.minecraft.world.level.block.KelpPlantBlock METHOD <init>(Lnet/minecraft/world/level/block/state/BlockBehaviour$Properties;)V PUBLIC LEAVE META-INF/accesstransformergenerated.cfg:137 to access PUBLIC and LEAVE
[19:58:41] [pool-14-thread-1/DEBUG] (net.neoforged.accesstransformer.AccessTransformer) Transforming net.minecraft.world.level.block.GrowingPlantBodyBlock METHOD <init>(Lnet/minecraft/world/level/block/state/BlockBehaviour$Properties;Lnet/minecraft/core/Direction;Lnet/minecraft/world/phys/shapes/VoxelShape;Z)V PUBLIC LEAVE META-INF/accesstransformergenerated.cfg:128 to access PUBLIC and LEAVE
[19:58:41] [pool-14-thread-1/DEBUG] (net.neoforged.accesstransformer.AccessTransformer) Transforming net.minecraft.world.level.block.BaseCoralPlantBlock METHOD <init>(Lnet/minecraft/world/level/block/state/BlockBehaviour$Properties;)V PUBLIC LEAVE META-INF/accesstransformergenerated.cfg:82 to access PUBLIC and LEAVE
[19:58:41] [pool-14-thread-1/DEBUG] (net.neoforged.accesstransformer.AccessTransformer) Transforming net.minecraft.world.level.block.SeaPickleBlock METHOD <init>(Lnet/minecraft/world/level/block/state/BlockBehaviour$Properties;)V PUBLIC LEAVE META-INF/accesstransformergenerated.cfg:160 to access PUBLIC and LEAVE
[19:58:41] [pool-14-thread-1/DEBUG] (net.neoforged.accesstransformer.AccessTransformer) Transforming net.minecraft.world.level.block.ScaffoldingBlock METHOD <init>(Lnet/minecraft/world/level/block/state/BlockBehaviour$Properties;)V PUBLIC LEAVE META-INF/accesstransformergenerated.cfg:159 to access PUBLIC and LEAVE
[19:58:41] [pool-14-thread-1/DEBUG] (net.neoforged.accesstransformer.AccessTransformer) Transforming net.minecraft.world.level.block.LoomBlock METHOD <init>(Lnet/minecraft/world/level/block/state/BlockBehaviour$Properties;)V PUBLIC LEAVE META-INF/accesstransformergenerated.cfg:142 to access PUBLIC and LEAVE
[19:58:41] [pool-14-thread-1/DEBUG] (net.neoforged.accesstransformer.AccessTransformer) Transforming net.minecraft.world.level.block.SmokerBlock METHOD <init>(Lnet/minecraft/world/level/block/state/BlockBehaviour$Properties;)V PUBLIC LEAVE META-INF/accesstransformergenerated.cfg:166 to access PUBLIC and LEAVE
[19:58:41] [pool-14-thread-1/DEBUG] (net.neoforged.accesstransformer.AccessTransformer) Transforming net.minecraft.world.level.block.BlastFurnaceBlock METHOD <init>(Lnet/minecraft/world/level/block/state/BlockBehaviour$Properties;)V PUBLIC LEAVE META-INF/accesstransformergenerated.cfg:91 to access PUBLIC and LEAVE
[19:58:41] [pool-14-thread-1/DEBUG] (net.neoforged.accesstransformer.AccessTransformer) Transforming net.minecraft.world.level.block.CartographyTableBlock METHOD <init>(Lnet/minecraft/world/level/block/state/BlockBehaviour$Properties;)V PUBLIC LEAVE META-INF/accesstransformergenerated.cfg:97 to access PUBLIC and LEAVE
[19:58:41] [pool-14-thread-1/DEBUG] (net.neoforged.accesstransformer.AccessTransformer) Transforming net.minecraft.world.level.block.GrindstoneBlock METHOD <init>(Lnet/minecraft/world/level/block/state/BlockBehaviour$Properties;)V PUBLIC LEAVE META-INF/accesstransformergenerated.cfg:126 to access PUBLIC and LEAVE
[19:58:41] [pool-14-thread-1/DEBUG] (net.neoforged.accesstransformer.AccessTransformer) Transforming net.minecraft.world.level.block.LecternBlock METHOD <init>(Lnet/minecraft/world/level/block/state/BlockBehaviour$Properties;)V PUBLIC LEAVE META-INF/accesstransformergenerated.cfg:139 to access PUBLIC and LEAVE
[19:58:41] [pool-14-thread-1/DEBUG] (net.neoforged.accesstransformer.AccessTransformer) Transforming net.minecraft.world.level.block.SmithingTableBlock METHOD <init>(Lnet/minecraft/world/level/block/state/BlockBehaviour$Properties;)V PUBLIC LEAVE META-INF/accesstransformergenerated.cfg:165 to access PUBLIC and LEAVE
[19:58:41] [pool-14-thread-1/DEBUG] (net.neoforged.accesstransformer.AccessTransformer) Transforming net.minecraft.world.level.block.WeatheringLanternBlock METHOD <init>(Lnet/minecraft/world/level/block/WeatheringCopper$WeatherState;Lnet/minecraft/world/level/block/state/BlockBehaviour$Properties;)V PUBLIC LEAVE META-INF/accesstransformergenerated.cfg:192 to access PUBLIC and LEAVE
[19:58:41] [pool-14-thread-1/DEBUG] (net.neoforged.accesstransformer.AccessTransformer) Transforming net.minecraft.world.level.block.NyliumBlock METHOD <init>(Lnet/minecraft/world/level/block/state/BlockBehaviour$Properties;)V PUBLIC LEAVE META-INF/accesstransformergenerated.cfg:145 to access PUBLIC and LEAVE
[19:58:41] [pool-14-thread-1/DEBUG] (net.neoforged.accesstransformer.AccessTransformer) Transforming net.minecraft.world.level.block.RootsBlock METHOD <init>(Lnet/minecraft/world/level/block/state/BlockBehaviour$Properties;)V PUBLIC LEAVE META-INF/accesstransformergenerated.cfg:157 to access PUBLIC and LEAVE
[19:58:41] [pool-14-thread-1/DEBUG] (net.neoforged.accesstransformer.AccessTransformer) Transforming net.minecraft.world.level.block.StructureBlock METHOD <init>(Lnet/minecraft/world/level/block/state/BlockBehaviour$Properties;)V PUBLIC LEAVE META-INF/accesstransformergenerated.cfg:174 to access PUBLIC and LEAVE
[19:58:41] [pool-14-thread-1/DEBUG] (net.neoforged.accesstransformer.AccessTransformer) Transforming net.minecraft.world.level.block.JigsawBlock METHOD <init>(Lnet/minecraft/world/level/block/state/BlockBehaviour$Properties;)V PUBLIC LEAVE META-INF/accesstransformergenerated.cfg:134 to access PUBLIC and LEAVE
[19:58:41] [pool-14-thread-1/DEBUG] (net.neoforged.accesstransformer.AccessTransformer) Transforming net.minecraft.world.level.block.PointedDripstoneBlock FIELD WATER_TRANSFER_PROBABILITY_PER_RANDOM_TICK PUBLIC LEAVE META-INF/accesstransformer.cfg:232 to access PUBLIC and LEAVE
[19:58:41] [pool-14-thread-1/DEBUG] (net.neoforged.accesstransformer.AccessTransformer) Transforming net.minecraft.world.level.block.PointedDripstoneBlock FIELD LAVA_TRANSFER_PROBABILITY_PER_RANDOM_TICK PUBLIC LEAVE META-INF/accesstransformer.cfg:231 to access PUBLIC and LEAVE
[19:58:41] [pool-14-thread-1/DEBUG] (net.neoforged.accesstransformer.AccessTransformer) Transforming net.minecraft.world.level.block.AzaleaBlock METHOD <init>(Lnet/minecraft/world/level/block/state/BlockBehaviour$Properties;)V PUBLIC LEAVE META-INF/accesstransformergenerated.cfg:79 to access PUBLIC and LEAVE
[19:58:41] [pool-14-thread-1/DEBUG] (net.neoforged.accesstransformer.AccessTransformer) Transforming net.minecraft.world.level.block.FlowerBedBlock METHOD <init>(Lnet/minecraft/world/level/block/state/BlockBehaviour$Properties;)V PUBLIC LEAVE META-INF/accesstransformergenerated.cfg:123 to access PUBLIC and LEAVE
[19:58:41] [pool-14-thread-1/DEBUG] (net.neoforged.accesstransformer.AccessTransformer) Transforming net.minecraft.world.level.block.BigDripleafBlock METHOD <init>(Lnet/minecraft/world/level/block/state/BlockBehaviour$Properties;)V PUBLIC LEAVE META-INF/accesstransformergenerated.cfg:89 to access PUBLIC and LEAVE
[19:58:41] [pool-14-thread-1/DEBUG] (net.neoforged.accesstransformer.AccessTransformer) Transforming net.minecraft.world.level.block.BigDripleafStemBlock METHOD <init>(Lnet/minecraft/world/level/block/state/BlockBehaviour$Properties;)V PUBLIC LEAVE META-INF/accesstransformergenerated.cfg:90 to access PUBLIC and LEAVE
[19:58:41] [pool-14-thread-1/DEBUG] (net.neoforged.accesstransformer.AccessTransformer) Transforming net.minecraft.world.level.block.HangingRootsBlock METHOD <init>(Lnet/minecraft/world/level/block/state/BlockBehaviour$Properties;)V PUBLIC LEAVE META-INF/accesstransformergenerated.cfg:131 to access PUBLIC and LEAVE
[19:58:42] [pool-14-thread-1/DEBUG] (net.neoforged.accesstransformer.AccessTransformer) Transforming net.minecraft.world.level.block.DecoratedPotBlock METHOD <init>(Lnet/minecraft/world/level/block/state/BlockBehaviour$Properties;)V PUBLIC LEAVE META-INF/accesstransformergenerated.cfg:109 to access PUBLIC and LEAVE
[19:58:42] [pool-14-thread-1/DEBUG] (net.neoforged.accesstransformer.AccessTransformer) Transforming net.minecraft.server.level.ServerPlayer INNERCLASS RespawnPosAngle PUBLIC LEAVE META-INF/accesstransformer.cfg:151 to access PUBLIC and LEAVE
[19:58:42] [pool-14-thread-1/DEBUG] (net.neoforged.accesstransformer.AccessTransformer) Transforming net.minecraft.server.level.ServerPlayer METHOD checkRidingStatistics(DDD)V PUBLIC LEAVE META-INF/accesstransformer.cfg:149 to access PUBLIC and LEAVE
[19:58:42] [pool-14-thread-1/DEBUG] (net.neoforged.accesstransformer.AccessTransformer) Transforming net.minecraft.world.item.Item FIELD components PRIVATE REMOVEFINAL META-INF/accesstransformer.cfg:197 to access PRIVATE and REMOVEFINAL
[19:58:42] [pool-14-thread-1/DEBUG] (net.neoforged.accesstransformer.AccessTransformer) Transforming net.minecraft.world.item.Item METHOD getPlayerPOVHitResult(Lnet/minecraft/world/level/Level;Lnet/minecraft/world/entity/player/Player;Lnet/minecraft/world/level/ClipContext$Fluid;)Lnet/minecraft/world/phys/BlockHitResult; PUBLIC LEAVE META-INF/accesstransformer.cfg:199 to access PUBLIC and LEAVE
[19:58:42] [pool-14-thread-1/DEBUG] (net.neoforged.accesstransformer.AccessTransformer) Transforming net.minecraft.world.item.BucketItem FIELD content PUBLIC LEAVE META-INF/accesstransformer.cfg:198 to access PUBLIC and LEAVE
[19:58:42] [pool-14-thread-1/DEBUG] (net.neoforged.accesstransformer.AccessTransformer) Transforming net.minecraft.world.item.enchantment.Enchantment METHOD modifyItemFilteredCount(Lnet/minecraft/core/component/DataComponentType;Lnet/minecraft/server/level/ServerLevel;ILnet/minecraft/world/item/ItemStack;Lorg/apache/commons/lang3/mutable/MutableFloat;)V PUBLIC LEAVE META-INF/accesstransformer.cfg:289 to access PUBLIC and LEAVE
[19:58:42] [pool-14-thread-1/DEBUG] (net.neoforged.accesstransformer.AccessTransformer) Transforming net.minecraft.world.item.enchantment.Enchantment METHOD modifyEntityFilteredValue(Lnet/minecraft/core/component/DataComponentType;Lnet/minecraft/server/level/ServerLevel;ILnet/minecraft/world/item/ItemStack;Lnet/minecraft/world/entity/Entity;Lorg/apache/commons/lang3/mutable/MutableFloat;)V PUBLIC LEAVE META-INF/accesstransformer.cfg:290 to access PUBLIC and LEAVE
[19:58:42] [pool-14-thread-1/DEBUG] (net.neoforged.accesstransformer.AccessTransformer) Transforming net.minecraft.world.item.enchantment.Enchantment METHOD modifyDamageFilteredValue(Lnet/minecraft/core/component/DataComponentType;Lnet/minecraft/server/level/ServerLevel;ILnet/minecraft/world/item/ItemStack;Lnet/minecraft/world/entity/Entity;Lnet/minecraft/world/damagesource/DamageSource;Lorg/apache/commons/lang3/mutable/MutableFloat;)V PUBLIC LEAVE META-INF/accesstransformer.cfg:291 to access PUBLIC and LEAVE
[19:58:42] [pool-14-thread-1/DEBUG] (net.neoforged.accesstransformer.AccessTransformer) Transforming net.minecraft.world.item.enchantment.Enchantment METHOD itemContext(Lnet/minecraft/server/level/ServerLevel;ILnet/minecraft/world/item/ItemStack;)Lnet/minecraft/world/level/storage/loot/LootContext; PUBLIC LEAVE META-INF/accesstransformer.cfg:292 to access PUBLIC and LEAVE
[19:58:42] [pool-14-thread-1/DEBUG] (net.neoforged.accesstransformer.AccessTransformer) Transforming net.minecraft.world.item.enchantment.Enchantment METHOD locationContext(Lnet/minecraft/server/level/ServerLevel;ILnet/minecraft/world/entity/Entity;Z)Lnet/minecraft/world/level/storage/loot/LootContext; PUBLIC LEAVE META-INF/accesstransformer.cfg:293 to access PUBLIC and LEAVE
[19:58:42] [pool-14-thread-1/DEBUG] (net.neoforged.accesstransformer.AccessTransformer) Transforming net.minecraft.world.item.enchantment.Enchantment METHOD entityContext(Lnet/minecraft/server/level/ServerLevel;ILnet/minecraft/world/entity/Entity;Lnet/minecraft/world/phys/Vec3;)Lnet/minecraft/world/level/storage/loot/LootContext; PUBLIC LEAVE META-INF/accesstransformer.cfg:294 to access PUBLIC and LEAVE
[19:58:42] [pool-14-thread-1/DEBUG] (net.neoforged.accesstransformer.AccessTransformer) Transforming net.minecraft.world.item.enchantment.Enchantment METHOD blockHitContext(Lnet/minecraft/server/level/ServerLevel;ILnet/minecraft/world/entity/Entity;Lnet/minecraft/world/phys/Vec3;Lnet/minecraft/world/level/block/state/BlockState;)Lnet/minecraft/world/level/storage/loot/LootContext; PUBLIC LEAVE META-INF/accesstransformer.cfg:295 to access PUBLIC and LEAVE
[19:58:42] [pool-14-thread-1/DEBUG] (net.neoforged.accesstransformer.AccessTransformer) Transforming net.minecraft.world.item.enchantment.Enchantment METHOD applyEffects(Ljava/util/List;Lnet/minecraft/world/level/storage/loot/LootContext;Ljava/util/function/Consumer;)V PUBLIC LEAVE META-INF/accesstransformer.cfg:296 to access PUBLIC and LEAVE
[19:58:43] [pool-14-thread-1/DEBUG] (io.netty.util.internal.PlatformDependent0) -Dio.netty.noUnsafe: false
[19:58:43] [pool-14-thread-1/DEBUG] (io.netty.util.internal.PlatformDependent0) Java version: 21
[19:58:43] [pool-14-thread-1/DEBUG] (io.netty.util.internal.PlatformDependent0) sun.misc.Unsafe.theUnsafe: available
[19:58:43] [pool-14-thread-1/DEBUG] (io.netty.util.internal.PlatformDependent0) sun.misc.Unsafe base methods: all available
[19:58:43] [pool-14-thread-1/DEBUG] (io.netty.util.internal.PlatformDependent0) sun.misc.Unsafe.storeFence: available
[19:58:43] [pool-14-thread-1/DEBUG] (io.netty.util.internal.PlatformDependent0) java.nio.Buffer.address: available
[19:58:43] [pool-14-thread-1/DEBUG] (io.netty.util.internal.PlatformDependent0) direct buffer constructor: unavailable: Reflective setAccessible(true) disabled
[19:58:43] [pool-14-thread-1/DEBUG] (io.netty.util.internal.PlatformDependent0) java.nio.Bits.unaligned: available, true
[19:58:43] [pool-14-thread-1/DEBUG] (io.netty.util.internal.PlatformDependent0) jdk.internal.misc.Unsafe.allocateUninitializedArray(int): unavailable: class io.netty.util.internal.PlatformDependent0$7 cannot access class jdk.internal.misc.Unsafe (in module java.base) because module java.base does not export jdk.internal.misc to unnamed module @2fd6b6c7
[19:58:43] [pool-14-thread-1/DEBUG] (io.netty.util.internal.PlatformDependent0) java.nio.DirectByteBuffer.<init>(long, {int,long}): unavailable
[19:58:43] [pool-14-thread-1/DEBUG] (io.netty.util.internal.PlatformDependent) sun.misc.Unsafe: available
[19:58:43] [pool-14-thread-1/DEBUG] (io.netty.util.internal.PlatformDependent) -Dio.netty.tmpdir: C:\Users\ÍõºÆÈ»\AppData\Local\Temp (java.io.tmpdir)
[19:58:43] [pool-14-thread-1/DEBUG] (io.netty.util.internal.PlatformDependent) -Dio.netty.bitMode: 64 (sun.arch.data.model)
[19:58:43] [pool-14-thread-1/DEBUG] (io.netty.util.internal.PlatformDependent) Platform: Windows
[19:58:43] [pool-14-thread-1/DEBUG] (io.netty.util.internal.PlatformDependent) -Dio.netty.maxDirectMemory: -1 bytes
[19:58:43] [pool-14-thread-1/DEBUG] (io.netty.util.internal.PlatformDependent) -Dio.netty.uninitializedArrayAllocationThreshold: -1
[19:58:43] [pool-14-thread-1/DEBUG] (io.netty.util.internal.CleanerJava9) java.nio.ByteBuffer.cleaner(): available
[19:58:43] [pool-14-thread-1/DEBUG] (io.netty.util.internal.PlatformDependent) -Dio.netty.noPreferDirect: false
[19:58:43] [pool-14-thread-1/DEBUG] (net.neoforged.accesstransformer.AccessTransformer) Transforming net.minecraft.world.entity.EquipmentSlot FIELD countLimit PUBLIC LEAVE META-INF/accesstransformer.cfg:278 to access PUBLIC and LEAVE
[19:58:43] [pool-14-thread-1/DEBUG] (net.neoforged.accesstransformer.AccessTransformer) Transforming net.minecraft.world.entity.vehicle.VehicleEntity METHOD getDropItem()Lnet/minecraft/world/item/Item; PROTECTED LEAVE META-INF/accesstransformer.cfg:191 to access PROTECTED and LEAVE
[19:58:43] [pool-14-thread-1/DEBUG] (net.neoforged.accesstransformer.AccessTransformer) Transforming net.minecraft.world.entity.ExperienceOrb METHOD setValue(I)V PUBLIC LEAVE META-INF/accesstransformer.cfg:180 to access PUBLIC and LEAVE
[19:58:43] [pool-14-thread-1/DEBUG] (net.neoforged.accesstransformer.AccessTransformer) Transforming net.minecraft.world.entity.monster.AbstractSkeleton METHOD getStepSound()Lnet/minecraft/sounds/SoundEvent; PROTECTED LEAVE META-INF/accesstransformergenerated.cfg:289 to access PROTECTED and LEAVE
[19:58:43] [pool-14-thread-1/DEBUG] (net.neoforged.accesstransformer.AccessTransformer) Transforming net.minecraft.world.entity.monster.Skeleton METHOD getStepSound()Lnet/minecraft/sounds/SoundEvent; PROTECTED LEAVE META-INF/accesstransformergenerated.cfg:290 to access PROTECTED and LEAVE
[19:58:43] [pool-14-thread-1/DEBUG] (net.neoforged.accesstransformer.AccessTransformer) Transforming net.minecraft.world.entity.monster.Zombie FIELD conversionTime PROTECTED LEAVE META-INF/accesstransformer.cfg:192 to access PROTECTED and LEAVE
[19:58:43] [pool-14-thread-1/DEBUG] (net.neoforged.accesstransformer.AccessTransformer) Transforming net.minecraft.world.item.context.BlockPlaceContext METHOD <init>(Lnet/minecraft/world/level/Level;Lnet/minecraft/world/entity/player/Player;Lnet/minecraft/world/InteractionHand;Lnet/minecraft/world/item/ItemStack;Lnet/minecraft/world/phys/BlockHitResult;)V PUBLIC LEAVE META-INF/accesstransformer.cfg:201 to access PUBLIC and LEAVE
[19:58:43] [pool-14-thread-1/DEBUG] (net.neoforged.accesstransformer.AccessTransformer) Transforming net.minecraft.world.item.context.UseOnContext METHOD <init>(Lnet/minecraft/world/level/Level;Lnet/minecraft/world/entity/player/Player;Lnet/minecraft/world/InteractionHand;Lnet/minecraft/world/item/ItemStack;Lnet/minecraft/world/phys/BlockHitResult;)V PUBLIC LEAVE META-INF/accesstransformer.cfg:202 to access PUBLIC and LEAVE
[19:58:43] [pool-14-thread-1/DEBUG] (net.neoforged.accesstransformer.AccessTransformer) Transforming net.minecraft.world.damagesource.CombatTracker FIELD INTENTIONAL_GAME_DESIGN_STYLE PUBLIC LEAVE META-INF/accesstransformer.cfg:166 to access PUBLIC and LEAVE
[19:58:43] [pool-14-thread-1/DEBUG] (net.neoforged.accesstransformer.AccessTransformer) Transforming net.minecraft.world.damagesource.CombatTracker METHOD getFallMessage(Lnet/minecraft/world/damagesource/CombatEntry;Lnet/minecraft/world/entity/Entity;)Lnet/minecraft/network/chat/Component; PUBLIC LEAVE META-INF/accesstransformer.cfg:168 to access PUBLIC and LEAVE
[19:58:43] [pool-14-thread-1/DEBUG] (net.neoforged.accesstransformer.AccessTransformer) Transforming net.minecraft.world.damagesource.CombatTracker METHOD getMostSignificantFall()Lnet/minecraft/world/damagesource/CombatEntry; PUBLIC LEAVE META-INF/accesstransformer.cfg:167 to access PUBLIC and LEAVE
[19:58:43] [pool-14-thread-1/DEBUG] (net.neoforged.accesstransformer.AccessTransformer) Transforming net.minecraft.world.damagesource.DamageSource METHOD <init>(Lnet/minecraft/core/Holder;Lnet/minecraft/world/entity/Entity;Lnet/minecraft/world/entity/Entity;Lnet/minecraft/world/phys/Vec3;)V PUBLIC LEAVE META-INF/accesstransformer.cfg:170 to access PUBLIC and LEAVE
[19:58:43] [pool-14-thread-1/DEBUG] (net.neoforged.accesstransformer.AccessTransformer) Transforming net.minecraft.world.entity.monster.Stray METHOD getStepSound()Lnet/minecraft/sounds/SoundEvent; PROTECTED LEAVE META-INF/accesstransformergenerated.cfg:291 to access PROTECTED and LEAVE
[19:58:43] [pool-14-thread-1/DEBUG] (net.neoforged.accesstransformer.AccessTransformer) Transforming net.minecraft.world.entity.monster.WitherSkeleton METHOD getStepSound()Lnet/minecraft/sounds/SoundEvent; PROTECTED LEAVE META-INF/accesstransformergenerated.cfg:292 to access PROTECTED and LEAVE
[19:58:43] [pool-14-thread-1/DEBUG] (net.neoforged.accesstransformer.AccessTransformer) Transforming net.minecraft.resources.RegistryOps INNERCLASS HolderLookupAdapter PUBLIC LEAVE META-INF/accesstransformer.cfg:139 to access PUBLIC and LEAVE
[19:58:43] [pool-14-thread-1/DEBUG] (net.neoforged.accesstransformer.AccessTransformer) Transforming net.minecraft.resources.RegistryOps FIELD lookupProvider PUBLIC LEAVE META-INF/accesstransformer.cfg:138 to access PUBLIC and LEAVE
[19:58:43] [pool-14-thread-1/DEBUG] (net.neoforged.accesstransformer.AccessTransformer) Transforming net.minecraft.resources.RegistryOps METHOD <init>(Lcom/mojang/serialization/DynamicOps;Lnet/minecraft/resources/RegistryOps$RegistryInfoLookup;)V PROTECTED LEAVE META-INF/accesstransformer.cfg:137 to access PROTECTED and LEAVE
[19:58:43] [pool-14-thread-1/DEBUG] (net.neoforged.accesstransformer.AccessTransformer) Transforming net.minecraft.world.level.storage.loot.functions.LootItemConditionalFunction METHOD simpleBuilder(Ljava/util/function/Function;)Lnet/minecraft/world/level/storage/loot/functions/LootItemConditionalFunction$Builder; PUBLIC LEAVE META-INF/accesstransformer.cfg:333 to access PUBLIC and LEAVE
[19:58:43] [pool-14-thread-1/DEBUG] (net.neoforged.accesstransformer.AccessTransformer) Transforming net.minecraft.world.level.storage.loot.functions.SetItemFunction METHOD <init>(Ljava/util/List;Lnet/minecraft/core/Holder;)V PUBLIC LEAVE META-INF/accesstransformer.cfg:337 to access PUBLIC and LEAVE
[19:58:43] [pool-14-thread-1/DEBUG] (net.neoforged.accesstransformer.AccessTransformer) Transforming net.minecraft.world.level.storage.loot.functions.ModifyContainerContents METHOD <init>(Ljava/util/List;Lnet/minecraft/world/level/storage/loot/ContainerComponentManipulator;Lnet/minecraft/world/level/storage/loot/functions/LootItemFunction;)V PUBLIC LEAVE META-INF/accesstransformer.cfg:335 to access PUBLIC and LEAVE
[19:58:43] [pool-14-thread-1/DEBUG] (net.neoforged.accesstransformer.AccessTransformer) Transforming net.minecraft.world.level.storage.loot.functions.FilteredFunction METHOD <init>(Ljava/util/List;Lnet/minecraft/advancements/critereon/ItemPredicate;Lnet/minecraft/world/level/storage/loot/functions/LootItemFunction;)V PUBLIC LEAVE META-INF/accesstransformer.cfg:334 to access PUBLIC and LEAVE
[19:58:43] [pool-14-thread-1/DEBUG] (net.neoforged.accesstransformer.AccessTransformer) Transforming net.minecraft.world.level.storage.loot.functions.SetFireworksFunction METHOD <init>(Ljava/util/List;Ljava/util/Optional;Ljava/util/Optional;)V PUBLIC LEAVE META-INF/accesstransformer.cfg:336 to access PUBLIC and LEAVE
[19:58:43] [pool-14-thread-1/DEBUG] (net.neoforged.accesstransformer.AccessTransformer) Transforming net.minecraft.world.level.storage.loot.functions.SetWrittenBookPagesFunction METHOD <init>(Ljava/util/List;Ljava/util/List;Lnet/minecraft/world/level/storage/loot/functions/ListOperation;)V PUBLIC LEAVE META-INF/accesstransformer.cfg:339 to access PUBLIC and LEAVE
[19:58:43] [pool-14-thread-1/DEBUG] (net.neoforged.accesstransformer.AccessTransformer) Transforming net.minecraft.world.level.storage.loot.functions.SetWritableBookPagesFunction METHOD <init>(Ljava/util/List;Ljava/util/List;Lnet/minecraft/world/level/storage/loot/functions/ListOperation;)V PUBLIC LEAVE META-INF/accesstransformer.cfg:338 to access PUBLIC and LEAVE
[19:58:43] [pool-14-thread-1/DEBUG] (net.neoforged.accesstransformer.AccessTransformer) Transforming net.minecraft.world.level.storage.loot.functions.ToggleTooltips METHOD <init>(Ljava/util/List;Ljava/util/Map;)V PUBLIC LEAVE META-INF/accesstransformer.cfg:340 to access PUBLIC and LEAVE
[19:58:44] [pool-14-thread-1/DEBUG] (net.neoforged.accesstransformer.AccessTransformer) Transforming net.minecraft.commands.arguments.selector.options.EntitySelectorOptions METHOD register(Ljava/lang/String;Lnet/minecraft/commands/arguments/selector/options/EntitySelectorOptions$Modifier;Ljava/util/function/Predicate;Lnet/minecraft/network/chat/Component;)V PUBLIC LEAVE META-INF/accesstransformer.cfg:98 to access PUBLIC and LEAVE
[19:58:44] [pool-14-thread-1/DEBUG] (net.neoforged.accesstransformer.AccessTransformer) Transforming net.minecraft.commands.arguments.selector.EntitySelectorParser METHOD finalizePredicates()V PUBLIC LEAVE META-INF/accesstransformer.cfg:96 to access PUBLIC and LEAVE
[19:58:44] [pool-14-thread-1/DEBUG] (net.neoforged.accesstransformer.AccessTransformer) Transforming net.minecraft.commands.arguments.selector.EntitySelectorParser METHOD parseOptions()V PUBLIC LEAVE META-INF/accesstransformer.cfg:97 to access PUBLIC and LEAVE
[19:58:44] [pool-14-thread-1/DEBUG] (net.neoforged.accesstransformer.AccessTransformer) Transforming net.minecraft.world.level.block.entity.BlockEntityType$BlockEntitySupplier CLASS PUBLIC LEAVE META-INF/accesstransformer.cfg:234 to access PUBLIC and LEAVE
[19:58:44] [pool-14-thread-1/DEBUG] (net.neoforged.accesstransformer.AccessTransformer) Transforming net.minecraft.world.inventory.MenuType INNERCLASS MenuSupplier PUBLIC LEAVE META-INF/accesstransformer.cfg:195 to access PUBLIC and LEAVE
[19:58:44] [pool-14-thread-1/DEBUG] (net.neoforged.accesstransformer.AccessTransformer) Transforming net.minecraft.world.inventory.MenuType METHOD <init>(Lnet/minecraft/world/inventory/MenuType$MenuSupplier;Lnet/minecraft/world/flag/FeatureFlagSet;)V PUBLIC LEAVE META-INF/accesstransformer.cfg:194 to access PUBLIC and LEAVE
[19:58:44] [pool-14-thread-1/DEBUG] (net.neoforged.accesstransformer.AccessTransformer) Transforming net.minecraft.world.inventory.MenuType$MenuSupplier CLASS PUBLIC LEAVE META-INF/accesstransformer.cfg:195 to access PUBLIC and LEAVE
[19:58:44] [pool-14-thread-1/DEBUG] (net.neoforged.accesstransformer.AccessTransformer) Transforming net.minecraft.world.item.crafting.ShapedRecipe FIELD pattern PUBLIC LEAVE META-INF/accesstransformer.cfg:204 to access PUBLIC and LEAVE
[19:58:44] [pool-14-thread-1/DEBUG] (net.neoforged.accesstransformer.AccessTransformer) Transforming net.minecraft.world.item.crafting.Ingredient METHOD displayForSingleItem(Lnet/minecraft/core/Holder;)Lnet/minecraft/world/item/crafting/display/SlotDisplay; PUBLIC LEAVE META-INF/accesstransformer.cfg:203 to access PUBLIC and LEAVE
[19:58:44] [pool-14-thread-1/DEBUG] (net.neoforged.accesstransformer.AccessTransformer) Transforming net.minecraft.world.entity.ai.sensing.SensorType METHOD <init>(Ljava/util/function/Supplier;)V PUBLIC LEAVE META-INF/accesstransformer.cfg:185 to access PUBLIC and LEAVE
[19:58:44] [pool-14-thread-1/DEBUG] (net.neoforged.accesstransformer.AccessTransformer) Transforming net.minecraft.world.entity.schedule.Activity METHOD <init>(Ljava/lang/String;)V PUBLIC LEAVE META-INF/accesstransformer.cfg:190 to access PUBLIC and LEAVE
[19:58:45] [pool-14-thread-1/DEBUG] (net.neoforged.accesstransformer.AccessTransformer) Transforming net.minecraft.world.level.levelgen.feature.stateproviders.BlockStateProviderType METHOD <init>(Lcom/mojang/serialization/MapCodec;)V PUBLIC LEAVE META-INF/accesstransformer.cfg:267 to access PUBLIC and LEAVE
[19:58:45] [pool-14-thread-1/DEBUG] (net.neoforged.accesstransformer.AccessTransformer) Transforming net.minecraft.world.level.levelgen.feature.trunkplacers.TrunkPlacerType METHOD <init>(Lcom/mojang/serialization/MapCodec;)V PUBLIC LEAVE META-INF/accesstransformer.cfg:269 to access PUBLIC and LEAVE
[19:58:45] [pool-14-thread-1/DEBUG] (net.neoforged.accesstransformer.AccessTransformer) Transforming net.minecraft.world.level.levelgen.feature.foliageplacers.FoliagePlacerType METHOD <init>(Lcom/mojang/serialization/MapCodec;)V PUBLIC LEAVE META-INF/accesstransformer.cfg:265 to access PUBLIC and LEAVE
[19:58:45] [pool-14-thread-1/DEBUG] (net.neoforged.accesstransformer.AccessTransformer) Transforming net.minecraft.world.level.levelgen.feature.rootplacers.RootPlacerType METHOD <init>(Lcom/mojang/serialization/MapCodec;)V PUBLIC LEAVE META-INF/accesstransformer.cfg:266 to access PUBLIC and LEAVE
[19:58:45] [pool-14-thread-1/DEBUG] (net.neoforged.accesstransformer.AccessTransformer) Transforming net.minecraft.world.level.levelgen.feature.featuresize.FeatureSizeType METHOD <init>(Lcom/mojang/serialization/MapCodec;)V PUBLIC LEAVE META-INF/accesstransformer.cfg:264 to access PUBLIC and LEAVE
[19:58:45] [pool-14-thread-1/DEBUG] (net.neoforged.accesstransformer.AccessTransformer) Transforming net.minecraft.world.level.levelgen.feature.treedecorators.TreeDecoratorType METHOD <init>(Lcom/mojang/serialization/MapCodec;)V PUBLIC LEAVE META-INF/accesstransformer.cfg:268 to access PUBLIC and LEAVE
[19:58:45] [pool-14-thread-1/DEBUG] (net.neoforged.accesstransformer.AccessTransformer) Transforming net.minecraft.world.level.biome.Biome$ClimateSettings CLASS PUBLIC LEAVE META-INF/accesstransformer.cfg:214 to access PUBLIC and LEAVE
[19:58:45] [pool-14-thread-1/DEBUG] (net.neoforged.accesstransformer.AccessTransformer) Transforming net.minecraft.world.level.biome.Biome$ClimateSettings METHOD <init>(ZFLnet/minecraft/world/level/biome/Biome$TemperatureModifier;F)V PUBLIC LEAVE META-INF/accesstransformer.cfg:215 to access PUBLIC and LEAVE
[19:58:45] [pool-14-thread-1/DEBUG] (net.neoforged.accesstransformer.AccessTransformer) Transforming net.minecraft.world.level.biome.BiomeGenerationSettings METHOD <init>(Lnet/minecraft/core/HolderSet;Ljava/util/List;)V PUBLIC LEAVE META-INF/accesstransformer.cfg:216 to access PUBLIC and LEAVE
[19:58:45] [pool-14-thread-1/DEBUG] (net.neoforged.accesstransformer.AccessTransformer) Transforming net.minecraft.world.level.biome.MobSpawnSettings$Builder FIELD spawners PROTECTED LEAVE META-INF/accesstransformer.cfg:220 to access PROTECTED and LEAVE
[19:58:45] [pool-14-thread-1/DEBUG] (net.neoforged.accesstransformer.AccessTransformer) Transforming net.minecraft.world.level.biome.MobSpawnSettings$Builder FIELD mobSpawnCosts PROTECTED LEAVE META-INF/accesstransformer.cfg:221 to access PROTECTED and LEAVE
[19:58:45] [pool-14-thread-1/DEBUG] (net.neoforged.accesstransformer.AccessTransformer) Transforming net.minecraft.world.level.biome.MobSpawnSettings$Builder FIELD creatureGenerationProbability PROTECTED LEAVE META-INF/accesstransformer.cfg:222 to access PROTECTED and LEAVE
[19:58:45] [pool-14-thread-1/DEBUG] (net.neoforged.accesstransformer.AccessTransformer) Transforming net.minecraft.world.level.levelgen.NoiseBasedChunkGenerator CLASS PUBLIC REMOVEFINAL META-INF/accesstransformer.cfg:262 to access PUBLIC and REMOVEFINAL
[19:58:45] [pool-14-thread-1/DEBUG] (net.neoforged.accesstransformer.AccessTransformer) Transforming net.minecraft.world.level.levelgen.NoiseBasedChunkGenerator METHOD iterateNoiseColumn(Lnet/minecraft/world/level/LevelHeightAccessor;Lnet/minecraft/world/level/levelgen/RandomState;IILorg/apache/commons/lang3/mutable/MutableObject;Ljava/util/function/Predicate;)Ljava/util/OptionalInt; PROTECTED LEAVE META-INF/accesstransformer.cfg:263 to access PROTECTED and LEAVE
[19:58:45] [pool-14-thread-1/DEBUG] (net.neoforged.accesstransformer.AccessTransformer) Transforming net.minecraft.world.level.levelgen.NoiseGeneratorSettings METHOD end(Lnet/minecraft/data/worldgen/BootstrapContext;)Lnet/minecraft/world/level/levelgen/NoiseGeneratorSettings; PUBLIC LEAVE META-INF/accesstransformergenerated.cfg:296 to access PUBLIC and LEAVE
[19:58:45] [pool-14-thread-1/DEBUG] (net.neoforged.accesstransformer.AccessTransformer) Transforming net.minecraft.world.level.levelgen.NoiseGeneratorSettings METHOD nether(Lnet/minecraft/data/worldgen/BootstrapContext;)Lnet/minecraft/world/level/levelgen/NoiseGeneratorSettings; PUBLIC LEAVE META-INF/accesstransformergenerated.cfg:298 to access PUBLIC and LEAVE
[19:58:45] [pool-14-thread-1/DEBUG] (net.neoforged.accesstransformer.AccessTransformer) Transforming net.minecraft.world.level.levelgen.NoiseGeneratorSettings METHOD overworld(Lnet/minecraft/data/worldgen/BootstrapContext;ZZ)Lnet/minecraft/world/level/levelgen/NoiseGeneratorSettings; PUBLIC LEAVE META-INF/accesstransformergenerated.cfg:299 to access PUBLIC and LEAVE
[19:58:45] [pool-14-thread-1/DEBUG] (net.neoforged.accesstransformer.AccessTransformer) Transforming net.minecraft.world.level.levelgen.NoiseGeneratorSettings METHOD caves(Lnet/minecraft/data/worldgen/BootstrapContext;)Lnet/minecraft/world/level/levelgen/NoiseGeneratorSettings; PUBLIC LEAVE META-INF/accesstransformergenerated.cfg:295 to access PUBLIC and LEAVE
[19:58:45] [pool-14-thread-1/DEBUG] (net.neoforged.accesstransformer.AccessTransformer) Transforming net.minecraft.world.level.levelgen.NoiseGeneratorSettings METHOD floatingIslands(Lnet/minecraft/data/worldgen/BootstrapContext;)Lnet/minecraft/world/level/levelgen/NoiseGeneratorSettings; PUBLIC LEAVE META-INF/accesstransformergenerated.cfg:297 to access PUBLIC and LEAVE
[19:58:45] [pool-14-thread-1/DEBUG] (net.neoforged.accesstransformer.AccessTransformer) Transforming net.minecraft.world.level.levelgen.DebugLevelSource FIELD ALL_BLOCKS PRIVATE REMOVEFINAL META-INF/accesstransformer.cfg:259 to access PRIVATE and REMOVEFINAL
[19:58:45] [pool-14-thread-1/DEBUG] (net.neoforged.accesstransformer.AccessTransformer) Transforming net.minecraft.world.level.levelgen.DebugLevelSource FIELD GRID_WIDTH PRIVATE REMOVEFINAL META-INF/accesstransformer.cfg:260 to access PRIVATE and REMOVEFINAL
[19:58:45] [pool-14-thread-1/DEBUG] (net.neoforged.accesstransformer.AccessTransformer) Transforming net.minecraft.world.level.levelgen.DebugLevelSource FIELD GRID_HEIGHT PRIVATE REMOVEFINAL META-INF/accesstransformer.cfg:261 to access PRIVATE and REMOVEFINAL
[19:58:45] [pool-14-thread-1/DEBUG] (net.neoforged.accesstransformer.AccessTransformer) Transforming net.minecraft.world.item.ItemStackLinkedSet FIELD TYPE_AND_TAG PUBLIC LEAVE META-INF/accesstransformer.cfg:200 to access PUBLIC and LEAVE
[19:58:45] [pool-14-thread-1/DEBUG] (net.neoforged.accesstransformer.AccessTransformer) Transforming net.minecraft.world.level.GameRules$BooleanValue METHOD create(ZLjava/util/function/BiConsumer;)Lnet/minecraft/world/level/GameRules$Type; PUBLIC LEAVE META-INF/accesstransformer.cfg:207 to access PUBLIC and LEAVE
[19:58:45] [pool-14-thread-1/DEBUG] (net.neoforged.accesstransformer.AccessTransformer) Transforming net.minecraft.world.level.GameRules$BooleanValue METHOD create(Z)Lnet/minecraft/world/level/GameRules$Type; PUBLIC LEAVE META-INF/accesstransformer.cfg:206 to access PUBLIC and LEAVE
[19:58:45] [pool-14-thread-1/DEBUG] (net.neoforged.accesstransformer.AccessTransformer) Transforming net.minecraft.world.level.GameRules METHOD register(Ljava/lang/String;Lnet/minecraft/world/level/GameRules$Category;Lnet/minecraft/world/level/GameRules$Type;)Lnet/minecraft/world/level/GameRules$Key; PUBLIC LEAVE META-INF/accesstransformer.cfg:205 to access PUBLIC and LEAVE
[19:58:45] [pool-14-thread-1/DEBUG] (net.neoforged.accesstransformer.AccessTransformer) Transforming net.minecraft.server.MinecraftServer INNERCLASS ReloadableResources PUBLIC LEAVE META-INF/accesstransformer.cfg:144 to access PUBLIC and LEAVE
[19:58:45] [pool-14-thread-1/DEBUG] (net.neoforged.accesstransformer.AccessTransformer) Transforming net.minecraft.server.MinecraftServer FIELD nextTickTimeNanos PROTECTED LEAVE META-INF/accesstransformer.cfg:142 to access PROTECTED and LEAVE
[19:58:45] [pool-14-thread-1/DEBUG] (net.neoforged.accesstransformer.AccessTransformer) Transforming net.minecraft.server.MinecraftServer METHOD updateEffectiveRespawnData()V PROTECTED LEAVE META-INF/accesstransformer.cfg:143 to access PROTECTED and LEAVE
[19:58:45] [pool-14-thread-1/DEBUG] (net.neoforged.accesstransformer.AccessTransformer) Transforming net.minecraft.util.thread.BlockableEventLoop METHOD submitAsync(Ljava/lang/Runnable;)Ljava/util/concurrent/CompletableFuture; PUBLIC LEAVE META-INF/accesstransformer.cfg:165 to access PUBLIC and LEAVE
[19:58:45] [pool-14-thread-1/DEBUG] (net.neoforged.accesstransformer.AccessTransformer) Transforming net.minecraft.world.level.GameRules$IntegerValue METHOD create(ILjava/util/function/BiConsumer;)Lnet/minecraft/world/level/GameRules$Type; PUBLIC LEAVE META-INF/accesstransformer.cfg:208 to access PUBLIC and LEAVE
[19:58:45] [pool-14-thread-1/DEBUG] (net.neoforged.accesstransformer.AccessTransformer) Transforming net.minecraft.world.level.GameRules$IntegerValue METHOD create(I)Lnet/minecraft/world/level/GameRules$Type; PUBLIC LEAVE META-INF/accesstransformer.cfg:209 to access PUBLIC and LEAVE
[19:58:46] [pool-14-thread-1/DEBUG] (net.neoforged.accesstransformer.AccessTransformer) Transforming net.minecraft.gametest.framework.GameTestHelper FIELD testInfo PUBLIC LEAVE META-INF/accesstransformer.cfg:134 to access PUBLIC and LEAVE
[19:58:46] [pool-14-thread-1/DEBUG] (net.neoforged.neoforge.registries.GameData) Creating vanilla freeze snapshot
[19:58:46] [pool-14-thread-1/DEBUG] (net.neoforged.neoforge.registries.GameData) Vanilla freeze snapshot created
[19:58:46] [main/DEBUG] (net.neoforged.accesstransformer.AccessTransformer) Transforming net.minecraft.server.level.ServerChunkCache FIELD level PUBLIC LEAVE META-INF/accesstransformer.cfg:147 to access PUBLIC and LEAVE
[19:58:46] [main/DEBUG] (net.neoforged.accesstransformer.AccessTransformer) Transforming net.minecraft.world.level.saveddata.maps.MapItemSavedData METHOD removeDecoration(Ljava/lang/String;)V PUBLIC LEAVE META-INF/accesstransformer.cfg:272 to access PUBLIC and LEAVE
[19:58:46] [main/DEBUG] (net.neoforged.accesstransformer.AccessTransformer) Transforming net.minecraft.world.level.saveddata.maps.MapItemSavedData METHOD addDecoration(Lnet/minecraft/core/Holder;Lnet/minecraft/world/level/LevelAccessor;Ljava/lang/String;DDDLnet/minecraft/network/chat/Component;)V PUBLIC LEAVE META-INF/accesstransformer.cfg:271 to access PUBLIC and LEAVE
[19:58:46] [main/DEBUG] (net.neoforged.accesstransformer.AccessTransformer) Transforming net.minecraft.world.level.biome.BiomeGenerationSettings$PlainBuilder FIELD carvers PROTECTED LEAVE META-INF/accesstransformer.cfg:218 to access PROTECTED and LEAVE
[19:58:46] [main/DEBUG] (net.neoforged.accesstransformer.AccessTransformer) Transforming net.minecraft.world.level.biome.BiomeGenerationSettings$PlainBuilder FIELD features PROTECTED LEAVE META-INF/accesstransformer.cfg:217 to access PROTECTED and LEAVE
[19:58:46] [main/DEBUG] (net.neoforged.accesstransformer.AccessTransformer) Transforming net.minecraft.world.level.biome.BiomeGenerationSettings$PlainBuilder METHOD addFeatureStepsUpTo(I)V PROTECTED LEAVE META-INF/accesstransformer.cfg:219 to access PROTECTED and LEAVE
[19:58:46] [main/DEBUG] (net.neoforged.accesstransformer.AccessTransformer) Transforming net.minecraft.world.level.biome.BiomeSpecialEffects$Builder FIELD fogColor PROTECTED LEAVE META-INF/accesstransformergenerated.cfg:309 to access PROTECTED and LEAVE
[19:58:46] [main/DEBUG] (net.neoforged.accesstransformer.AccessTransformer) Transforming net.minecraft.world.level.biome.BiomeSpecialEffects$Builder FIELD waterColor PROTECTED LEAVE META-INF/accesstransformergenerated.cfg:314 to access PROTECTED and LEAVE
[19:58:46] [main/DEBUG] (net.neoforged.accesstransformer.AccessTransformer) Transforming net.minecraft.world.level.biome.BiomeSpecialEffects$Builder FIELD waterFogColor PROTECTED LEAVE META-INF/accesstransformergenerated.cfg:315 to access PROTECTED and LEAVE
[19:58:46] [main/DEBUG] (net.neoforged.accesstransformer.AccessTransformer) Transforming net.minecraft.world.level.biome.BiomeSpecialEffects$Builder FIELD skyColor PROTECTED LEAVE META-INF/accesstransformergenerated.cfg:313 to access PROTECTED and LEAVE
[19:58:46] [main/DEBUG] (net.neoforged.accesstransformer.AccessTransformer) Transforming net.minecraft.world.level.biome.BiomeSpecialEffects$Builder FIELD foliageColorOverride PROTECTED LEAVE META-INF/accesstransformergenerated.cfg:310 to access PROTECTED and LEAVE
[19:58:46] [main/DEBUG] (net.neoforged.accesstransformer.AccessTransformer) Transforming net.minecraft.world.level.biome.BiomeSpecialEffects$Builder FIELD dryFoliageColorOverride PROTECTED LEAVE META-INF/accesstransformergenerated.cfg:308 to access PROTECTED and LEAVE
[19:58:46] [main/DEBUG] (net.neoforged.accesstransformer.AccessTransformer) Transforming net.minecraft.world.level.biome.BiomeSpecialEffects$Builder FIELD grassColorOverride PROTECTED LEAVE META-INF/accesstransformergenerated.cfg:312 to access PROTECTED and LEAVE
[19:58:46] [main/DEBUG] (net.neoforged.accesstransformer.AccessTransformer) Transforming net.minecraft.world.level.biome.BiomeSpecialEffects$Builder FIELD grassColorModifier PROTECTED LEAVE META-INF/accesstransformergenerated.cfg:311 to access PROTECTED and LEAVE
[19:58:46] [main/DEBUG] (net.neoforged.accesstransformer.AccessTransformer) Transforming net.minecraft.world.level.biome.BiomeSpecialEffects$Builder FIELD ambientParticle PROTECTED LEAVE META-INF/accesstransformergenerated.cfg:305 to access PROTECTED and LEAVE
[19:58:46] [main/DEBUG] (net.neoforged.accesstransformer.AccessTransformer) Transforming net.minecraft.world.level.biome.BiomeSpecialEffects$Builder FIELD ambientLoopSoundEvent PROTECTED LEAVE META-INF/accesstransformergenerated.cfg:303 to access PROTECTED and LEAVE
[19:58:46] [main/DEBUG] (net.neoforged.accesstransformer.AccessTransformer) Transforming net.minecraft.world.level.biome.BiomeSpecialEffects$Builder FIELD ambientMoodSettings PROTECTED LEAVE META-INF/accesstransformergenerated.cfg:304 to access PROTECTED and LEAVE
[19:58:46] [main/DEBUG] (net.neoforged.accesstransformer.AccessTransformer) Transforming net.minecraft.world.level.biome.BiomeSpecialEffects$Builder FIELD ambientAdditionsSettings PROTECTED LEAVE META-INF/accesstransformergenerated.cfg:302 to access PROTECTED and LEAVE
[19:58:46] [main/DEBUG] (net.neoforged.accesstransformer.AccessTransformer) Transforming net.minecraft.world.level.biome.BiomeSpecialEffects$Builder FIELD backgroundMusic PROTECTED LEAVE META-INF/accesstransformergenerated.cfg:306 to access PROTECTED and LEAVE
[19:58:46] [main/DEBUG] (net.neoforged.accesstransformer.AccessTransformer) Transforming net.minecraft.world.level.biome.BiomeSpecialEffects$Builder FIELD backgroundMusicVolume PROTECTED LEAVE META-INF/accesstransformergenerated.cfg:307 to access PROTECTED and LEAVE
[19:58:46] [main/DEBUG] (net.neoforged.accesstransformer.AccessTransformer) Transforming net.minecraft.commands.CommandSourceStack FIELD source PUBLIC LEAVE META-INF/accesstransformer.cfg:95 to access PUBLIC and LEAVE
[19:58:46] [main/DEBUG] (net.neoforged.accesstransformer.AccessTransformer) Transforming net.minecraft.resources.RegistryOps$HolderLookupAdapter CLASS PUBLIC LEAVE META-INF/accesstransformer.cfg:139 to access PUBLIC and LEAVE
[19:58:46] [main/DEBUG] (net.neoforged.accesstransformer.AccessTransformer) Transforming net.minecraft.resources.RegistryOps$HolderLookupAdapter FIELD lookupProvider PUBLIC LEAVE META-INF/accesstransformer.cfg:140 to access PUBLIC and LEAVE
[19:58:47] [main/WARN] (net.minecraft.commands.Commands) Ambiguity between arguments [teleport, location] and [teleport, destination] with inputs: [0.1 -0.5 .9, 0 0 0]
[19:58:47] [main/WARN] (net.minecraft.commands.Commands) Ambiguity between arguments [teleport, location] and [teleport, targets] with inputs: [0.1 -0.5 .9, 0 0 0]
[19:58:47] [main/WARN] (net.minecraft.commands.Commands) Ambiguity between arguments [teleport, destination] and [teleport, targets] with inputs: [Player, 0123, @e, dd12be42-52a9-4a91-a8a1-11c01849e498]
[19:58:47] [main/WARN] (net.minecraft.commands.Commands) Ambiguity between arguments [teleport, targets] and [teleport, destination] with inputs: [Player, 0123, dd12be42-52a9-4a91-a8a1-11c01849e498]
[19:58:47] [main/WARN] (net.minecraft.commands.Commands) Ambiguity between arguments [teleport, targets, location] and [teleport, targets, destination] with inputs: [0.1 -0.5 .9, 0 0 0]
[19:58:47] [main/WARN] (net.minecraft.commands.Commands) Ambiguity between arguments [waypoint, modify, waypoint, color, reset] and [waypoint, modify, waypoint, color, color] with inputs: [reset]
[19:58:47] [main/DEBUG] (net.neoforged.accesstransformer.AccessTransformer) Transforming net.minecraft.client.gui.screens.Screen FIELD renderables PUBLIC LEAVE META-INF/accesstransformer.cfg:20 to access PUBLIC and LEAVE
[19:58:47] [main/DEBUG] (net.neoforged.fml.ModWorkManager) Using 16 threads for parallel mod-loading
[19:58:47] [main/DEBUG] (net.neoforged.fml.javafmlmod.FMLModContainer) Creating FMLModContainer instance for vulkan_shaderc with entrypoints []
[19:58:47] [main/DEBUG] (net.neoforged.fml.javafmlmod.FMLModContainer) Creating FMLModContainer instance for vulkanmod with entrypoints [cn.ksmcbrigade.vulkan.NeoVulkanMod]
[19:58:47] [main/DEBUG] (net.neoforged.fml.javafmlmod.FMLModContainer) Creating FMLModContainer instance for vma_windows with entrypoints []
[19:58:47] [main/DEBUG] (net.neoforged.fml.javafmlmod.FMLModContainer) Creating FMLModContainer instance for vulkan_lwjgl with entrypoints []
[19:58:47] [main/DEBUG] (net.neoforged.fml.javafmlmod.FMLModContainer) Creating FMLModContainer instance for mr with entrypoints [cn.ksmcbrigade.mr.MixinRuntimeMod]
[19:58:47] [main/DEBUG] (net.neoforged.fml.javafmlmod.FMLModContainer) Creating FMLModContainer instance for vulkan_shaderc_windows with entrypoints []
[19:58:47] [main/DEBUG] (net.neoforged.fml.javafmlmod.FMLModContainer) Creating FMLModContainer instance for vma with entrypoints []
[19:58:47] [main/DEBUG] (net.neoforged.fml.javafmlmod.FMLModContainer) Creating FMLModContainer instance for neoforge with entrypoints [net.neoforged.neoforge.common.NeoForgeMod, net.neoforged.neoforge.common.OnlyInWarningsHandler, net.neoforged.neoforge.client.ClientNeoForgeMod]
[19:58:47] [modloading-worker-0/DEBUG] (net.neoforged.fml.javafmlmod.AutomaticEventSubscriber) Attempting to inject @EventBusSubscriber classes into the eventbus for vulkan_shaderc
[19:58:47] [modloading-worker-0/DEBUG] (net.neoforged.fml.javafmlmod.AutomaticEventSubscriber) Attempting to inject @EventBusSubscriber classes into the eventbus for vulkanmod
[19:58:47] [modloading-worker-0/DEBUG] (net.neoforged.fml.javafmlmod.AutomaticEventSubscriber) Attempting to inject @EventBusSubscriber classes into the eventbus for vma_windows
[19:58:47] [modloading-worker-0/DEBUG] (net.neoforged.fml.javafmlmod.AutomaticEventSubscriber) Attempting to inject @EventBusSubscriber classes into the eventbus for vulkan_lwjgl
[19:58:47] [modloading-worker-0/INFO] (cn.ksmcbrigade.mr.MixinRuntimeMod) MixinRuntimeMod Loaded.
[19:58:47] [modloading-worker-0/DEBUG] (net.neoforged.fml.javafmlmod.AutomaticEventSubscriber) Attempting to inject @EventBusSubscriber classes into the eventbus for vulkan_shaderc_windows
[19:58:47] [modloading-worker-0/DEBUG] (net.neoforged.fml.javafmlmod.AutomaticEventSubscriber) Attempting to inject @EventBusSubscriber classes into the eventbus for mr
[19:58:47] [modloading-worker-0/DEBUG] (net.neoforged.fml.javafmlmod.AutomaticEventSubscriber) Attempting to inject @EventBusSubscriber classes into the eventbus for vma
[19:58:47] [modloading-worker-0/INFO] (net.neoforged.neoforge.common.NeoForgeMod) NeoForge mod loading, version 21.10.50-beta, for MC 1.21.10
[19:58:47] [modloading-worker-0/DEBUG] (net.neoforged.fml.config.ConfigTracker) Config file neoforge-server.toml for neoforge tracking
[19:58:47] [modloading-worker-0/DEBUG] (net.neoforged.fml.config.ConfigTracker) Config file neoforge-common.toml for neoforge tracking
[19:58:47] [modloading-worker-0/DEBUG] (net.neoforged.accesstransformer.AccessTransformer) Transforming net.minecraft.client.player.LocalPlayer METHOD getPermissionLevel()I PUBLIC LEAVE META-INF/accesstransformer.cfg:39 to access PUBLIC and LEAVE
[19:58:47] [modloading-worker-0/DEBUG] (net.neoforged.fml.config.ConfigTracker) Config file neoforge-client.toml for neoforge tracking
[19:58:47] [modloading-worker-0/DEBUG] (net.neoforged.accesstransformer.AccessTransformer) Transforming net.minecraft.client.gui.components.AbstractWidget METHOD renderScrollingString(Lnet/minecraft/client/gui/GuiGraphics;Lnet/minecraft/client/gui/Font;Lnet/minecraft/network/chat/Component;IIIII)V PUBLIC LEAVE META-INF/accesstransformer.cfg:16 to access PUBLIC and LEAVE
[19:58:47] [modloading-worker-0/DEBUG] (net.neoforged.accesstransformer.AccessTransformer) Transforming net.minecraft.client.gui.components.AbstractWidget METHOD renderScrollingString(Lnet/minecraft/client/gui/GuiGraphics;Lnet/minecraft/client/gui/Font;Lnet/minecraft/network/chat/Component;IIIIII)V PUBLIC LEAVE META-INF/accesstransformer.cfg:17 to access PUBLIC and LEAVE
[19:58:47] [modloading-worker-0/DEBUG] (net.neoforged.accesstransformer.AccessTransformer) Transforming net.minecraft.client.gui.components.AbstractButton FIELD SPRITES PROTECTED LEAVE META-INF/accesstransformer.cfg:10 to access PROTECTED and LEAVE
[19:58:47] [modloading-worker-0/DEBUG] (net.neoforged.fml.javafmlmod.AutomaticEventSubscriber) Attempting to inject @EventBusSubscriber classes into the eventbus for neoforge
[19:58:47] [modloading-worker-0/DEBUG] (net.neoforged.fml.javafmlmod.AutomaticEventSubscriber) Scanning class net.neoforged.neoforge.network.NetworkInitialization for @SubscribeEvent-annotated methods
[19:58:47] [modloading-worker-0/DEBUG] (net.neoforged.fml.javafmlmod.AutomaticEventSubscriber) Subscribing method private static void net.neoforged.neoforge.network.NetworkInitialization.register(net.neoforged.neoforge.network.event.RegisterPayloadHandlersEvent) to the event bus of mod neoforge
[19:58:47] [modloading-worker-0/DEBUG] (net.neoforged.fml.javafmlmod.AutomaticEventSubscriber) Scanning class net.neoforged.neoforge.attachment.AttachmentSync for @SubscribeEvent-annotated methods
[19:58:47] [modloading-worker-0/DEBUG] (net.neoforged.fml.javafmlmod.AutomaticEventSubscriber) Subscribing method public static void net.neoforged.neoforge.attachment.AttachmentSync.onChunkSent(net.neoforged.neoforge.event.level.ChunkWatchEvent$Sent) to the game event bus
[19:58:47] [modloading-worker-0/DEBUG] (net.neoforged.fml.javafmlmod.AutomaticEventSubscriber) Scanning class net.neoforged.neoforge.model.data.ModelDataManager for @SubscribeEvent-annotated methods
[19:58:47] [modloading-worker-0/DEBUG] (net.neoforged.fml.javafmlmod.AutomaticEventSubscriber) Subscribing method public static void net.neoforged.neoforge.model.data.ModelDataManager.onChunkUnload(net.neoforged.neoforge.event.level.ChunkEvent$Unload) to the game event bus
[19:58:47] [modloading-worker-0/DEBUG] (net.neoforged.fml.javafmlmod.AutomaticEventSubscriber) Scanning class net.neoforged.neoforge.network.filters.GenericPacketSplitter for @SubscribeEvent-annotated methods
[19:58:47] [modloading-worker-0/DEBUG] (io.netty.buffer.AbstractByteBuf) -Dio.netty.buffer.checkAccessible: true
[19:58:47] [modloading-worker-0/DEBUG] (io.netty.buffer.AbstractByteBuf) -Dio.netty.buffer.checkBounds: true
[19:58:47] [modloading-worker-0/DEBUG] (io.netty.util.ResourceLeakDetectorFactory) Loaded default ResourceLeakDetector: io.netty.util.ResourceLeakDetector@25c1074d
[19:58:47] [modloading-worker-0/DEBUG] (io.netty.util.internal.InternalThreadLocalMap) -Dio.netty.threadLocalMap.stringBuilder.initialSize: 1024
[19:58:47] [modloading-worker-0/DEBUG] (io.netty.util.internal.InternalThreadLocalMap) -Dio.netty.threadLocalMap.stringBuilder.maxSize: 4096
[19:58:47] [modloading-worker-0/DEBUG] (io.netty.buffer.PooledByteBufAllocator) -Dio.netty.allocator.numHeapArenas: 32
[19:58:47] [modloading-worker-0/DEBUG] (io.netty.buffer.PooledByteBufAllocator) -Dio.netty.allocator.numDirectArenas: 32
[19:58:47] [modloading-worker-0/DEBUG] (io.netty.buffer.PooledByteBufAllocator) -Dio.netty.allocator.pageSize: 8192
[19:58:47] [modloading-worker-0/DEBUG] (io.netty.buffer.PooledByteBufAllocator) -Dio.netty.allocator.maxOrder: 9
[19:58:47] [modloading-worker-0/DEBUG] (io.netty.buffer.PooledByteBufAllocator) -Dio.netty.allocator.chunkSize: 4194304
[19:58:47] [modloading-worker-0/DEBUG] (io.netty.buffer.PooledByteBufAllocator) -Dio.netty.allocator.smallCacheSize: 256
[19:58:47] [modloading-worker-0/DEBUG] (io.netty.buffer.PooledByteBufAllocator) -Dio.netty.allocator.normalCacheSize: 64
[19:58:47] [modloading-worker-0/DEBUG] (io.netty.buffer.PooledByteBufAllocator) -Dio.netty.allocator.maxCachedBufferCapacity: 32768
[19:58:47] [modloading-worker-0/DEBUG] (io.netty.buffer.PooledByteBufAllocator) -Dio.netty.allocator.cacheTrimInterval: 8192
[19:58:47] [modloading-worker-0/DEBUG] (io.netty.buffer.PooledByteBufAllocator) -Dio.netty.allocator.cacheTrimIntervalMillis: 0
[19:58:47] [modloading-worker-0/DEBUG] (io.netty.buffer.PooledByteBufAllocator) -Dio.netty.allocator.useCacheForAllThreads: false
[19:58:47] [modloading-worker-0/DEBUG] (io.netty.buffer.PooledByteBufAllocator) -Dio.netty.allocator.maxCachedByteBuffersPerChunk: 1023
[19:58:47] [modloading-worker-0/DEBUG] (io.netty.buffer.PooledByteBufAllocator) -Dio.netty.allocator.disableCacheFinalizersForFastThreadLocalThreads: false
[19:58:47] [modloading-worker-0/DEBUG] (io.netty.buffer.ByteBufUtil) -Dio.netty.allocator.type: pooled
[19:58:47] [modloading-worker-0/DEBUG] (io.netty.buffer.ByteBufUtil) -Dio.netty.threadLocalDirectBufferSize: 0
[19:58:47] [modloading-worker-0/DEBUG] (io.netty.buffer.ByteBufUtil) -Dio.netty.maxThreadLocalCharBufferSize: 16384
[19:58:47] [modloading-worker-0/DEBUG] (net.neoforged.fml.javafmlmod.AutomaticEventSubscriber) Subscribing method private static void net.neoforged.neoforge.network.filters.GenericPacketSplitter.register(net.neoforged.neoforge.network.event.RegisterPayloadHandlersEvent) to the event bus of mod neoforge
[19:58:47] [modloading-worker-0/DEBUG] (net.neoforged.fml.javafmlmod.AutomaticEventSubscriber) Scanning class net.neoforged.neoforge.client.NeoForgeRenderPipelines for @SubscribeEvent-annotated methods
[19:58:47] [modloading-worker-0/DEBUG] (net.neoforged.accesstransformer.AccessTransformer) Transforming net.minecraft.client.renderer.RenderPipelines FIELD MATRICES_PROJECTION_SNIPPET PUBLIC LEAVE META-INF/accesstransformergenerated.cfg:66 to access PUBLIC and LEAVE
[19:58:47] [modloading-worker-0/DEBUG] (net.neoforged.accesstransformer.AccessTransformer) Transforming net.minecraft.client.renderer.RenderPipelines FIELD FOG_SNIPPET PUBLIC LEAVE META-INF/accesstransformergenerated.cfg:58 to access PUBLIC and LEAVE
[19:58:47] [modloading-worker-0/DEBUG] (net.neoforged.accesstransformer.AccessTransformer) Transforming net.minecraft.client.renderer.RenderPipelines FIELD GLOBALS_SNIPPET PUBLIC LEAVE META-INF/accesstransformergenerated.cfg:59 to access PUBLIC and LEAVE
[19:58:47] [modloading-worker-0/DEBUG] (net.neoforged.accesstransformer.AccessTransformer) Transforming net.minecraft.client.renderer.RenderPipelines FIELD MATRICES_FOG_SNIPPET PUBLIC LEAVE META-INF/accesstransformergenerated.cfg:65 to access PUBLIC and LEAVE
[19:58:47] [modloading-worker-0/DEBUG] (net.neoforged.accesstransformer.AccessTransformer) Transforming net.minecraft.client.renderer.RenderPipelines FIELD MATRICES_FOG_LIGHT_DIR_SNIPPET PUBLIC LEAVE META-INF/accesstransformergenerated.cfg:64 to access PUBLIC and LEAVE
[19:58:47] [modloading-worker-0/DEBUG] (net.neoforged.accesstransformer.AccessTransformer) Transforming net.minecraft.client.renderer.RenderPipelines FIELD TERRAIN_SNIPPET PUBLIC LEAVE META-INF/accesstransformergenerated.cfg:69 to access PUBLIC and LEAVE
[19:58:47] [modloading-worker-0/DEBUG] (net.neoforged.accesstransformer.AccessTransformer) Transforming net.minecraft.client.renderer.RenderPipelines FIELD ENTITY_SNIPPET PUBLIC LEAVE META-INF/accesstransformergenerated.cfg:57 to access PUBLIC and LEAVE
[19:58:47] [modloading-worker-0/DEBUG] (net.neoforged.accesstransformer.AccessTransformer) Transforming net.minecraft.client.renderer.RenderPipelines FIELD ENTITY_EMISSIVE_SNIPPET PUBLIC LEAVE META-INF/accesstransformergenerated.cfg:56 to access PUBLIC and LEAVE
[19:58:47] [modloading-worker-0/DEBUG] (net.neoforged.accesstransformer.AccessTransformer) Transforming net.minecraft.client.renderer.RenderPipelines FIELD BEACON_BEAM_SNIPPET PUBLIC LEAVE META-INF/accesstransformergenerated.cfg:52 to access PUBLIC and LEAVE
[19:58:47] [modloading-worker-0/DEBUG] (net.neoforged.accesstransformer.AccessTransformer) Transforming net.minecraft.client.renderer.RenderPipelines FIELD TEXT_SNIPPET PUBLIC LEAVE META-INF/accesstransformergenerated.cfg:70 to access PUBLIC and LEAVE
[19:58:47] [modloading-worker-0/DEBUG] (net.neoforged.accesstransformer.AccessTransformer) Transforming net.minecraft.client.renderer.RenderPipelines FIELD END_PORTAL_SNIPPET PUBLIC LEAVE META-INF/accesstransformergenerated.cfg:55 to access PUBLIC and LEAVE
[19:58:47] [modloading-worker-0/DEBUG] (net.neoforged.accesstransformer.AccessTransformer) Transforming net.minecraft.client.renderer.RenderPipelines FIELD CLOUDS_SNIPPET PUBLIC LEAVE META-INF/accesstransformergenerated.cfg:53 to access PUBLIC and LEAVE
[19:58:47] [modloading-worker-0/DEBUG] (net.neoforged.accesstransformer.AccessTransformer) Transforming net.minecraft.client.renderer.RenderPipelines FIELD LINES_SNIPPET PUBLIC LEAVE META-INF/accesstransformergenerated.cfg:63 to access PUBLIC and LEAVE
[19:58:47] [modloading-worker-0/DEBUG] (net.neoforged.accesstransformer.AccessTransformer) Transforming net.minecraft.client.renderer.RenderPipelines FIELD DEBUG_FILLED_SNIPPET PUBLIC LEAVE META-INF/accesstransformergenerated.cfg:54 to access PUBLIC and LEAVE
[19:58:47] [modloading-worker-0/DEBUG] (net.neoforged.accesstransformer.AccessTransformer) Transforming net.minecraft.client.renderer.RenderPipelines FIELD PARTICLE_SNIPPET PUBLIC LEAVE META-INF/accesstransformergenerated.cfg:68 to access PUBLIC and LEAVE
[19:58:47] [modloading-worker-0/DEBUG] (net.neoforged.accesstransformer.AccessTransformer) Transforming net.minecraft.client.renderer.RenderPipelines FIELD WEATHER_SNIPPET PUBLIC LEAVE META-INF/accesstransformergenerated.cfg:71 to access PUBLIC and LEAVE
[19:58:47] [modloading-worker-0/DEBUG] (net.neoforged.accesstransformer.AccessTransformer) Transforming net.minecraft.client.renderer.RenderPipelines FIELD GUI_SNIPPET PUBLIC LEAVE META-INF/accesstransformergenerated.cfg:60 to access PUBLIC and LEAVE
[19:58:47] [modloading-worker-0/DEBUG] (net.neoforged.accesstransformer.AccessTransformer) Transforming net.minecraft.client.renderer.RenderPipelines FIELD GUI_TEXTURED_SNIPPET PUBLIC LEAVE META-INF/accesstransformergenerated.cfg:61 to access PUBLIC and LEAVE
[19:58:47] [modloading-worker-0/DEBUG] (net.neoforged.accesstransformer.AccessTransformer) Transforming net.minecraft.client.renderer.RenderPipelines FIELD GUI_TEXT_SNIPPET PUBLIC LEAVE META-INF/accesstransformergenerated.cfg:62 to access PUBLIC and LEAVE
[19:58:47] [modloading-worker-0/DEBUG] (net.neoforged.accesstransformer.AccessTransformer) Transforming net.minecraft.client.renderer.RenderPipelines FIELD OUTLINE_SNIPPET PUBLIC LEAVE META-INF/accesstransformergenerated.cfg:67 to access PUBLIC and LEAVE
[19:58:47] [modloading-worker-0/DEBUG] (net.neoforged.fml.javafmlmod.AutomaticEventSubscriber) Subscribing method static void net.neoforged.neoforge.client.NeoForgeRenderPipelines.registerPipelines(net.neoforged.neoforge.client.event.RegisterRenderPipelinesEvent) to the event bus of mod neoforge
[19:58:47] [modloading-worker-0/DEBUG] (net.neoforged.fml.javafmlmod.AutomaticEventSubscriber) Scanning class net.neoforged.neoforge.client.network.ClientPayloadHandler for @SubscribeEvent-annotated methods
[19:58:47] [modloading-worker-0/DEBUG] (net.neoforged.accesstransformer.AccessTransformer) Transforming net.minecraft.client.gui.screens.MenuScreens$ScreenConstructor CLASS PUBLIC LEAVE META-INF/accesstransformer.cfg:19 to access PUBLIC and LEAVE
[19:58:47] [modloading-worker-0/DEBUG] (net.neoforged.fml.javafmlmod.AutomaticEventSubscriber) Subscribing method private static void net.neoforged.neoforge.client.network.ClientPayloadHandler.register(net.neoforged.neoforge.client.network.event.RegisterClientPayloadHandlersEvent) to the event bus of mod neoforge
[19:58:47] [modloading-worker-0/DEBUG] (net.neoforged.fml.javafmlmod.AutomaticEventSubscriber) Scanning class net.neoforged.neoforge.network.ConfigurationInitialization for @SubscribeEvent-annotated methods
[19:58:47] [modloading-worker-0/DEBUG] (net.neoforged.fml.javafmlmod.AutomaticEventSubscriber) Subscribing method private static void net.neoforged.neoforge.network.ConfigurationInitialization.configureModdedClient(net.neoforged.neoforge.network.event.RegisterConfigurationTasksEvent) to the event bus of mod neoforge
[19:58:47] [modloading-worker-0/DEBUG] (net.neoforged.fml.javafmlmod.AutomaticEventSubscriber) Scanning class net.neoforged.neoforge.client.BlockEntityRenderBoundsDebugRenderer for @SubscribeEvent-annotated methods
[19:58:47] [modloading-worker-0/DEBUG] (net.neoforged.fml.javafmlmod.AutomaticEventSubscriber) Subscribing method public static void net.neoforged.neoforge.client.BlockEntityRenderBoundsDebugRenderer.onExtractLevelRenderState(net.neoforged.neoforge.client.event.ExtractLevelRenderStateEvent) to the game event bus
[19:58:47] [modloading-worker-0/DEBUG] (net.neoforged.fml.javafmlmod.AutomaticEventSubscriber) Subscribing method public static void net.neoforged.neoforge.client.BlockEntityRenderBoundsDebugRenderer.onRegisterClientCommands(net.neoforged.neoforge.client.event.RegisterClientCommandsEvent) to the game event bus
[19:58:47] [modloading-worker-0/DEBUG] (net.neoforged.fml.javafmlmod.AutomaticEventSubscriber) Subscribing method public static void net.neoforged.neoforge.client.BlockEntityRenderBoundsDebugRenderer.onRenderLevelStage(net.neoforged.neoforge.client.event.RenderLevelStageEvent$AfterEntities) to the game event bus
[19:58:47] [modloading-worker-0/DEBUG] (net.neoforged.fml.javafmlmod.AutomaticEventSubscriber) Scanning class net.neoforged.neoforge.attachment.AttachmentInternals for @SubscribeEvent-annotated methods
[19:58:47] [modloading-worker-0/DEBUG] (net.neoforged.fml.javafmlmod.AutomaticEventSubscriber) Subscribing method public static void net.neoforged.neoforge.attachment.AttachmentInternals.onPlayerClone(net.neoforged.neoforge.event.entity.player.PlayerEvent$Clone) to the game event bus
[19:58:47] [modloading-worker-0/DEBUG] (net.neoforged.fml.javafmlmod.AutomaticEventSubscriber) Subscribing method public static void net.neoforged.neoforge.attachment.AttachmentInternals.onLivingConvert(net.neoforged.neoforge.event.entity.living.LivingConversionEvent$Post) to the game event bus
[19:58:47] [modloading-worker-0/DEBUG] (net.neoforged.fml.javafmlmod.AutomaticEventSubscriber) Scanning class net.neoforged.neoforge.common.MonsterRoomHooks for @SubscribeEvent-annotated methods
[19:58:47] [modloading-worker-0/DEBUG] (net.neoforged.fml.javafmlmod.AutomaticEventSubscriber) Subscribing method public static void net.neoforged.neoforge.common.MonsterRoomHooks.onDataMapsUpdated(net.neoforged.neoforge.registries.datamaps.DataMapsUpdatedEvent) to the game event bus
[19:58:47] [modloading-sync-worker/DEBUG] (net.neoforged.neoforge.registries.GameData) Unfreezing registries
[19:58:47] [modloading-sync-worker/DEBUG] (net.neoforged.accesstransformer.AccessTransformer) Transforming net.minecraft.world.entity.raid.Raid INNERCLASS RaiderType PUBLIC LEAVE META-INF/accesstransformer.cfg:189 to access PUBLIC and LEAVE
[19:58:47] [modloading-sync-worker/DEBUG] (net.neoforged.accesstransformer.AccessTransformer) Transforming net.minecraft.world.level.storage.LevelResource METHOD <init>(Ljava/lang/String;)V PUBLIC LEAVE META-INF/accesstransformer.cfg:273 to access PUBLIC and LEAVE
[19:58:47] [modloading-sync-worker/DEBUG] (net.neoforged.neoforge.registries.GameData) Freezing registries
[19:58:47] [modloading-sync-worker/DEBUG] (net.neoforged.neoforge.registries.GameData) All registries frozen
[19:58:47] [modloading-sync-worker/DEBUG] (net.neoforged.fml.config.ConfigTracker) Loading configs type CLIENT
[19:58:47] [modloading-sync-worker/DEBUG] (net.neoforged.neoforge.common.NeoForgeMod) Loaded NeoForge config file neoforge-client.toml
[19:58:47] [modloading-sync-worker/DEBUG] (net.neoforged.fml.config.ConfigTracker) Loaded TOML config file D:\VKN\vulkanmod-1.21.10-neoforge-only-template\run\config\neoforge-client.toml
[19:58:47] [modloading-sync-worker/DEBUG] (net.neoforged.fml.config.ConfigTracker) Watching TOML config file D:\VKN\vulkanmod-1.21.10-neoforge-only-template\run\config\neoforge-client.toml for changes
[19:58:47] [modloading-sync-worker/DEBUG] (net.neoforged.fml.config.ConfigTracker) Loading configs type COMMON
[19:58:47] [modloading-sync-worker/DEBUG] (net.neoforged.neoforge.common.NeoForgeMod) Loaded NeoForge config file neoforge-common.toml
[19:58:47] [modloading-sync-worker/DEBUG] (net.neoforged.fml.config.ConfigTracker) Loaded TOML config file D:\VKN\vulkanmod-1.21.10-neoforge-only-template\run\config\neoforge-common.toml
[19:58:47] [modloading-sync-worker/DEBUG] (net.neoforged.fml.config.ConfigTracker) Watching TOML config file D:\VKN\vulkanmod-1.21.10-neoforge-only-template\run\config\neoforge-common.toml for changes
[19:58:47] [Render thread/DEBUG] (net.neoforged.accesstransformer.AccessTransformer) Transforming net.minecraft.client.resources.ClientPackSource METHOD createVanillaPackSource(Ljava/nio/file/Path;)Lnet/minecraft/server/packs/VanillaPackResources; PUBLIC LEAVE META-INF/accesstransformer.cfg:91 to access PUBLIC and LEAVE
[19:58:47] [Render thread/DEBUG] (net.neoforged.accesstransformer.AccessTransformer) Transforming net.minecraft.server.packs.repository.BuiltInPackSource METHOD fixedResources(Lnet/minecraft/server/packs/PackResources;)Lnet/minecraft/server/packs/repository/Pack$ResourcesSupplier; PUBLIC LEAVE META-INF/accesstransformer.cfg:160 to access PUBLIC and LEAVE
[19:58:47] [Render thread/DEBUG] (net.neoforged.accesstransformer.AccessTransformer) Transforming net.minecraft.server.packs.metadata.pack.PackFormat$IntermediaryFormat FIELD PACK_CODEC PUBLIC LEAVE META-INF/accesstransformer.cfg:159 to access PUBLIC and LEAVE
[19:58:48] [Render thread/DEBUG] (net.neoforged.accesstransformer.AccessTransformer) Transforming net.minecraft.server.packs.repository.PackRepository METHOD rebuildSelected(Ljava/util/Collection;)Ljava/util/List; PUBLIC LEAVE META-INF/accesstransformer.cfg:161 to access PUBLIC and LEAVE
[19:58:48] [Render thread/INFO] (com.mojang.authlib.yggdrasil.YggdrasilAuthenticationService) Environment: Environment[sessionHost=https://sessionserver.mojang.com, servicesHost=https://api.minecraftservices.com, profilesHost=https://api.mojang.com, name=PROD]
[19:58:48] [Render thread/INFO] (net.minecraft.client.Minecraft) Setting user: Dev
[19:58:48] [Render thread/DEBUG] (net.neoforged.accesstransformer.AccessTransformer) Transforming net.minecraft.client.KeyMapping FIELD isDown DEFAULT LEAVE META-INF/accesstransformer.cfg:3 to access DEFAULT and LEAVE
[19:58:48] [Render thread/DEBUG] (net.neoforged.accesstransformer.AccessTransformer) Transforming net.minecraft.client.Options INNERCLASS FieldAccess PUBLIC LEAVE META-INF/accesstransformer.cfg:5 to access PUBLIC and LEAVE
[19:58:48] [Render thread/DEBUG] (net.neoforged.accesstransformer.AccessTransformer) Transforming net.minecraft.client.Options FIELD keyMappings PUBLIC REMOVEFINAL META-INF/accesstransformer.cfg:4 to access PUBLIC and REMOVEFINAL
[19:58:48] [Render thread/DEBUG] (net.neoforged.accesstransformer.AccessTransformer) Transforming net.minecraft.client.OptionInstance$ValueSet CLASS PUBLIC LEAVE META-INF/accesstransformer.cfg:8 to access PUBLIC and LEAVE
[19:58:48] [Render thread/DEBUG] (net.neoforged.accesstransformer.AccessTransformer) Transforming net.minecraft.client.Options$FieldAccess CLASS PUBLIC LEAVE META-INF/accesstransformer.cfg:5 to access PUBLIC and LEAVE
[19:58:48] [Render thread/DEBUG] (net.neoforged.accesstransformer.AccessTransformer) Transforming net.minecraft.client.OptionInstance INNERCLASS ValueSet PUBLIC LEAVE META-INF/accesstransformer.cfg:8 to access PUBLIC and LEAVE
[19:58:48] [Render thread/DEBUG] (net.neoforged.accesstransformer.AccessTransformer) Transforming net.minecraft.client.OptionInstance FIELD toString PUBLIC LEAVE META-INF/accesstransformer.cfg:7 to access PUBLIC and LEAVE
[19:58:48] [Render thread/DEBUG] (net.neoforged.accesstransformer.AccessTransformer) Transforming net.minecraft.client.OptionInstance FIELD caption PUBLIC LEAVE META-INF/accesstransformer.cfg:6 to access PUBLIC and LEAVE
[19:58:48] [Render thread/DEBUG] (net.neoforged.accesstransformer.AccessTransformer) Transforming net.minecraft.client.gui.components.AbstractSliderButton FIELD dragging PROTECTED LEAVE META-INF/accesstransformer.cfg:13 to access PROTECTED and LEAVE
[19:58:48] [Render thread/DEBUG] (net.neoforged.accesstransformer.AccessTransformer) Transforming net.minecraft.client.gui.components.AbstractSliderButton METHOD getSprite()Lnet/minecraft/resources/ResourceLocation; PROTECTED LEAVE META-INF/accesstransformer.cfg:14 to access PROTECTED and LEAVE
[19:58:48] [Render thread/DEBUG] (net.neoforged.accesstransformer.AccessTransformer) Transforming net.minecraft.client.gui.components.AbstractSliderButton METHOD getHandleSprite()Lnet/minecraft/resources/ResourceLocation; PROTECTED LEAVE META-INF/accesstransformer.cfg:15 to access PROTECTED and LEAVE
[19:58:48] [Render thread/DEBUG] (net.neoforged.accesstransformer.AccessTransformer) Transforming net.minecraft.client.input.InputQuirks FIELD ON_OSX PUBLIC LEAVE META-INF/accesstransformer.cfg:24 to access PUBLIC and LEAVE
[19:58:48] [Render thread/DEBUG] (net.neoforged.accesstransformer.AccessTransformer) Transforming net.minecraft.client.gui.components.debug.DebugEntryMemory FIELD GROUP PUBLIC LEAVE META-INF/accesstransformergenerated.cfg:361 to access PUBLIC and LEAVE
[19:58:48] [Render thread/DEBUG] (net.neoforged.accesstransformer.AccessTransformer) Transforming net.minecraft.client.gui.components.debug.DebugEntrySystemSpecs FIELD GROUP PUBLIC LEAVE META-INF/accesstransformergenerated.cfg:362 to access PUBLIC and LEAVE
[19:58:48] [Render thread/DEBUG] (net.neoforged.accesstransformer.AccessTransformer) Transforming net.minecraft.client.gui.components.debug.DebugEntryLookingAtBlock FIELD GROUP PUBLIC LEAVE META-INF/accesstransformergenerated.cfg:358 to access PUBLIC and LEAVE
[19:58:48] [Render thread/DEBUG] (net.neoforged.accesstransformer.AccessTransformer) Transforming net.minecraft.client.gui.components.debug.DebugEntryLookingAtFluid FIELD GROUP PUBLIC LEAVE META-INF/accesstransformergenerated.cfg:360 to access PUBLIC and LEAVE
[19:58:48] [Render thread/DEBUG] (net.neoforged.accesstransformer.AccessTransformer) Transforming net.minecraft.client.gui.components.debug.DebugEntryLookingAtEntity FIELD GROUP PUBLIC LEAVE META-INF/accesstransformergenerated.cfg:359 to access PUBLIC and LEAVE
[19:58:48] [Render thread/DEBUG] (net.neoforged.accesstransformer.AccessTransformer) Transforming net.minecraft.client.gui.components.debug.DebugEntryChunkGeneration FIELD GROUP PUBLIC LEAVE META-INF/accesstransformergenerated.cfg:356 to access PUBLIC and LEAVE
[19:58:48] [Render thread/DEBUG] (net.neoforged.accesstransformer.AccessTransformer) Transforming net.minecraft.client.gui.components.debug.DebugEntryHeightmap FIELD GROUP PUBLIC LEAVE META-INF/accesstransformergenerated.cfg:357 to access PUBLIC and LEAVE
[19:58:48] [Render thread/DEBUG] (net.neoforged.accesstransformer.AccessTransformer) Transforming net.minecraft.client.gui.components.debug.DebugEntryBiome FIELD GROUP PUBLIC LEAVE META-INF/accesstransformergenerated.cfg:355 to access PUBLIC and LEAVE
[19:58:48] [Render thread/INFO] (net.minecraft.client.Minecraft) Backend library: LWJGL version 3.3.3+5
[19:58:49] [Render thread/DEBUG] (net.neoforged.accesstransformer.AccessTransformer) Transforming com.mojang.blaze3d.opengl.GlStateManager INNERCLASS TextureState PUBLIC LEAVE META-INF/accesstransformer.cfg:21 to access PUBLIC and LEAVE
[19:58:49] [Render thread/DEBUG] (net.neoforged.accesstransformer.AccessTransformer) Transforming com.mojang.blaze3d.opengl.GlStateManager$TextureState CLASS PUBLIC LEAVE META-INF/accesstransformer.cfg:21 to access PUBLIC and LEAVE
[19:58:49] [Render thread/DEBUG] (net.neoforged.accesstransformer.AccessTransformer) Transforming com.mojang.blaze3d.opengl.GlStateManager$TextureState FIELD binding PUBLIC LEAVE META-INF/accesstransformer.cfg:22 to access PUBLIC and LEAVE
[19:58:49] [Render thread/INFO] (net.minecraft.client.Minecraft) Using optional rendering extensions: GL_ARB_buffer_storage, GL_KHR_debug, GL_ARB_vertex_attrib_binding, GL_ARB_direct_state_access
[19:58:50] [Render thread/DEBUG] (net.neoforged.accesstransformer.AccessTransformer) Transforming net.minecraft.server.packs.resources.ReloadableResourceManager FIELD listeners PRIVATE REMOVEFINAL META-INF/accesstransformer.cfg:330 to access PRIVATE and REMOVEFINAL
[19:58:50] [Render thread/DEBUG] (net.neoforged.accesstransformer.AccessTransformer) Transforming net.minecraft.client.renderer.RenderType FIELDWILDCARD PUBLIC LEAVE META-INF/accesstransformer.cfg:44 to access PUBLIC and LEAVE
[19:58:50] [Render thread/DEBUG] (net.neoforged.accesstransformer.AccessTransformer) Transforming net.minecraft.client.renderer.RenderType INNERCLASS CompositeState PUBLIC LEAVE META-INF/accesstransformer.cfg:48 to access PUBLIC and LEAVE
[19:58:50] [Render thread/DEBUG] (net.neoforged.accesstransformer.AccessTransformer) Transforming net.minecraft.client.renderer.RenderType INNERCLASS OutlineProperty PUBLIC LEAVE META-INF/accesstransformer.cfg:47 to access PUBLIC and LEAVE
[19:58:50] [Render thread/DEBUG] (net.neoforged.accesstransformer.AccessTransformer) Transforming net.minecraft.client.renderer.RenderType METHOD create(Ljava/lang/String;ILcom/mojang/blaze3d/pipeline/RenderPipeline;Lnet/minecraft/client/renderer/RenderType$CompositeState;)Lnet/minecraft/client/renderer/RenderType$CompositeRenderType; PUBLIC LEAVE META-INF/accesstransformer.cfg:45 to access PUBLIC and LEAVE
[19:58:50] [Render thread/DEBUG] (net.neoforged.accesstransformer.AccessTransformer) Transforming net.minecraft.client.renderer.RenderType METHOD create(Ljava/lang/String;IZZLcom/mojang/blaze3d/pipeline/RenderPipeline;Lnet/minecraft/client/renderer/RenderType$CompositeState;)Lnet/minecraft/client/renderer/RenderType$CompositeRenderType; PUBLIC LEAVE META-INF/accesstransformer.cfg:46 to access PUBLIC and LEAVE
[19:58:50] [Render thread/DEBUG] (net.neoforged.accesstransformer.AccessTransformer) Transforming net.minecraft.client.renderer.RenderStateShard INNERCLASS TextureStateShard PUBLIC LEAVE META-INF/accesstransformergenerated.cfg:16 to access PUBLIC and LEAVE
[19:58:50] [Render thread/DEBUG] (net.neoforged.accesstransformer.AccessTransformer) Transforming net.minecraft.client.renderer.RenderStateShard INNERCLASS LayeringStateShard PUBLIC LEAVE META-INF/accesstransformergenerated.cfg:7 to access PUBLIC and LEAVE
[19:58:50] [Render thread/DEBUG] (net.neoforged.accesstransformer.AccessTransformer) Transforming net.minecraft.client.renderer.RenderStateShard INNERCLASS LightmapStateShard PUBLIC LEAVE META-INF/accesstransformergenerated.cfg:8 to access PUBLIC and LEAVE
[19:58:50] [Render thread/DEBUG] (net.neoforged.accesstransformer.AccessTransformer) Transforming net.minecraft.client.renderer.RenderStateShard INNERCLASS LineStateShard PUBLIC LEAVE META-INF/accesstransformergenerated.cfg:9 to access PUBLIC and LEAVE
[19:58:50] [Render thread/DEBUG] (net.neoforged.accesstransformer.AccessTransformer) Transforming net.minecraft.client.renderer.RenderStateShard INNERCLASS TexturingStateShard PUBLIC LEAVE META-INF/accesstransformergenerated.cfg:17 to access PUBLIC and LEAVE
[19:58:50] [Render thread/DEBUG] (net.neoforged.accesstransformer.AccessTransformer) Transforming net.minecraft.client.renderer.RenderStateShard INNERCLASS EmptyTextureStateShard PUBLIC LEAVE META-INF/accesstransformergenerated.cfg:6 to access PUBLIC and LEAVE
[19:58:50] [Render thread/DEBUG] (net.neoforged.accesstransformer.AccessTransformer) Transforming net.minecraft.client.renderer.RenderStateShard INNERCLASS OffsetTexturingStateShard PUBLIC LEAVE META-INF/accesstransformergenerated.cfg:13 to access PUBLIC and LEAVE
[19:58:50] [Render thread/DEBUG] (net.neoforged.accesstransformer.AccessTransformer) Transforming net.minecraft.client.renderer.RenderStateShard INNERCLASS OverlayStateShard PUBLIC LEAVE META-INF/accesstransformergenerated.cfg:15 to access PUBLIC and LEAVE
[19:58:50] [Render thread/DEBUG] (net.neoforged.accesstransformer.AccessTransformer) Transforming net.minecraft.client.renderer.RenderStateShard INNERCLASS OutputStateShard PUBLIC LEAVE META-INF/accesstransformergenerated.cfg:14 to access PUBLIC and LEAVE
[19:58:50] [Render thread/DEBUG] (net.neoforged.accesstransformer.AccessTransformer) Transforming net.minecraft.client.renderer.RenderStateShard INNERCLASS MultiTextureStateShard PUBLIC LEAVE META-INF/accesstransformergenerated.cfg:10 to access PUBLIC and LEAVE
[19:58:50] [Render thread/DEBUG] (net.neoforged.accesstransformer.AccessTransformer) Transforming net.minecraft.client.renderer.RenderStateShard INNERCLASS BooleanStateShard PUBLIC LEAVE META-INF/accesstransformergenerated.cfg:5 to access PUBLIC and LEAVE
[19:58:50] [Render thread/DEBUG] (net.neoforged.accesstransformer.AccessTransformer) Transforming net.minecraft.client.renderer.RenderStateShard FIELD name PUBLIC LEAVE META-INF/accesstransformer.cfg:14 to access PUBLIC and LEAVE
[19:58:50] [Render thread/DEBUG] (net.neoforged.accesstransformer.AccessTransformer) Transforming net.minecraft.client.renderer.RenderStateShard FIELD BLOCK_SHEET_MIPPED PUBLIC LEAVE META-INF/accesstransformergenerated.cfg:22 to access PUBLIC and LEAVE
[19:58:50] [Render thread/DEBUG] (net.neoforged.accesstransformer.AccessTransformer) Transforming net.minecraft.client.renderer.RenderStateShard FIELD BLOCK_SHEET PUBLIC LEAVE META-INF/accesstransformergenerated.cfg:21 to access PUBLIC and LEAVE
[19:58:50] [Render thread/DEBUG] (net.neoforged.accesstransformer.AccessTransformer) Transforming net.minecraft.client.renderer.RenderStateShard FIELD NO_TEXTURE PUBLIC LEAVE META-INF/accesstransformergenerated.cfg:33 to access PUBLIC and LEAVE
[19:58:50] [Render thread/DEBUG] (net.neoforged.accesstransformer.AccessTransformer) Transforming net.minecraft.client.renderer.RenderStateShard FIELD DEFAULT_TEXTURING PUBLIC LEAVE META-INF/accesstransformergenerated.cfg:24 to access PUBLIC and LEAVE
[19:58:50] [Render thread/DEBUG] (net.neoforged.accesstransformer.AccessTransformer) Transforming net.minecraft.client.renderer.RenderStateShard FIELD GLINT_TEXTURING PUBLIC LEAVE META-INF/accesstransformergenerated.cfg:26 to access PUBLIC and LEAVE
[19:58:50] [Render thread/DEBUG] (net.neoforged.accesstransformer.AccessTransformer) Transforming net.minecraft.client.renderer.RenderStateShard FIELD ENTITY_GLINT_TEXTURING PUBLIC LEAVE META-INF/accesstransformergenerated.cfg:25 to access PUBLIC and LEAVE
[19:58:50] [Render thread/DEBUG] (net.neoforged.accesstransformer.AccessTransformer) Transforming net.minecraft.client.renderer.RenderStateShard FIELD ARMOR_ENTITY_GLINT_TEXTURING PUBLIC LEAVE META-INF/accesstransformergenerated.cfg:20 to access PUBLIC and LEAVE
[19:58:50] [Render thread/DEBUG] (net.neoforged.accesstransformer.AccessTransformer) Transforming net.minecraft.client.renderer.RenderStateShard FIELD LIGHTMAP PUBLIC LEAVE META-INF/accesstransformergenerated.cfg:28 to access PUBLIC and LEAVE
[19:58:50] [Render thread/DEBUG] (net.neoforged.accesstransformer.AccessTransformer) Transforming net.minecraft.client.renderer.RenderStateShard FIELD NO_LIGHTMAP PUBLIC LEAVE META-INF/accesstransformergenerated.cfg:31 to access PUBLIC and LEAVE
[19:58:50] [Render thread/DEBUG] (net.neoforged.accesstransformer.AccessTransformer) Transforming net.minecraft.client.renderer.RenderStateShard FIELD OVERLAY PUBLIC LEAVE META-INF/accesstransformergenerated.cfg:35 to access PUBLIC and LEAVE
[19:58:50] [Render thread/DEBUG] (net.neoforged.accesstransformer.AccessTransformer) Transforming net.minecraft.client.renderer.RenderStateShard FIELD NO_OVERLAY PUBLIC LEAVE META-INF/accesstransformergenerated.cfg:32 to access PUBLIC and LEAVE
[19:58:50] [Render thread/DEBUG] (net.neoforged.accesstransformer.AccessTransformer) Transforming net.minecraft.client.renderer.RenderStateShard FIELD NO_LAYERING PUBLIC LEAVE META-INF/accesstransformergenerated.cfg:30 to access PUBLIC and LEAVE
[19:58:50] [Render thread/DEBUG] (net.neoforged.accesstransformer.AccessTransformer) Transforming net.minecraft.client.renderer.RenderStateShard FIELD VIEW_OFFSET_Z_LAYERING PUBLIC LEAVE META-INF/accesstransformergenerated.cfg:36 to access PUBLIC and LEAVE
[19:58:50] [Render thread/DEBUG] (net.neoforged.accesstransformer.AccessTransformer) Transforming net.minecraft.client.renderer.RenderStateShard FIELD VIEW_OFFSET_Z_LAYERING_FORWARD PUBLIC LEAVE META-INF/accesstransformergenerated.cfg:37 to access PUBLIC and LEAVE
[19:58:50] [Render thread/DEBUG] (net.neoforged.accesstransformer.AccessTransformer) Transforming net.minecraft.client.renderer.RenderStateShard FIELD MAIN_TARGET PUBLIC LEAVE META-INF/accesstransformergenerated.cfg:29 to access PUBLIC and LEAVE
[19:58:50] [Render thread/DEBUG] (net.neoforged.accesstransformer.AccessTransformer) Transforming net.minecraft.client.renderer.RenderStateShard FIELD OUTLINE_TARGET PUBLIC LEAVE META-INF/accesstransformergenerated.cfg:34 to access PUBLIC and LEAVE
[19:58:50] [Render thread/DEBUG] (net.neoforged.accesstransformer.AccessTransformer) Transforming net.minecraft.client.renderer.RenderStateShard FIELD WEATHER_TARGET PUBLIC LEAVE META-INF/accesstransformergenerated.cfg:38 to access PUBLIC and LEAVE
[19:58:50] [Render thread/DEBUG] (net.neoforged.accesstransformer.AccessTransformer) Transforming net.minecraft.client.renderer.RenderStateShard FIELD ITEM_ENTITY_TARGET PUBLIC LEAVE META-INF/accesstransformergenerated.cfg:27 to access PUBLIC and LEAVE
[19:58:50] [Render thread/DEBUG] (net.neoforged.accesstransformer.AccessTransformer) Transforming net.minecraft.client.renderer.RenderStateShard FIELD DEFAULT_LINE PUBLIC LEAVE META-INF/accesstransformergenerated.cfg:23 to access PUBLIC and LEAVE
[19:58:50] [Render thread/DEBUG] (net.neoforged.accesstransformer.AccessTransformer) Transforming net.minecraft.client.renderer.RenderStateShard METHOD setupGlintTexturing(F)V PUBLIC LEAVE META-INF/accesstransformer.cfg:50 to access PUBLIC and LEAVE
[19:58:50] [Render thread/DEBUG] (net.neoforged.accesstransformer.AccessTransformer) Transforming net.minecraft.client.renderer.RenderStateShard$EmptyTextureStateShard CLASS PUBLIC LEAVE META-INF/accesstransformergenerated.cfg:6 to access PUBLIC and LEAVE
[19:58:50] [Render thread/DEBUG] (net.neoforged.accesstransformer.AccessTransformer) Transforming net.minecraft.client.renderer.RenderStateShard$TextureStateShard CLASS PUBLIC LEAVE META-INF/accesstransformergenerated.cfg:16 to access PUBLIC and LEAVE
[19:58:50] [Render thread/DEBUG] (net.neoforged.accesstransformer.AccessTransformer) Transforming net.minecraft.client.renderer.RenderStateShard$TextureStateShard FIELD mipmap PROTECTED REMOVEFINAL META-INF/accesstransformer.cfg:49 to access PROTECTED and REMOVEFINAL
[19:58:50] [Render thread/DEBUG] (net.neoforged.accesstransformer.AccessTransformer) Transforming net.minecraft.client.renderer.RenderStateShard$MultiTextureStateShard INNERCLASS Entry PUBLIC LEAVE META-INF/accesstransformergenerated.cfg:11 to access PUBLIC and LEAVE
[19:58:50] [Render thread/DEBUG] (net.neoforged.accesstransformer.AccessTransformer) Transforming net.minecraft.client.renderer.RenderStateShard$MultiTextureStateShard CLASS PUBLIC LEAVE META-INF/accesstransformergenerated.cfg:10 to access PUBLIC and LEAVE
[19:58:50] [Render thread/DEBUG] (net.neoforged.accesstransformer.AccessTransformer) Transforming net.minecraft.client.renderer.RenderStateShard$TexturingStateShard CLASS PUBLIC LEAVE META-INF/accesstransformergenerated.cfg:17 to access PUBLIC and LEAVE
[19:58:50] [Render thread/DEBUG] (net.neoforged.accesstransformer.AccessTransformer) Transforming net.minecraft.client.renderer.RenderStateShard$OffsetTexturingStateShard CLASS PUBLIC LEAVE META-INF/accesstransformergenerated.cfg:13 to access PUBLIC and LEAVE
[19:58:50] [Render thread/DEBUG] (net.neoforged.accesstransformer.AccessTransformer) Transforming net.minecraft.client.renderer.RenderStateShard$LightmapStateShard CLASS PUBLIC LEAVE META-INF/accesstransformergenerated.cfg:8 to access PUBLIC and LEAVE
[19:58:50] [Render thread/DEBUG] (net.neoforged.accesstransformer.AccessTransformer) Transforming net.minecraft.client.renderer.RenderStateShard$BooleanStateShard CLASS PUBLIC LEAVE META-INF/accesstransformergenerated.cfg:5 to access PUBLIC and LEAVE
[19:58:50] [Render thread/DEBUG] (net.neoforged.accesstransformer.AccessTransformer) Transforming net.minecraft.client.renderer.RenderStateShard$OverlayStateShard CLASS PUBLIC LEAVE META-INF/accesstransformergenerated.cfg:15 to access PUBLIC and LEAVE
[19:58:50] [Render thread/DEBUG] (net.neoforged.accesstransformer.AccessTransformer) Transforming net.minecraft.client.renderer.RenderStateShard$LayeringStateShard CLASS PUBLIC LEAVE META-INF/accesstransformergenerated.cfg:7 to access PUBLIC and LEAVE
[19:58:50] [Render thread/DEBUG] (net.neoforged.accesstransformer.AccessTransformer) Transforming net.minecraft.client.renderer.RenderStateShard$OutputStateShard CLASS PUBLIC LEAVE META-INF/accesstransformergenerated.cfg:14 to access PUBLIC and LEAVE
[19:58:50] [Render thread/DEBUG] (net.neoforged.accesstransformer.AccessTransformer) Transforming net.minecraft.client.renderer.RenderStateShard$LineStateShard CLASS PUBLIC LEAVE META-INF/accesstransformergenerated.cfg:9 to access PUBLIC and LEAVE
[19:58:50] [Render thread/DEBUG] (net.neoforged.accesstransformer.AccessTransformer) Transforming net.minecraft.client.renderer.RenderType$CompositeState CLASS PUBLIC LEAVE META-INF/accesstransformer.cfg:48 to access PUBLIC and LEAVE
[19:58:50] [Render thread/DEBUG] (net.neoforged.accesstransformer.AccessTransformer) Transforming net.minecraft.client.renderer.RenderType$CompositeState$CompositeStateBuilder METHOD setTextureState(Lnet/minecraft/client/renderer/RenderStateShard$EmptyTextureStateShard;)Lnet/minecraft/client/renderer/RenderType$CompositeState$CompositeStateBuilder; PUBLIC LEAVE META-INF/accesstransformergenerated.cfg:48 to access PUBLIC and LEAVE
[19:58:50] [Render thread/DEBUG] (net.neoforged.accesstransformer.AccessTransformer) Transforming net.minecraft.client.renderer.RenderType$CompositeState$CompositeStateBuilder METHOD setLightmapState(Lnet/minecraft/client/renderer/RenderStateShard$LightmapStateShard;)Lnet/minecraft/client/renderer/RenderType$CompositeState$CompositeStateBuilder; PUBLIC LEAVE META-INF/accesstransformergenerated.cfg:44 to access PUBLIC and LEAVE
[19:58:50] [Render thread/DEBUG] (net.neoforged.accesstransformer.AccessTransformer) Transforming net.minecraft.client.renderer.RenderType$CompositeState$CompositeStateBuilder METHOD setOverlayState(Lnet/minecraft/client/renderer/RenderStateShard$OverlayStateShard;)Lnet/minecraft/client/renderer/RenderType$CompositeState$CompositeStateBuilder; PUBLIC LEAVE META-INF/accesstransformergenerated.cfg:47 to access PUBLIC and LEAVE
[19:58:50] [Render thread/DEBUG] (net.neoforged.accesstransformer.AccessTransformer) Transforming net.minecraft.client.renderer.RenderType$CompositeState$CompositeStateBuilder METHOD setLayeringState(Lnet/minecraft/client/renderer/RenderStateShard$LayeringStateShard;)Lnet/minecraft/client/renderer/RenderType$CompositeState$CompositeStateBuilder; PUBLIC LEAVE META-INF/accesstransformergenerated.cfg:43 to access PUBLIC and LEAVE
[19:58:50] [Render thread/DEBUG] (net.neoforged.accesstransformer.AccessTransformer) Transforming net.minecraft.client.renderer.RenderType$CompositeState$CompositeStateBuilder METHOD setOutputState(Lnet/minecraft/client/renderer/RenderStateShard$OutputStateShard;)Lnet/minecraft/client/renderer/RenderType$CompositeState$CompositeStateBuilder; PUBLIC LEAVE META-INF/accesstransformergenerated.cfg:46 to access PUBLIC and LEAVE
[19:58:50] [Render thread/DEBUG] (net.neoforged.accesstransformer.AccessTransformer) Transforming net.minecraft.client.renderer.RenderType$CompositeState$CompositeStateBuilder METHOD setTexturingState(Lnet/minecraft/client/renderer/RenderStateShard$TexturingStateShard;)Lnet/minecraft/client/renderer/RenderType$CompositeState$CompositeStateBuilder; PUBLIC LEAVE META-INF/accesstransformergenerated.cfg:49 to access PUBLIC and LEAVE
[19:58:50] [Render thread/DEBUG] (net.neoforged.accesstransformer.AccessTransformer) Transforming net.minecraft.client.renderer.RenderType$CompositeState$CompositeStateBuilder METHOD setLineState(Lnet/minecraft/client/renderer/RenderStateShard$LineStateShard;)Lnet/minecraft/client/renderer/RenderType$CompositeState$CompositeStateBuilder; PUBLIC LEAVE META-INF/accesstransformergenerated.cfg:45 to access PUBLIC and LEAVE
[19:58:50] [Render thread/DEBUG] (net.neoforged.accesstransformer.AccessTransformer) Transforming net.minecraft.client.renderer.RenderType$CompositeState$CompositeStateBuilder METHOD createCompositeState(Z)Lnet/minecraft/client/renderer/RenderType$CompositeState; PUBLIC LEAVE META-INF/accesstransformergenerated.cfg:42 to access PUBLIC and LEAVE
[19:58:50] [Render thread/DEBUG] (net.neoforged.accesstransformer.AccessTransformer) Transforming net.minecraft.client.renderer.RenderType$CompositeState$CompositeStateBuilder METHOD createCompositeState(Lnet/minecraft/client/renderer/RenderType$OutlineProperty;)Lnet/minecraft/client/renderer/RenderType$CompositeState; PUBLIC LEAVE META-INF/accesstransformergenerated.cfg:41 to access PUBLIC and LEAVE
[19:58:50] [Render thread/DEBUG] (net.neoforged.accesstransformer.AccessTransformer) Transforming net.minecraft.client.renderer.RenderType$OutlineProperty CLASS PUBLIC LEAVE META-INF/accesstransformer.cfg:47 to access PUBLIC and LEAVE
[19:58:50] [Render thread/DEBUG] (net.neoforged.accesstransformer.AccessTransformer) Transforming net.minecraft.client.renderer.RenderStateShard$MultiTextureStateShard$Entry CLASS PUBLIC LEAVE META-INF/accesstransformergenerated.cfg:11 to access PUBLIC and LEAVE
[19:58:50] [Render thread/DEBUG] (net.neoforged.accesstransformer.AccessTransformer) Transforming net.minecraft.client.renderer.RenderStateShard$MultiTextureStateShard$Entry METHOD <init>(Lnet/minecraft/resources/ResourceLocation;Z)V PUBLIC LEAVE META-INF/accesstransformergenerated.cfg:12 to access PUBLIC and LEAVE
[19:58:50] [Render thread/DEBUG] (net.neoforged.accesstransformer.AccessTransformer) Transforming net.minecraft.client.renderer.texture.atlas.sources.Unstitcher INNERCLASS Region PUBLIC LEAVE META-INF/accesstransformer.cfg:87 to access PUBLIC and LEAVE
[19:58:50] [Render thread/DEBUG] (net.neoforged.accesstransformer.AccessTransformer) Transforming net.minecraft.client.renderer.texture.atlas.sources.Unstitcher INNERCLASS RegionInstance PUBLIC LEAVE META-INF/accesstransformer.cfg:89 to access PUBLIC and LEAVE
[19:58:50] [Render thread/DEBUG] (net.neoforged.accesstransformer.AccessTransformer) Transforming net.minecraft.client.renderer.texture.atlas.sources.Unstitcher$Region CLASS PUBLIC LEAVE META-INF/accesstransformer.cfg:87 to access PUBLIC and LEAVE
[19:58:50] [Render thread/DEBUG] (net.neoforged.accesstransformer.AccessTransformer) Transforming net.minecraft.client.renderer.texture.atlas.sources.Unstitcher$Region METHOD <init>(Lnet/minecraft/resources/ResourceLocation;DDDD)V PUBLIC LEAVE META-INF/accesstransformer.cfg:88 to access PUBLIC and LEAVE
[19:58:50] [Render thread/DEBUG] (net.neoforged.accesstransformer.AccessTransformer) Transforming net.minecraft.client.renderer.texture.atlas.sources.PalettedPermutations INNERCLASS PalettedSpriteSupplier PUBLIC LEAVE META-INF/accesstransformer.cfg:85 to access PUBLIC and LEAVE
[19:58:50] [Render thread/DEBUG] (net.neoforged.accesstransformer.AccessTransformer) Transforming net.minecraft.client.renderer.texture.atlas.sources.PalettedPermutations METHOD <init>(Ljava/util/List;Lnet/minecraft/resources/ResourceLocation;Ljava/util/Map;)V PUBLIC LEAVE META-INF/accesstransformer.cfg:84 to access PUBLIC and LEAVE
[19:58:50] [Render thread/DEBUG] (net.neoforged.accesstransformer.AccessTransformer) Transforming net.minecraft.server.packs.OverlayMetadataSection$OverlayEntry INNERCLASS IntermediateEntry PUBLIC LEAVE META-INF/accesstransformer.cfg:156 to access PUBLIC and LEAVE
[19:58:50] [Render thread/DEBUG] (net.neoforged.accesstransformer.AccessTransformer) Transforming net.minecraft.server.packs.OverlayMetadataSection$OverlayEntry$IntermediateEntry CLASS PUBLIC LEAVE META-INF/accesstransformer.cfg:156 to access PUBLIC and LEAVE
[19:58:50] [Render thread/DEBUG] (net.neoforged.accesstransformer.AccessTransformer) Transforming net.minecraft.server.packs.OverlayMetadataSection$OverlayEntry$IntermediateEntry FIELD CODEC PUBLIC LEAVE META-INF/accesstransformer.cfg:158 to access PUBLIC and LEAVE
[19:58:50] [Render thread/DEBUG] (net.neoforged.accesstransformer.AccessTransformer) Transforming net.minecraft.server.packs.OverlayMetadataSection$OverlayEntry$IntermediateEntry METHOD <init>(Lnet/minecraft/server/packs/metadata/pack/PackFormat$IntermediaryFormat;Ljava/lang/String;)V PUBLIC LEAVE META-INF/accesstransformer.cfg:157 to access PUBLIC and LEAVE
[19:58:50] [Render thread/DEBUG] (net.neoforged.accesstransformer.AccessTransformer) Transforming net.minecraft.server.packs.FilePackResources$SharedZipFileAccess CLASS PUBLIC LEAVE META-INF/accesstransformer.cfg:154 to access PUBLIC and LEAVE
[19:58:50] [Render thread/DEBUG] (net.neoforged.accesstransformer.AccessTransformer) Transforming net.minecraft.server.packs.FilePackResources$SharedZipFileAccess METHOD <init>(Ljava/io/File;)V PUBLIC LEAVE META-INF/accesstransformer.cfg:155 to access PUBLIC and LEAVE
[19:58:50] [Render thread/DEBUG] (net.neoforged.accesstransformer.AccessTransformer) Transforming net.minecraft.server.packs.FilePackResources INNERCLASS SharedZipFileAccess PUBLIC LEAVE META-INF/accesstransformer.cfg:154 to access PUBLIC and LEAVE
[19:58:50] [Render thread/DEBUG] (net.neoforged.accesstransformer.AccessTransformer) Transforming net.minecraft.server.packs.FilePackResources METHOD <init>(Lnet/minecraft/server/packs/PackLocationInfo;Lnet/minecraft/server/packs/FilePackResources$SharedZipFileAccess;Ljava/lang/String;)V PUBLIC LEAVE META-INF/accesstransformer.cfg:153 to access PUBLIC and LEAVE
[19:58:50] [Render thread/DEBUG] (net.neoforged.accesstransformer.AccessTransformer) Transforming net.minecraft.client.renderer.ShaderManager INNERCLASS CompilationCache PUBLIC LEAVE META-INF/accesstransformer.cfg:18 to access PUBLIC and LEAVE
[19:58:50] [Render thread/DEBUG] (net.neoforged.accesstransformer.AccessTransformer) Transforming net.minecraft.client.renderer.ShaderManager INNERCLASS ShaderSourceKey PUBLIC LEAVE META-INF/accesstransformer.cfg:16 to access PUBLIC and LEAVE
[19:58:50] [Render thread/DEBUG] (net.neoforged.accesstransformer.AccessTransformer) Transforming net.minecraft.client.renderer.ShaderManager$CompilationCache CLASS PUBLIC LEAVE META-INF/accesstransformer.cfg:18 to access PUBLIC and LEAVE
[19:58:50] [Render thread/DEBUG] (net.neoforged.accesstransformer.AccessTransformer) Transforming net.minecraft.client.sounds.SoundEngine FIELD soundManager PUBLIC LEAVE META-INF/accesstransformer.cfg:94 to access PUBLIC and LEAVE
[19:58:50] [Render thread/DEBUG] (net.neoforged.accesstransformer.AccessTransformer) Transforming net.minecraft.client.resources.SplashManager FIELD SPLASHES_LOCATION PUBLIC LEAVE META-INF/accesstransformer.cfg:343 to access PUBLIC and LEAVE
[19:58:50] [Render thread/DEBUG] (net.neoforged.accesstransformer.AccessTransformer) Transforming net.minecraft.client.renderer.blockentity.SkullBlockRenderer FIELD SKIN_BY_TYPE PUBLIC LEAVE META-INF/accesstransformer.cfg:78 to access PUBLIC and LEAVE
[19:58:50] [Render thread/DEBUG] (net.neoforged.accesstransformer.AccessTransformer) Transforming net.minecraft.client.renderer.OutlineBufferSource INNERCLASS EntityOutlineGenerator PUBLIC LEAVE META-INF/accesstransformer.cfg:5 to access PUBLIC and LEAVE
[19:58:50] [Render thread/DEBUG] (net.neoforged.accesstransformer.AccessTransformer) Transforming net.minecraft.client.renderer.block.ModelBlockRenderer INNERCLASS Cache PUBLIC LEAVE META-INF/accesstransformer.cfg:58 to access PUBLIC and LEAVE
[19:58:50] [Render thread/DEBUG] (net.neoforged.accesstransformer.AccessTransformer) Transforming net.minecraft.client.renderer.block.ModelBlockRenderer INNERCLASS SizeInfo PUBLIC LEAVE META-INF/accesstransformer.cfg:60 to access PUBLIC and LEAVE
[19:58:50] [Render thread/DEBUG] (net.neoforged.accesstransformer.AccessTransformer) Transforming net.minecraft.client.renderer.block.ModelBlockRenderer INNERCLASS CommonRenderStorage PUBLIC LEAVE META-INF/accesstransformer.cfg:59 to access PUBLIC and LEAVE
[19:58:50] [Render thread/DEBUG] (net.neoforged.accesstransformer.AccessTransformer) Transforming net.minecraft.client.renderer.block.ModelBlockRenderer INNERCLASS AmbientOcclusionRenderStorage PUBLIC LEAVE META-INF/accesstransformer.cfg:55 to access PUBLIC and LEAVE
[19:58:50] [Render thread/DEBUG] (net.neoforged.accesstransformer.AccessTransformer) Transforming net.minecraft.client.renderer.block.ModelBlockRenderer INNERCLASS AdjacencyInfo PUBLIC LEAVE META-INF/accesstransformer.cfg:53 to access PUBLIC and LEAVE
[19:58:50] [Render thread/DEBUG] (net.neoforged.accesstransformer.AccessTransformer) Transforming net.minecraft.client.renderer.block.ModelBlockRenderer FIELD CACHE PROTECTED LEAVE META-INF/accesstransformer.cfg:52 to access PROTECTED and LEAVE
[19:58:50] [Render thread/DEBUG] (net.neoforged.accesstransformer.AccessTransformer) Transforming net.minecraft.client.renderer.block.ModelBlockRenderer$CommonRenderStorage CLASS PUBLIC LEAVE META-INF/accesstransformer.cfg:59 to access PUBLIC and LEAVE
[19:58:50] [Render thread/DEBUG] (net.neoforged.accesstransformer.AccessTransformer) Transforming net.minecraft.client.renderer.block.ModelBlockRenderer$AmbientOcclusionRenderStorage CLASS PUBLIC LEAVE META-INF/accesstransformer.cfg:55 to access PUBLIC and LEAVE
[19:58:50] [Render thread/DEBUG] (net.neoforged.accesstransformer.AccessTransformer) Transforming net.minecraft.client.renderer.block.ModelBlockRenderer$AmbientOcclusionRenderStorage FIELD faceShape PROTECTED LEAVE META-INF/accesstransformer.cfg:56 to access PROTECTED and LEAVE
[19:58:50] [Render thread/DEBUG] (net.neoforged.accesstransformer.AccessTransformer) Transforming net.minecraft.client.renderer.block.ModelBlockRenderer$AmbientOcclusionRenderStorage METHOD blend(IIIIFFFF)I PROTECTED LEAVE META-INF/accesstransformer.cfg:57 to access PROTECTED and LEAVE
[19:58:50] [Render thread/DEBUG] (net.neoforged.accesstransformer.AccessTransformer) Transforming net.minecraft.client.renderer.block.ModelBlockRenderer$Cache CLASS PUBLIC LEAVE META-INF/accesstransformer.cfg:58 to access PUBLIC and LEAVE
[19:58:50] [Render thread/DEBUG] (net.neoforged.accesstransformer.AccessTransformer) Transforming net.minecraft.client.renderer.entity.LivingEntityRenderer METHOD addLayer(Lnet/minecraft/client/renderer/entity/layers/RenderLayer;)Z PUBLIC LEAVE META-INF/accesstransformer.cfg:80 to access PUBLIC and LEAVE
[19:58:50] [Render thread/DEBUG] (net.neoforged.accesstransformer.AccessTransformer) Transforming net.minecraft.client.particle.ParticleResources INNERCLASS SpriteParticleRegistration PUBLIC LEAVE META-INF/accesstransformer.cfg:36 to access PUBLIC and LEAVE
[19:58:50] [Render thread/DEBUG] (net.neoforged.accesstransformer.AccessTransformer) Transforming net.minecraft.client.particle.ParticleResources METHOD register(Lnet/minecraft/core/particles/ParticleType;Lnet/minecraft/client/particle/ParticleProvider;)V PUBLIC LEAVE META-INF/accesstransformer.cfg:37 to access PUBLIC and LEAVE
[19:58:50] [Render thread/DEBUG] (net.neoforged.accesstransformer.AccessTransformer) Transforming net.minecraft.client.particle.ParticleResources METHOD register(Lnet/minecraft/core/particles/ParticleType;Lnet/minecraft/client/particle/ParticleResources$SpriteParticleRegistration;)V PUBLIC LEAVE META-INF/accesstransformer.cfg:38 to access PUBLIC and LEAVE
[19:58:50] [Render thread/DEBUG] (net.neoforged.accesstransformer.AccessTransformer) Transforming net.minecraft.client.particle.ParticleResources$SpriteParticleRegistration CLASS PUBLIC LEAVE META-INF/accesstransformer.cfg:36 to access PUBLIC and LEAVE
[19:58:50] [Render thread/DEBUG] (net.neoforged.accesstransformer.AccessTransformer) Transforming net.minecraft.client.particle.Particle METHOD <init>(Lnet/minecraft/client/multiplayer/ClientLevel;DDD)V PUBLIC LEAVE META-INF/accesstransformergenerated.cfg:249 to access PUBLIC and LEAVE
[19:58:50] [Render thread/DEBUG] (net.neoforged.accesstransformer.AccessTransformer) Transforming net.minecraft.client.particle.HeartParticle METHOD <init>(Lnet/minecraft/client/multiplayer/ClientLevel;DDDLnet/minecraft/client/renderer/texture/TextureAtlasSprite;)V PUBLIC LEAVE META-INF/accesstransformergenerated.cfg:241 to access PUBLIC and LEAVE
[19:58:50] [Render thread/DEBUG] (net.neoforged.accesstransformer.AccessTransformer) Transforming net.minecraft.client.particle.SingleQuadParticle METHOD <init>(Lnet/minecraft/client/multiplayer/ClientLevel;DDDLnet/minecraft/client/renderer/texture/TextureAtlasSprite;)V PUBLIC LEAVE META-INF/accesstransformergenerated.cfg:259 to access PUBLIC and LEAVE
[19:58:50] [Render thread/DEBUG] (net.neoforged.accesstransformer.AccessTransformer) Transforming net.minecraft.client.particle.SingleQuadParticle METHOD <init>(Lnet/minecraft/client/multiplayer/ClientLevel;DDDDDDLnet/minecraft/client/renderer/texture/TextureAtlasSprite;)V PUBLIC LEAVE META-INF/accesstransformergenerated.cfg:258 to access PUBLIC and LEAVE
[19:58:50] [Render thread/DEBUG] (net.neoforged.accesstransformer.AccessTransformer) Transforming net.minecraft.client.particle.BlockMarker METHOD <init>(Lnet/minecraft/client/multiplayer/ClientLevel;DDDLnet/minecraft/world/level/block/state/BlockState;)V PUBLIC LEAVE META-INF/accesstransformergenerated.cfg:204 to access PUBLIC and LEAVE
[19:58:50] [Render thread/DEBUG] (net.neoforged.accesstransformer.AccessTransformer) Transforming net.minecraft.client.particle.BubbleParticle METHOD <init>(Lnet/minecraft/client/multiplayer/ClientLevel;DDDDDDLnet/minecraft/client/renderer/texture/TextureAtlasSprite;)V PUBLIC LEAVE META-INF/accesstransformergenerated.cfg:208 to access PUBLIC and LEAVE
[19:58:50] [Render thread/DEBUG] (net.neoforged.accesstransformer.AccessTransformer) Transforming net.minecraft.client.particle.BubbleColumnUpParticle METHOD <init>(Lnet/minecraft/client/multiplayer/ClientLevel;DDDDDDLnet/minecraft/client/renderer/texture/TextureAtlasSprite;)V PUBLIC LEAVE META-INF/accesstransformergenerated.cfg:207 to access PUBLIC and LEAVE
[19:58:50] [Render thread/DEBUG] (net.neoforged.accesstransformer.AccessTransformer) Transforming net.minecraft.client.particle.BubblePopParticle METHOD <init>(Lnet/minecraft/client/multiplayer/ClientLevel;DDDDDDLnet/minecraft/client/particle/SpriteSet;)V PUBLIC LEAVE META-INF/accesstransformergenerated.cfg:209 to access PUBLIC and LEAVE
[19:58:50] [Render thread/DEBUG] (net.neoforged.accesstransformer.AccessTransformer) Transforming net.minecraft.client.particle.CampfireSmokeParticle METHOD <init>(Lnet/minecraft/client/multiplayer/ClientLevel;DDDDDDZLnet/minecraft/client/renderer/texture/TextureAtlasSprite;)V PUBLIC LEAVE META-INF/accesstransformergenerated.cfg:210 to access PUBLIC and LEAVE
[19:58:50] [Render thread/DEBUG] (net.neoforged.accesstransformer.AccessTransformer) Transforming net.minecraft.client.particle.PlayerCloudParticle METHOD <init>(Lnet/minecraft/client/multiplayer/ClientLevel;DDDDDDLnet/minecraft/client/particle/SpriteSet;)V PUBLIC LEAVE META-INF/accesstransformergenerated.cfg:250 to access PUBLIC and LEAVE
[19:58:50] [Render thread/DEBUG] (net.neoforged.accesstransformer.AccessTransformer) Transforming net.minecraft.client.particle.SuspendedTownParticle METHOD <init>(Lnet/minecraft/client/multiplayer/ClientLevel;DDDDDDLnet/minecraft/client/renderer/texture/TextureAtlasSprite;)V PUBLIC LEAVE META-INF/accesstransformergenerated.cfg:270 to access PUBLIC and LEAVE
[19:58:50] [Render thread/DEBUG] (net.neoforged.accesstransformer.AccessTransformer) Transforming net.minecraft.client.particle.FlameParticle METHOD <init>(Lnet/minecraft/client/multiplayer/ClientLevel;DDDDDDLnet/minecraft/client/renderer/texture/TextureAtlasSprite;)V PUBLIC LEAVE META-INF/accesstransformergenerated.cfg:234 to access PUBLIC and LEAVE
[19:58:50] [Render thread/DEBUG] (net.neoforged.accesstransformer.AccessTransformer) Transforming net.minecraft.client.particle.RisingParticle METHOD <init>(Lnet/minecraft/client/multiplayer/ClientLevel;DDDDDDLnet/minecraft/client/renderer/texture/TextureAtlasSprite;)V PUBLIC LEAVE META-INF/accesstransformergenerated.cfg:253 to access PUBLIC and LEAVE
[19:58:50] [Render thread/DEBUG] (net.neoforged.accesstransformer.AccessTransformer) Transforming net.minecraft.client.particle.CritParticle METHOD <init>(Lnet/minecraft/client/multiplayer/ClientLevel;DDDDDDLnet/minecraft/client/renderer/texture/TextureAtlasSprite;)V PUBLIC LEAVE META-INF/accesstransformergenerated.cfg:211 to access PUBLIC and LEAVE
[19:58:50] [Render thread/DEBUG] (net.neoforged.accesstransformer.AccessTransformer) Transforming net.minecraft.client.particle.WaterCurrentDownParticle METHOD <init>(Lnet/minecraft/client/multiplayer/ClientLevel;DDDLnet/minecraft/client/renderer/texture/TextureAtlasSprite;)V PUBLIC LEAVE META-INF/accesstransformergenerated.cfg:277 to access PUBLIC and LEAVE
[19:58:50] [Render thread/DEBUG] (net.neoforged.accesstransformer.AccessTransformer) Transforming net.minecraft.client.particle.DragonBreathParticle METHOD <init>(Lnet/minecraft/client/multiplayer/ClientLevel;DDDDDDLnet/minecraft/client/particle/SpriteSet;)V PUBLIC LEAVE META-INF/accesstransformergenerated.cfg:212 to access PUBLIC and LEAVE
[19:58:50] [Render thread/DEBUG] (net.neoforged.accesstransformer.AccessTransformer) Transforming net.minecraft.client.particle.DripParticle$CoolingDripHangParticle METHOD <init>(Lnet/minecraft/client/multiplayer/ClientLevel;DDDLnet/minecraft/world/level/material/Fluid;Lnet/minecraft/core/particles/ParticleOptions;Lnet/minecraft/client/renderer/texture/TextureAtlasSprite;)V PUBLIC LEAVE META-INF/accesstransformergenerated.cfg:214 to access PUBLIC and LEAVE
[19:58:50] [Render thread/DEBUG] (net.neoforged.accesstransformer.AccessTransformer) Transforming net.minecraft.client.particle.DripParticle$DripHangParticle METHOD <init>(Lnet/minecraft/client/multiplayer/ClientLevel;DDDLnet/minecraft/world/level/material/Fluid;Lnet/minecraft/core/particles/ParticleOptions;Lnet/minecraft/client/renderer/texture/TextureAtlasSprite;)V PUBLIC LEAVE META-INF/accesstransformergenerated.cfg:215 to access PUBLIC and LEAVE
[19:58:50] [Render thread/DEBUG] (net.neoforged.accesstransformer.AccessTransformer) Transforming net.minecraft.client.particle.DripParticle METHOD <init>(Lnet/minecraft/client/multiplayer/ClientLevel;DDDLnet/minecraft/world/level/material/Fluid;Lnet/minecraft/client/renderer/texture/TextureAtlasSprite;)V PUBLIC LEAVE META-INF/accesstransformergenerated.cfg:213 to access PUBLIC and LEAVE
[19:58:50] [Render thread/DEBUG] (net.neoforged.accesstransformer.AccessTransformer) Transforming net.minecraft.client.particle.DripParticle$FallAndLandParticle METHOD <init>(Lnet/minecraft/client/multiplayer/ClientLevel;DDDLnet/minecraft/world/level/material/Fluid;Lnet/minecraft/core/particles/ParticleOptions;Lnet/minecraft/client/renderer/texture/TextureAtlasSprite;)V PUBLIC LEAVE META-INF/accesstransformergenerated.cfg:218 to access PUBLIC and LEAVE
[19:58:50] [Render thread/DEBUG] (net.neoforged.accesstransformer.AccessTransformer) Transforming net.minecraft.client.particle.DripParticle$FallingParticle METHOD <init>(Lnet/minecraft/client/multiplayer/ClientLevel;DDDLnet/minecraft/world/level/material/Fluid;Lnet/minecraft/client/renderer/texture/TextureAtlasSprite;)V PUBLIC LEAVE META-INF/accesstransformergenerated.cfg:220 to access PUBLIC and LEAVE
[19:58:50] [Render thread/DEBUG] (net.neoforged.accesstransformer.AccessTransformer) Transforming net.minecraft.client.particle.DripParticle$FallingParticle METHOD <init>(Lnet/minecraft/client/multiplayer/ClientLevel;DDDLnet/minecraft/world/level/material/Fluid;ILnet/minecraft/client/renderer/texture/TextureAtlasSprite;)V PUBLIC LEAVE META-INF/accesstransformergenerated.cfg:219 to access PUBLIC and LEAVE
[19:58:50] [Render thread/DEBUG] (net.neoforged.accesstransformer.AccessTransformer) Transforming net.minecraft.client.particle.DripParticle$DripLandParticle METHOD <init>(Lnet/minecraft/client/multiplayer/ClientLevel;DDDLnet/minecraft/world/level/material/Fluid;Lnet/minecraft/client/renderer/texture/TextureAtlasSprite;)V PUBLIC LEAVE META-INF/accesstransformergenerated.cfg:216 to access PUBLIC and LEAVE
[19:58:50] [Render thread/DEBUG] (net.neoforged.accesstransformer.AccessTransformer) Transforming net.minecraft.client.particle.DustParticle METHOD <init>(Lnet/minecraft/client/multiplayer/ClientLevel;DDDDDDLnet/minecraft/core/particles/DustParticleOptions;Lnet/minecraft/client/particle/SpriteSet;)V PUBLIC LEAVE META-INF/accesstransformergenerated.cfg:223 to access PUBLIC and LEAVE
[19:58:50] [Render thread/DEBUG] (net.neoforged.accesstransformer.AccessTransformer) Transforming net.minecraft.client.particle.DustParticleBase METHOD <init>(Lnet/minecraft/client/multiplayer/ClientLevel;DDDDDDLnet/minecraft/core/particles/ScalableParticleOptionsBase;Lnet/minecraft/client/particle/SpriteSet;)V PUBLIC LEAVE META-INF/accesstransformergenerated.cfg:224 to access PUBLIC and LEAVE
[19:58:50] [Render thread/DEBUG] (net.neoforged.accesstransformer.AccessTransformer) Transforming net.minecraft.client.particle.DustColorTransitionParticle METHOD <init>(Lnet/minecraft/client/multiplayer/ClientLevel;DDDDDDLnet/minecraft/core/particles/DustColorTransitionOptions;Lnet/minecraft/client/particle/SpriteSet;)V PUBLIC LEAVE META-INF/accesstransformergenerated.cfg:222 to access PUBLIC and LEAVE
[19:58:50] [Render thread/DEBUG] (net.neoforged.accesstransformer.AccessTransformer) Transforming net.minecraft.client.particle.SpellParticle METHOD <init>(Lnet/minecraft/client/multiplayer/ClientLevel;DDDDDDLnet/minecraft/client/particle/SpriteSet;)V PUBLIC LEAVE META-INF/accesstransformergenerated.cfg:264 to access PUBLIC and LEAVE
[19:58:50] [Render thread/DEBUG] (net.neoforged.accesstransformer.AccessTransformer) Transforming net.minecraft.client.particle.ElderGuardianParticle METHOD <init>(Lnet/minecraft/client/multiplayer/ClientLevel;DDD)V PUBLIC LEAVE META-INF/accesstransformergenerated.cfg:226 to access PUBLIC and LEAVE
[19:58:50] [Render thread/DEBUG] (net.neoforged.accesstransformer.AccessTransformer) Transforming net.minecraft.client.particle.FlyTowardsPositionParticle METHOD <init>(Lnet/minecraft/client/multiplayer/ClientLevel;DDDDDDLnet/minecraft/client/renderer/texture/TextureAtlasSprite;)V PUBLIC LEAVE META-INF/accesstransformergenerated.cfg:236 to access PUBLIC and LEAVE
[19:58:50] [Render thread/DEBUG] (net.neoforged.accesstransformer.AccessTransformer) Transforming net.minecraft.client.particle.FlyTowardsPositionParticle METHOD <init>(Lnet/minecraft/client/multiplayer/ClientLevel;DDDDDDZLnet/minecraft/client/particle/Particle$LifetimeAlpha;Lnet/minecraft/client/renderer/texture/TextureAtlasSprite;)V PUBLIC LEAVE META-INF/accesstransformergenerated.cfg:237 to access PUBLIC and LEAVE
[19:58:50] [Render thread/DEBUG] (net.neoforged.accesstransformer.AccessTransformer) Transforming net.minecraft.client.particle.EndRodParticle METHOD <init>(Lnet/minecraft/client/multiplayer/ClientLevel;DDDDDDLnet/minecraft/client/particle/SpriteSet;)V PUBLIC LEAVE META-INF/accesstransformergenerated.cfg:227 to access PUBLIC and LEAVE
[19:58:50] [Render thread/DEBUG] (net.neoforged.accesstransformer.AccessTransformer) Transforming net.minecraft.client.particle.SimpleAnimatedParticle METHOD <init>(Lnet/minecraft/client/multiplayer/ClientLevel;DDDLnet/minecraft/client/particle/SpriteSet;F)V PUBLIC LEAVE META-INF/accesstransformergenerated.cfg:257 to access PUBLIC and LEAVE
[19:58:50] [Render thread/DEBUG] (net.neoforged.accesstransformer.AccessTransformer) Transforming net.minecraft.client.particle.HugeExplosionSeedParticle METHOD <init>(Lnet/minecraft/client/multiplayer/ClientLevel;DDD)V PUBLIC LEAVE META-INF/accesstransformergenerated.cfg:243 to access PUBLIC and LEAVE
[19:58:50] [Render thread/DEBUG] (net.neoforged.accesstransformer.AccessTransformer) Transforming net.minecraft.client.particle.NoRenderParticle METHOD <init>(Lnet/minecraft/client/multiplayer/ClientLevel;DDD)V PUBLIC LEAVE META-INF/accesstransformergenerated.cfg:246 to access PUBLIC and LEAVE
[19:58:50] [Render thread/DEBUG] (net.neoforged.accesstransformer.AccessTransformer) Transforming net.minecraft.client.particle.NoRenderParticle METHOD <init>(Lnet/minecraft/client/multiplayer/ClientLevel;DDDDDD)V PUBLIC LEAVE META-INF/accesstransformergenerated.cfg:247 to access PUBLIC and LEAVE
[19:58:50] [Render thread/DEBUG] (net.neoforged.accesstransformer.AccessTransformer) Transforming net.minecraft.client.particle.HugeExplosionParticle METHOD <init>(Lnet/minecraft/client/multiplayer/ClientLevel;DDDDLnet/minecraft/client/particle/SpriteSet;)V PUBLIC LEAVE META-INF/accesstransformergenerated.cfg:242 to access PUBLIC and LEAVE
[19:58:50] [Render thread/DEBUG] (net.neoforged.accesstransformer.AccessTransformer) Transforming net.minecraft.client.particle.SonicBoomParticle METHOD <init>(Lnet/minecraft/client/multiplayer/ClientLevel;DDDDLnet/minecraft/client/particle/SpriteSet;)V PUBLIC LEAVE META-INF/accesstransformergenerated.cfg:262 to access PUBLIC and LEAVE
[19:58:50] [Render thread/DEBUG] (net.neoforged.accesstransformer.AccessTransformer) Transforming net.minecraft.client.particle.FallingDustParticle METHOD <init>(Lnet/minecraft/client/multiplayer/ClientLevel;DDDFFFLnet/minecraft/client/particle/SpriteSet;)V PUBLIC LEAVE META-INF/accesstransformergenerated.cfg:229 to access PUBLIC and LEAVE
[19:58:50] [Render thread/DEBUG] (net.neoforged.accesstransformer.AccessTransformer) Transforming net.minecraft.client.particle.GustParticle METHOD <init>(Lnet/minecraft/client/multiplayer/ClientLevel;DDDLnet/minecraft/client/particle/SpriteSet;)V PUBLIC LEAVE META-INF/accesstransformergenerated.cfg:239 to access PUBLIC and LEAVE
[19:58:50] [Render thread/DEBUG] (net.neoforged.accesstransformer.AccessTransformer) Transforming net.minecraft.client.particle.GustSeedParticle METHOD <init>(Lnet/minecraft/client/multiplayer/ClientLevel;DDDDII)V PUBLIC LEAVE META-INF/accesstransformergenerated.cfg:240 to access PUBLIC and LEAVE
[19:58:50] [Render thread/DEBUG] (net.neoforged.accesstransformer.AccessTransformer) Transforming net.minecraft.client.particle.FireworkParticles$SparkParticle METHOD <init>(Lnet/minecraft/client/multiplayer/ClientLevel;DDDDDDLnet/minecraft/client/particle/ParticleEngine;Lnet/minecraft/client/particle/SpriteSet;)V PUBLIC LEAVE META-INF/accesstransformergenerated.cfg:233 to access PUBLIC and LEAVE
[19:58:50] [Render thread/DEBUG] (net.neoforged.accesstransformer.AccessTransformer) Transforming net.minecraft.client.particle.WakeParticle METHOD <init>(Lnet/minecraft/client/multiplayer/ClientLevel;DDDDDDLnet/minecraft/client/particle/SpriteSet;)V PUBLIC LEAVE META-INF/accesstransformergenerated.cfg:276 to access PUBLIC and LEAVE
[19:58:50] [Render thread/DEBUG] (net.neoforged.accesstransformer.AccessTransformer) Transforming net.minecraft.client.particle.SoulParticle METHOD <init>(Lnet/minecraft/client/multiplayer/ClientLevel;DDDDDDLnet/minecraft/client/particle/SpriteSet;)V PUBLIC LEAVE META-INF/accesstransformergenerated.cfg:263 to access PUBLIC and LEAVE
[19:58:50] [Render thread/DEBUG] (net.neoforged.accesstransformer.AccessTransformer) Transforming net.minecraft.client.particle.SculkChargeParticle METHOD <init>(Lnet/minecraft/client/multiplayer/ClientLevel;DDDDDDLnet/minecraft/client/particle/SpriteSet;)V PUBLIC LEAVE META-INF/accesstransformergenerated.cfg:254 to access PUBLIC and LEAVE
[19:58:50] [Render thread/DEBUG] (net.neoforged.accesstransformer.AccessTransformer) Transforming net.minecraft.client.particle.SculkChargePopParticle METHOD <init>(Lnet/minecraft/client/multiplayer/ClientLevel;DDDDDDLnet/minecraft/client/particle/SpriteSet;)V PUBLIC LEAVE META-INF/accesstransformergenerated.cfg:255 to access PUBLIC and LEAVE
[19:58:50] [Render thread/DEBUG] (net.neoforged.accesstransformer.AccessTransformer) Transforming net.minecraft.client.particle.FireworkParticles$OverlayParticle METHOD <init>(Lnet/minecraft/client/multiplayer/ClientLevel;DDDLnet/minecraft/client/renderer/texture/TextureAtlasSprite;)V PUBLIC LEAVE META-INF/accesstransformergenerated.cfg:232 to access PUBLIC and LEAVE
[19:58:50] [Render thread/DEBUG] (net.neoforged.accesstransformer.AccessTransformer) Transforming net.minecraft.client.particle.BreakingItemParticle METHOD <init>(Lnet/minecraft/client/multiplayer/ClientLevel;DDDDDDLnet/minecraft/client/renderer/texture/TextureAtlasSprite;)V PUBLIC LEAVE META-INF/accesstransformergenerated.cfg:205 to access PUBLIC and LEAVE
[19:58:50] [Render thread/DEBUG] (net.neoforged.accesstransformer.AccessTransformer) Transforming net.minecraft.client.particle.BreakingItemParticle METHOD <init>(Lnet/minecraft/client/multiplayer/ClientLevel;DDDLnet/minecraft/client/renderer/texture/TextureAtlasSprite;)V PUBLIC LEAVE META-INF/accesstransformergenerated.cfg:206 to access PUBLIC and LEAVE
[19:58:50] [Render thread/DEBUG] (net.neoforged.accesstransformer.AccessTransformer) Transforming net.minecraft.client.renderer.block.model.ItemTransform INNERCLASS Deserializer PUBLIC LEAVE META-INF/accesstransformer.cfg:69 to access PUBLIC and LEAVE
[19:58:50] [Render thread/DEBUG] (net.neoforged.accesstransformer.AccessTransformer) Transforming net.minecraft.client.particle.LargeSmokeParticle METHOD <init>(Lnet/minecraft/client/multiplayer/ClientLevel;DDDDDDLnet/minecraft/client/particle/SpriteSet;)V PUBLIC LEAVE META-INF/accesstransformergenerated.cfg:244 to access PUBLIC and LEAVE
[19:58:50] [Render thread/DEBUG] (net.neoforged.accesstransformer.AccessTransformer) Transforming net.minecraft.client.particle.SmokeParticle METHOD <init>(Lnet/minecraft/client/multiplayer/ClientLevel;DDDDDDFLnet/minecraft/client/particle/SpriteSet;)V PUBLIC LEAVE META-INF/accesstransformergenerated.cfg:260 to access PUBLIC and LEAVE
[19:58:50] [Render thread/DEBUG] (net.neoforged.accesstransformer.AccessTransformer) Transforming net.minecraft.client.particle.BaseAshSmokeParticle METHOD <init>(Lnet/minecraft/client/multiplayer/ClientLevel;DDDFFFDDDFLnet/minecraft/client/particle/SpriteSet;FIFZ)V PUBLIC LEAVE META-INF/accesstransformergenerated.cfg:203 to access PUBLIC and LEAVE
[19:58:50] [Render thread/DEBUG] (net.neoforged.accesstransformer.AccessTransformer) Transforming net.minecraft.client.particle.LavaParticle METHOD <init>(Lnet/minecraft/client/multiplayer/ClientLevel;DDDLnet/minecraft/client/renderer/texture/TextureAtlasSprite;)V PUBLIC LEAVE META-INF/accesstransformergenerated.cfg:245 to access PUBLIC and LEAVE
[19:58:50] [Render thread/DEBUG] (net.neoforged.accesstransformer.AccessTransformer) Transforming net.minecraft.client.particle.NoteParticle METHOD <init>(Lnet/minecraft/client/multiplayer/ClientLevel;DDDDLnet/minecraft/client/renderer/texture/TextureAtlasSprite;)V PUBLIC LEAVE META-INF/accesstransformergenerated.cfg:248 to access PUBLIC and LEAVE
[19:58:50] [Render thread/DEBUG] (net.neoforged.accesstransformer.AccessTransformer) Transforming net.minecraft.client.particle.ExplodeParticle METHOD <init>(Lnet/minecraft/client/multiplayer/ClientLevel;DDDDDDLnet/minecraft/client/particle/SpriteSet;)V PUBLIC LEAVE META-INF/accesstransformergenerated.cfg:228 to access PUBLIC and LEAVE
[19:58:50] [Render thread/DEBUG] (net.neoforged.accesstransformer.AccessTransformer) Transforming net.minecraft.client.particle.PortalParticle METHOD <init>(Lnet/minecraft/client/multiplayer/ClientLevel;DDDDDDLnet/minecraft/client/renderer/texture/TextureAtlasSprite;)V PUBLIC LEAVE META-INF/accesstransformergenerated.cfg:251 to access PUBLIC and LEAVE
[19:58:50] [Render thread/DEBUG] (net.neoforged.accesstransformer.AccessTransformer) Transforming net.minecraft.client.particle.WaterDropParticle METHOD <init>(Lnet/minecraft/client/multiplayer/ClientLevel;DDDLnet/minecraft/client/renderer/texture/TextureAtlasSprite;)V PUBLIC LEAVE META-INF/accesstransformergenerated.cfg:278 to access PUBLIC and LEAVE
[19:58:50] [Render thread/DEBUG] (net.neoforged.accesstransformer.AccessTransformer) Transforming net.minecraft.client.particle.WhiteSmokeParticle METHOD <init>(Lnet/minecraft/client/multiplayer/ClientLevel;DDDDDDFLnet/minecraft/client/particle/SpriteSet;)V PUBLIC LEAVE META-INF/accesstransformergenerated.cfg:280 to access PUBLIC and LEAVE
[19:58:50] [Render thread/DEBUG] (net.neoforged.accesstransformer.AccessTransformer) Transforming net.minecraft.client.particle.SnowflakeParticle METHOD <init>(Lnet/minecraft/client/multiplayer/ClientLevel;DDDDDDLnet/minecraft/client/particle/SpriteSet;)V PUBLIC LEAVE META-INF/accesstransformergenerated.cfg:261 to access PUBLIC and LEAVE
[19:58:50] [Render thread/DEBUG] (net.neoforged.accesstransformer.AccessTransformer) Transforming net.minecraft.client.particle.SpitParticle METHOD <init>(Lnet/minecraft/client/multiplayer/ClientLevel;DDDDDDLnet/minecraft/client/particle/SpriteSet;)V PUBLIC LEAVE META-INF/accesstransformergenerated.cfg:265 to access PUBLIC and LEAVE
[19:58:50] [Render thread/DEBUG] (net.neoforged.accesstransformer.AccessTransformer) Transforming net.minecraft.client.particle.AttackSweepParticle METHOD <init>(Lnet/minecraft/client/multiplayer/ClientLevel;DDDDLnet/minecraft/client/particle/SpriteSet;)V PUBLIC LEAVE META-INF/accesstransformergenerated.cfg:202 to access PUBLIC and LEAVE
[19:58:50] [Render thread/DEBUG] (net.neoforged.accesstransformer.AccessTransformer) Transforming net.minecraft.client.particle.TotemParticle METHOD <init>(Lnet/minecraft/client/multiplayer/ClientLevel;DDDDDDLnet/minecraft/client/particle/SpriteSet;)V PUBLIC LEAVE META-INF/accesstransformergenerated.cfg:271 to access PUBLIC and LEAVE
[19:58:50] [Render thread/DEBUG] (net.neoforged.accesstransformer.AccessTransformer) Transforming net.minecraft.client.particle.SquidInkParticle METHOD <init>(Lnet/minecraft/client/multiplayer/ClientLevel;DDDDDDILnet/minecraft/client/particle/SpriteSet;)V PUBLIC LEAVE META-INF/accesstransformergenerated.cfg:267 to access PUBLIC and LEAVE
[19:58:50] [Render thread/DEBUG] (net.neoforged.accesstransformer.AccessTransformer) Transforming net.minecraft.client.particle.SuspendedParticle METHOD <init>(Lnet/minecraft/client/multiplayer/ClientLevel;DDDLnet/minecraft/client/renderer/texture/TextureAtlasSprite;)V PUBLIC LEAVE META-INF/accesstransformergenerated.cfg:269 to access PUBLIC and LEAVE
[19:58:50] [Render thread/DEBUG] (net.neoforged.accesstransformer.AccessTransformer) Transforming net.minecraft.client.particle.SuspendedParticle METHOD <init>(Lnet/minecraft/client/multiplayer/ClientLevel;DDDDDDLnet/minecraft/client/renderer/texture/TextureAtlasSprite;)V PUBLIC LEAVE META-INF/accesstransformergenerated.cfg:268 to access PUBLIC and LEAVE
[19:58:50] [Render thread/DEBUG] (net.neoforged.accesstransformer.AccessTransformer) Transforming net.minecraft.client.particle.SplashParticle METHOD <init>(Lnet/minecraft/client/multiplayer/ClientLevel;DDDDDDLnet/minecraft/client/renderer/texture/TextureAtlasSprite;)V PUBLIC LEAVE META-INF/accesstransformergenerated.cfg:266 to access PUBLIC and LEAVE
[19:58:50] [Render thread/DEBUG] (net.neoforged.accesstransformer.AccessTransformer) Transforming net.minecraft.client.particle.DripParticle$HoneyFallAndLandParticle METHOD <init>(Lnet/minecraft/client/multiplayer/ClientLevel;DDDLnet/minecraft/world/level/material/Fluid;Lnet/minecraft/core/particles/ParticleOptions;Lnet/minecraft/client/renderer/texture/TextureAtlasSprite;)V PUBLIC LEAVE META-INF/accesstransformergenerated.cfg:221 to access PUBLIC and LEAVE
[19:58:50] [Render thread/DEBUG] (net.neoforged.accesstransformer.AccessTransformer) Transforming net.minecraft.client.particle.AshParticle METHOD <init>(Lnet/minecraft/client/multiplayer/ClientLevel;DDDDDDFLnet/minecraft/client/particle/SpriteSet;)V PUBLIC LEAVE META-INF/accesstransformergenerated.cfg:201 to access PUBLIC and LEAVE
[19:58:50] [Render thread/DEBUG] (net.neoforged.accesstransformer.AccessTransformer) Transforming net.minecraft.client.particle.ReversePortalParticle METHOD <init>(Lnet/minecraft/client/multiplayer/ClientLevel;DDDDDDLnet/minecraft/client/renderer/texture/TextureAtlasSprite;)V PUBLIC LEAVE META-INF/accesstransformergenerated.cfg:252 to access PUBLIC and LEAVE
[19:58:50] [Render thread/DEBUG] (net.neoforged.accesstransformer.AccessTransformer) Transforming net.minecraft.client.particle.WhiteAshParticle METHOD <init>(Lnet/minecraft/client/multiplayer/ClientLevel;DDDDDDFLnet/minecraft/client/particle/SpriteSet;)V PUBLIC LEAVE META-INF/accesstransformergenerated.cfg:279 to access PUBLIC and LEAVE
[19:58:50] [Render thread/DEBUG] (net.neoforged.accesstransformer.AccessTransformer) Transforming net.minecraft.client.particle.DripParticle$DripstoneFallAndLandParticle METHOD <init>(Lnet/minecraft/client/multiplayer/ClientLevel;DDDLnet/minecraft/world/level/material/Fluid;Lnet/minecraft/core/particles/ParticleOptions;Lnet/minecraft/client/renderer/texture/TextureAtlasSprite;)V PUBLIC LEAVE META-INF/accesstransformergenerated.cfg:217 to access PUBLIC and LEAVE
[19:58:50] [Render thread/DEBUG] (net.neoforged.accesstransformer.AccessTransformer) Transforming net.minecraft.client.particle.FallingLeavesParticle METHOD <init>(Lnet/minecraft/client/multiplayer/ClientLevel;DDDLnet/minecraft/client/renderer/texture/TextureAtlasSprite;FFZZFF)V PUBLIC LEAVE META-INF/accesstransformergenerated.cfg:230 to access PUBLIC and LEAVE
[19:58:50] [Render thread/DEBUG] (net.neoforged.accesstransformer.AccessTransformer) Transforming net.minecraft.client.particle.VibrationSignalParticle METHOD <init>(Lnet/minecraft/client/multiplayer/ClientLevel;DDDLnet/minecraft/world/level/gameevent/PositionSource;ILnet/minecraft/client/renderer/texture/TextureAtlasSprite;)V PUBLIC LEAVE META-INF/accesstransformergenerated.cfg:275 to access PUBLIC and LEAVE
[19:58:50] [Render thread/DEBUG] (net.neoforged.accesstransformer.AccessTransformer) Transforming net.minecraft.client.particle.TrailParticle METHOD <init>(Lnet/minecraft/client/multiplayer/ClientLevel;DDDDDDLnet/minecraft/world/phys/Vec3;ILnet/minecraft/client/renderer/texture/TextureAtlasSprite;)V PUBLIC LEAVE META-INF/accesstransformergenerated.cfg:273 to access PUBLIC and LEAVE
[19:58:51] [Render thread/DEBUG] (net.neoforged.accesstransformer.AccessTransformer) Transforming net.minecraft.client.particle.GlowParticle METHOD <init>(Lnet/minecraft/client/multiplayer/ClientLevel;DDDDDDLnet/minecraft/client/particle/SpriteSet;)V PUBLIC LEAVE META-INF/accesstransformergenerated.cfg:238 to access PUBLIC and LEAVE
[19:58:51] [Render thread/DEBUG] (net.neoforged.accesstransformer.AccessTransformer) Transforming net.minecraft.client.particle.ShriekParticle METHOD <init>(Lnet/minecraft/client/multiplayer/ClientLevel;DDDILnet/minecraft/client/renderer/texture/TextureAtlasSprite;)V PUBLIC LEAVE META-INF/accesstransformergenerated.cfg:256 to access PUBLIC and LEAVE
[19:58:51] [Render thread/DEBUG] (net.neoforged.accesstransformer.AccessTransformer) Transforming net.minecraft.client.particle.DustPlumeParticle METHOD <init>(Lnet/minecraft/client/multiplayer/ClientLevel;DDDDDDFLnet/minecraft/client/particle/SpriteSet;)V PUBLIC LEAVE META-INF/accesstransformergenerated.cfg:225 to access PUBLIC and LEAVE
[19:58:51] [Render thread/DEBUG] (net.neoforged.accesstransformer.AccessTransformer) Transforming net.minecraft.client.particle.TrialSpawnerDetectionParticle METHOD <init>(Lnet/minecraft/client/multiplayer/ClientLevel;DDDDDDFLnet/minecraft/client/particle/SpriteSet;)V PUBLIC LEAVE META-INF/accesstransformergenerated.cfg:274 to access PUBLIC and LEAVE
[19:58:51] [Render thread/DEBUG] (net.neoforged.accesstransformer.AccessTransformer) Transforming net.minecraft.client.particle.FlyStraightTowardsParticle METHOD <init>(Lnet/minecraft/client/multiplayer/ClientLevel;DDDDDDIILnet/minecraft/client/renderer/texture/TextureAtlasSprite;)V PUBLIC LEAVE META-INF/accesstransformergenerated.cfg:235 to access PUBLIC and LEAVE
[19:58:51] [Render thread/DEBUG] (net.neoforged.accesstransformer.AccessTransformer) Transforming net.minecraft.client.particle.FireflyParticle METHOD <init>(Lnet/minecraft/client/multiplayer/ClientLevel;DDDDDDLnet/minecraft/client/renderer/texture/TextureAtlasSprite;)V PUBLIC LEAVE META-INF/accesstransformergenerated.cfg:231 to access PUBLIC and LEAVE
[19:58:51] [Render thread/DEBUG] (net.neoforged.accesstransformer.AccessTransformer) Transforming net.minecraft.client.renderer.GameRenderer METHOD setPostEffect(Lnet/minecraft/resources/ResourceLocation;)V PUBLIC LEAVE META-INF/accesstransformer.cfg:40 to access PUBLIC and LEAVE
[19:58:51] [Render thread/DEBUG] (net.neoforged.accesstransformer.AccessTransformer) Transforming net.minecraft.client.renderer.LevelRenderer FIELD levelRenderState DEFAULT LEAVE META-INF/accesstransformer.cfg:41 to access DEFAULT and LEAVE
[19:58:51] [Render thread/DEBUG] (net.neoforged.accesstransformer.AccessTransformer) Transforming net.minecraft.client.renderer.LevelRenderer METHOD shouldShowEntityOutlines()Z PUBLIC LEAVE META-INF/accesstransformer.cfg:42 to access PUBLIC and LEAVE
[19:58:51] [Render thread/DEBUG] (net.neoforged.accesstransformer.AccessTransformer) Transforming net.minecraft.client.gui.Gui INNERCLASS HeartType PUBLIC LEAVE META-INF/accesstransformer.cfg:3, META-INF/accesstransformer.cfg:9 to access PUBLIC and LEAVE
[19:58:51] [Render thread/DEBUG] (net.neoforged.accesstransformer.AccessTransformer) Transforming net.minecraft.client.gui.Gui FIELD SPYGLASS_SCOPE_LOCATION PUBLIC LEAVE META-INF/accesstransformer.cfg:346 to access PUBLIC and LEAVE
[19:58:51] [Render thread/DEBUG] (net.neoforged.accesstransformer.AccessTransformer) Transforming net.minecraft.client.gui.screens.MenuScreens INNERCLASS ScreenConstructor PUBLIC LEAVE META-INF/accesstransformer.cfg:19 to access PUBLIC and LEAVE
[19:58:51] [Render thread/DEBUG] (net.neoforged.accesstransformer.AccessTransformer) Transforming net.minecraft.client.model.geom.ModelPart INNERCLASS Polygon PUBLIC LEAVE META-INF/accesstransformer.cfg:1 to access PUBLIC and LEAVE
[19:58:51] [Render thread/DEBUG] (net.neoforged.accesstransformer.AccessTransformer) Transforming net.minecraft.client.model.geom.ModelPart INNERCLASS Vertex PUBLIC LEAVE META-INF/accesstransformer.cfg:2 to access PUBLIC and LEAVE
[19:58:51] [Render thread/DEBUG] (net.neoforged.accesstransformer.AccessTransformer) Transforming net.minecraft.client.gui.components.LogoRenderer FIELD LOGO_TEXTURE_WIDTH PUBLIC LEAVE META-INF/accesstransformer.cfg:298 to access PUBLIC and LEAVE
[19:58:51] [Render thread/DEBUG] (net.neoforged.accesstransformer.AccessTransformer) Transforming net.minecraft.client.gui.components.LogoRenderer FIELD LOGO_TEXTURE_HEIGHT PUBLIC LEAVE META-INF/accesstransformer.cfg:299 to access PUBLIC and LEAVE
[19:58:51] [Render thread/INFO] (net.minecraft.server.packs.resources.ReloadableResourceManager) Reloading ResourceManager: vanilla, mod_resources, mod/vulkan_shaderc, mod/vulkanmod, mod/vma_windows, mod/vulkan_lwjgl, mod/mr, mod/vulkan_shaderc_windows, mod/vma, mod/neoforge
[19:58:51] [Render thread/DEBUG] (net.neoforged.accesstransformer.AccessTransformer) Transforming net.minecraft.server.packs.resources.FallbackResourceManager FIELD fallbacks PUBLIC LEAVE META-INF/accesstransformer.cfg:162 to access PUBLIC and LEAVE
[19:58:51] [Render thread/DEBUG] (net.neoforged.accesstransformer.AccessTransformer) Transforming net.minecraft.client.renderer.texture.SpriteContents INNERCLASS FrameInfo PUBLIC LEAVE META-INF/accesstransformer.cfg:8 to access PUBLIC and LEAVE
[19:58:51] [Render thread/DEBUG] (net.neoforged.accesstransformer.AccessTransformer) Transforming net.minecraft.client.renderer.texture.SpriteContents INNERCLASS Ticker PUBLIC LEAVE META-INF/accesstransformer.cfg:7 to access PUBLIC and LEAVE
[19:58:51] [Render thread/DEBUG] (net.neoforged.accesstransformer.AccessTransformer) Transforming net.minecraft.client.renderer.texture.SpriteContents INNERCLASS AnimatedTexture PUBLIC LEAVE META-INF/accesstransformer.cfg:9 to access PUBLIC and LEAVE
[19:58:51] [Render thread/DEBUG] (net.neoforged.accesstransformer.AccessTransformer) Transforming net.minecraft.client.renderer.texture.SpriteContents FIELD byMipLevel PUBLIC LEAVE META-INF/accesstransformer.cfg:82 to access PUBLIC and LEAVE
[19:58:51] [Render thread/DEBUG] (net.neoforged.accesstransformer.AccessTransformer) Transforming net.minecraft.client.renderer.texture.SpriteContents FIELD animatedTexture DEFAULT LEAVE META-INF/accesstransformer.cfg:83 to access DEFAULT and LEAVE
[19:58:51] [resourceLoad/DEBUG] (net.neoforged.accesstransformer.AccessTransformer) Transforming net.minecraft.client.renderer.texture.atlas.sources.PalettedPermutations$PalettedSpriteSupplier CLASS PUBLIC LEAVE META-INF/accesstransformer.cfg:85 to access PUBLIC and LEAVE
[19:58:51] [resourceLoad/DEBUG] (net.neoforged.accesstransformer.AccessTransformer) Transforming net.minecraft.client.renderer.texture.atlas.sources.PalettedPermutations$PalettedSpriteSupplier METHOD <init>(Lnet/minecraft/client/renderer/texture/atlas/sources/LazyLoadedImage;Ljava/util/function/Supplier;Lnet/minecraft/resources/ResourceLocation;)V PUBLIC LEAVE META-INF/accesstransformer.cfg:86 to access PUBLIC and LEAVE
[19:58:51] [resourceLoad/DEBUG] (net.neoforged.accesstransformer.AccessTransformer) Transforming net.minecraft.client.renderer.texture.SpriteContents$AnimatedTexture CLASS PUBLIC LEAVE META-INF/accesstransformer.cfg:9 to access PUBLIC and LEAVE
[19:58:51] [resourceLoad/DEBUG] (net.neoforged.accesstransformer.AccessTransformer) Transforming net.minecraft.client.renderer.texture.SpriteContents$AnimatedTexture FIELD frames PUBLIC LEAVE META-INF/accesstransformer.cfg:10 to access PUBLIC and LEAVE
[19:58:52] [resourceLoad/WARN] (net.neoforged.neoforge.resource.JarContentsPackResources) Invalid path in datapack: vulkanmod:shaders/basic/terrain/terrain_Z.fsh, ignoring
[19:58:52] [resourceLoad/WARN] (net.neoforged.neoforge.resource.JarContentsPackResources) Invalid path in datapack: vulkanmod:shaders/basic/terrain_earlyZ/terrain_earlyZ.fsh, ignoring
[19:58:52] [resourceLoad/WARN] (net.neoforged.neoforge.resource.JarContentsPackResources) Invalid path in datapack: vulkanmod:shaders/basic/terrain_earlyZ/terrain_earlyZ.json, ignoring
[19:58:52] [Render thread/DEBUG] (net.neoforged.fml.DeferredWorkQueue) Dispatching synchronous work for work queue Common setup: 1 jobs
[19:58:52] [Render thread/DEBUG] (net.neoforged.fml.DeferredWorkQueue) Synchronous work queue completed in 11.47 ms
[19:58:52] [resourceLoad/DEBUG] (net.neoforged.accesstransformer.AccessTransformer) Transforming net.minecraft.client.renderer.texture.SpriteContents$FrameInfo CLASS PUBLIC LEAVE META-INF/accesstransformer.cfg:8 to access PUBLIC and LEAVE
[19:58:52] [resourceLoad/DEBUG] (net.neoforged.accesstransformer.AccessTransformer) Transforming net.minecraft.client.renderer.texture.SpriteContents$FrameInfo FIELD time PUBLIC LEAVE META-INF/accesstransformer.cfg:11 to access PUBLIC and LEAVE
[19:58:52] [Render thread/DEBUG] (com.mojang.blaze3d.systems.RenderSystem) Growing IndexBuffer: Old limit 0, new limit 60.
[19:58:52] [resourceLoad/DEBUG] (net.neoforged.accesstransformer.AccessTransformer) Transforming net.minecraft.client.model.geom.LayerDefinitions FIELD OUTER_ARMOR_DEFORMATION PUBLIC LEAVE META-INF/accesstransformer.cfg:25 to access PUBLIC and LEAVE
[19:58:52] [resourceLoad/DEBUG] (net.neoforged.accesstransformer.AccessTransformer) Transforming net.minecraft.client.model.geom.LayerDefinitions FIELD INNER_ARMOR_DEFORMATION PUBLIC LEAVE META-INF/accesstransformer.cfg:26 to access PUBLIC and LEAVE
[19:58:52] [resourceLoad/DEBUG] (net.neoforged.accesstransformer.AccessTransformer) Transforming net.minecraft.client.renderer.ShaderManager$ShaderSourceKey CLASS PUBLIC LEAVE META-INF/accesstransformer.cfg:16 to access PUBLIC and LEAVE
[19:58:52] [resourceLoad/DEBUG] (net.neoforged.accesstransformer.AccessTransformer) Transforming net.minecraft.client.renderer.ShaderManager$ShaderSourceKey METHOD <init>(Lnet/minecraft/resources/ResourceLocation;Lcom/mojang/blaze3d/shaders/ShaderType;)V PUBLIC LEAVE META-INF/accesstransformer.cfg:17 to access PUBLIC and LEAVE
[19:58:52] [resourceLoad/INFO] (net.minecraft.client.gui.font.providers.UnihexProvider) Found unifont_all_no_pua-16.0.03.hex, loading
[19:58:52] [resourceLoad/INFO] (net.minecraft.client.gui.font.providers.UnihexProvider) Found unifont_pua-16.0.03.hex, loading
[19:58:52] [resourceLoad/INFO] (net.minecraft.client.gui.font.providers.UnihexProvider) Found unifont_jp_patch-16.0.03.hex, loading
[19:58:52] [resourceLoad/DEBUG] (net.neoforged.accesstransformer.AccessTransformer) Transforming net.minecraft.client.renderer.block.model.BlockModel FIELD GSON PUBLIC LEAVE META-INF/accesstransformer.cfg:66 to access PUBLIC and LEAVE
[19:58:52] [resourceLoad/DEBUG] (net.neoforged.accesstransformer.AccessTransformer) Transforming net.minecraft.client.renderer.block.model.BlockElement INNERCLASS Deserializer PUBLIC LEAVE META-INF/accesstransformer.cfg:62 to access PUBLIC and LEAVE
[19:58:52] [resourceLoad/DEBUG] (net.neoforged.accesstransformer.AccessTransformer) Transforming net.minecraft.client.renderer.block.model.BlockElement$Deserializer CLASS PUBLIC LEAVE META-INF/accesstransformer.cfg:62 to access PUBLIC and LEAVE
[19:58:52] [resourceLoad/DEBUG] (net.neoforged.accesstransformer.AccessTransformer) Transforming net.minecraft.client.renderer.block.model.BlockElement$Deserializer METHOD <init>()V PUBLIC LEAVE META-INF/accesstransformer.cfg:63 to access PUBLIC and LEAVE
[19:58:52] [resourceLoad/DEBUG] (net.neoforged.accesstransformer.AccessTransformer) Transforming net.minecraft.client.renderer.block.model.BlockElementFace INNERCLASS Deserializer PUBLIC LEAVE META-INF/accesstransformer.cfg:64 to access PUBLIC and LEAVE
[19:58:52] [resourceLoad/DEBUG] (net.neoforged.accesstransformer.AccessTransformer) Transforming net.minecraft.client.renderer.block.model.BlockElementFace$Deserializer CLASS PUBLIC LEAVE META-INF/accesstransformer.cfg:64 to access PUBLIC and LEAVE
[19:58:52] [resourceLoad/DEBUG] (net.neoforged.accesstransformer.AccessTransformer) Transforming net.minecraft.client.renderer.block.model.BlockElementFace$Deserializer METHOD <init>()V PUBLIC LEAVE META-INF/accesstransformer.cfg:65 to access PUBLIC and LEAVE
[19:58:52] [resourceLoad/DEBUG] (net.neoforged.accesstransformer.AccessTransformer) Transforming net.minecraft.client.renderer.block.model.ItemTransform$Deserializer CLASS PUBLIC LEAVE META-INF/accesstransformer.cfg:69 to access PUBLIC and LEAVE
[19:58:52] [resourceLoad/DEBUG] (net.neoforged.accesstransformer.AccessTransformer) Transforming net.minecraft.client.renderer.block.model.ItemTransform$Deserializer FIELD DEFAULT_ROTATION PUBLIC LEAVE META-INF/accesstransformer.cfg:71 to access PUBLIC and LEAVE
[19:58:52] [resourceLoad/DEBUG] (net.neoforged.accesstransformer.AccessTransformer) Transforming net.minecraft.client.renderer.block.model.ItemTransform$Deserializer FIELD DEFAULT_TRANSLATION PUBLIC LEAVE META-INF/accesstransformer.cfg:72 to access PUBLIC and LEAVE
[19:58:52] [resourceLoad/DEBUG] (net.neoforged.accesstransformer.AccessTransformer) Transforming net.minecraft.client.renderer.block.model.ItemTransform$Deserializer FIELD DEFAULT_SCALE PUBLIC LEAVE META-INF/accesstransformer.cfg:73 to access PUBLIC and LEAVE
[19:58:52] [resourceLoad/DEBUG] (net.neoforged.accesstransformer.AccessTransformer) Transforming net.minecraft.client.renderer.block.model.ItemTransform$Deserializer METHOD <init>()V PUBLIC LEAVE META-INF/accesstransformer.cfg:70 to access PUBLIC and LEAVE
[19:58:52] [resourceLoad/DEBUG] (net.neoforged.accesstransformer.AccessTransformer) Transforming net.minecraft.client.renderer.block.model.ItemTransforms INNERCLASS Deserializer PUBLIC LEAVE META-INF/accesstransformer.cfg:74 to access PUBLIC and LEAVE
[19:58:52] [resourceLoad/DEBUG] (net.neoforged.accesstransformer.AccessTransformer) Transforming net.minecraft.client.renderer.block.model.ItemTransforms$Deserializer CLASS PUBLIC LEAVE META-INF/accesstransformer.cfg:74 to access PUBLIC and LEAVE
[19:58:52] [resourceLoad/DEBUG] (net.neoforged.accesstransformer.AccessTransformer) Transforming net.minecraft.client.renderer.block.model.ItemTransforms$Deserializer METHOD <init>()V PUBLIC LEAVE META-INF/accesstransformer.cfg:75 to access PUBLIC and LEAVE
[19:58:53] [resourceLoad/DEBUG] (net.neoforged.accesstransformer.AccessTransformer) Transforming net.minecraft.client.renderer.block.model.SimpleUnbakedGeometry METHOD bakeFace(Lnet/minecraft/client/renderer/block/model/BlockElement;Lnet/minecraft/client/renderer/block/model/BlockElementFace;Lnet/minecraft/client/renderer/texture/TextureAtlasSprite;Lnet/minecraft/core/Direction;Lnet/minecraft/client/resources/model/ModelState;)Lnet/minecraft/client/renderer/block/model/BakedQuad; PUBLIC LEAVE META-INF/accesstransformer.cfg:76 to access PUBLIC and LEAVE
[19:58:54] [resourceLoad/DEBUG] (net.neoforged.accesstransformer.AccessTransformer) Transforming net.minecraft.client.model.geom.ModelPart$Polygon CLASS PUBLIC LEAVE META-INF/accesstransformer.cfg:1 to access PUBLIC and LEAVE
[19:58:54] [resourceLoad/DEBUG] (net.neoforged.accesstransformer.AccessTransformer) Transforming net.minecraft.client.model.geom.ModelPart$Vertex CLASS PUBLIC LEAVE META-INF/accesstransformer.cfg:2 to access PUBLIC and LEAVE
[19:58:56] [resourceLoad/DEBUG] (net.neoforged.accesstransformer.AccessTransformer) Transforming net.minecraft.client.renderer.block.model.ItemModelGenerator METHOD processFrames(ILjava/lang/String;Lnet/minecraft/client/renderer/texture/SpriteContents;)Ljava/util/List; PUBLIC LEAVE META-INF/accesstransformer.cfg:68 to access PUBLIC and LEAVE
[19:58:56] [resourceLoad/DEBUG] (net.neoforged.accesstransformer.AccessTransformer) Transforming net.minecraft.client.resources.model.BlockModelRotation INNERCLASS WithUvLock PUBLIC LEAVE META-INF/accesstransformer.cfg:92 to access PUBLIC and LEAVE
[19:58:56] [resourceLoad/DEBUG] (net.neoforged.accesstransformer.AccessTransformer) Transforming net.minecraft.client.resources.model.BlockModelRotation$WithUvLock CLASS PUBLIC LEAVE META-INF/accesstransformer.cfg:92 to access PUBLIC and LEAVE
[19:58:56] [resourceLoad/DEBUG] (net.neoforged.accesstransformer.AccessTransformer) Transforming net.minecraft.client.resources.model.BlockModelRotation$WithUvLock METHOD <init>(Lnet/minecraft/client/resources/model/BlockModelRotation;)V PUBLIC LEAVE META-INF/accesstransformer.cfg:93 to access PUBLIC and LEAVE
[19:58:56] [resourceLoad/DEBUG] (net.neoforged.accesstransformer.AccessTransformer) Transforming net.minecraft.client.renderer.block.model.FaceBakery METHOD defaultFaceUV(Lorg/joml/Vector3fc;Lorg/joml/Vector3fc;Lnet/minecraft/core/Direction;)Lnet/minecraft/client/renderer/block/model/BlockElementFace$UVs; PUBLIC LEAVE META-INF/accesstransformer.cfg:67 to access PUBLIC and LEAVE
[19:58:58] [Render thread/INFO] (com.mojang.blaze3d.audio.Library) OpenAL initialized on device OpenAL Soft on ¶ú»ú (LE206)
[19:58:58] [Render thread/INFO] (net.minecraft.client.sounds.SoundEngine) Sound engine started
[19:58:58] [Render thread/INFO] (net.minecraft.client.renderer.texture.TextureAtlas) Created: 512x256x0 minecraft:textures/atlas/particles.png-atlas
[19:58:58] [Render thread/DEBUG] (net.neoforged.accesstransformer.AccessTransformer) Transforming net.minecraft.client.renderer.texture.SpriteContents$Ticker CLASS PUBLIC LEAVE META-INF/accesstransformer.cfg:7 to access PUBLIC and LEAVE
[19:58:58] [Render thread/INFO] (net.minecraft.client.renderer.texture.TextureAtlas) Created: 128x64x0 minecraft:textures/atlas/decorated_pot.png-atlas
[19:58:58] [Render thread/INFO] (net.minecraft.client.renderer.texture.TextureAtlas) Created: 2048x1024x0 minecraft:textures/atlas/armor_trims.png-atlas
[19:58:58] [Render thread/INFO] (net.minecraft.client.renderer.texture.TextureAtlas) Created: 512x256x0 minecraft:textures/atlas/paintings.png-atlas
[19:58:58] [Render thread/INFO] (net.minecraft.client.renderer.texture.TextureAtlas) Created: 512x512x0 minecraft:textures/atlas/shield_patterns.png-atlas
[19:58:58] [Render thread/INFO] (net.minecraft.client.renderer.texture.TextureAtlas) Created: 1024x512x4 minecraft:textures/atlas/blocks.png-atlas
[19:59:01] [Render thread/INFO] (net.minecraft.client.renderer.texture.TextureAtlas) Created: 512x256x0 minecraft:textures/atlas/chest.png-atlas
[19:59:01] [Render thread/INFO] (net.minecraft.client.renderer.texture.TextureAtlas) Created: 512x512x0 minecraft:textures/atlas/banner_patterns.png-atlas
[19:59:01] [Render thread/INFO] (net.minecraft.client.renderer.texture.TextureAtlas) Created: 512x256x0 minecraft:textures/atlas/beds.png-atlas
[19:59:01] [Render thread/INFO] (net.minecraft.client.renderer.texture.TextureAtlas) Created: 1024x512x0 minecraft:textures/atlas/gui.png-atlas
[19:59:01] [Render thread/INFO] (net.minecraft.client.renderer.texture.TextureAtlas) Created: 64x64x0 minecraft:textures/atlas/map_decorations.png-atlas
[19:59:01] [Render thread/INFO] (net.minecraft.client.renderer.texture.TextureAtlas) Created: 256x256x0 minecraft:textures/atlas/signs.png-atlas
[19:59:01] [Render thread/INFO] (net.minecraft.client.renderer.texture.TextureAtlas) Created: 512x256x0 minecraft:textures/atlas/shulker_boxes.png-atlas
[19:59:02] [Render thread/INFO] (net.neoforged.neoforge.client.entity.animation.json.AnimationLoader) Loaded 0 entity animations
[19:59:02] [Render thread/DEBUG] (net.neoforged.accesstransformer.AccessTransformer) Transforming net.minecraft.client.renderer.entity.layers.EquipmentLayerRenderer METHOD getColorForLayer(Lnet/minecraft/client/resources/model/EquipmentClientInfo$Layer;I)I PUBLIC LEAVE META-INF/accesstransformer.cfg:81 to access PUBLIC and LEAVE
[19:59:02] [Render thread/DEBUG] (net.neoforged.accesstransformer.AccessTransformer) Transforming net.minecraft.client.renderer.entity.EntityRenderers METHOD register(Lnet/minecraft/world/entity/EntityType;Lnet/minecraft/client/renderer/entity/EntityRendererProvider;)V PUBLIC LEAVE META-INF/accesstransformer.cfg:79 to access PUBLIC and LEAVE
[19:59:02] [Render thread/DEBUG] (net.neoforged.accesstransformer.AccessTransformer) Transforming net.minecraft.client.renderer.blockentity.BlockEntityRenderers METHOD register(Lnet/minecraft/world/level/block/entity/BlockEntityType;Lnet/minecraft/client/renderer/blockentity/BlockEntityRendererProvider;)V PUBLIC LEAVE META-INF/accesstransformer.cfg:77 to access PUBLIC and LEAVE
[19:59:02] [Render thread/DEBUG] (net.neoforged.fml.classloading.transformation.ClassTransformStatistics) Transformed/total loaded classes: 5929/7000 (84.70%) and 7 parsed for mixin
[19:59:02] [Render thread/ERROR] (net.neoforged.fml.classloading.transformation.ClassTransformStatistics) Class processor unprotect:processor transformed 84.90% of loaded class which is suspiciously high; it may be attempting mass-ASM. Please report this to the mod author.
[19:59:03] [Render thread/DEBUG] (com.mojang.blaze3d.systems.RenderSystem) Growing IndexBuffer: Old limit 60, new limit 252.
[19:59:04] [Render thread/DEBUG] (com.mojang.blaze3d.systems.RenderSystem) Growing IndexBuffer: Old limit 252, new limit 3360.
[19:59:05] [Render thread/DEBUG] (net.neoforged.accesstransformer.AccessTransformer) Transforming net.minecraft.client.gui.components.AbstractSelectionList$Entry FIELD list PROTECTED LEAVE META-INF/accesstransformer.cfg:12 to access PROTECTED and LEAVE
[19:59:05] [Render thread/DEBUG] (net.neoforged.accesstransformer.AccessTransformer) Transforming net.minecraft.client.gui.components.AbstractSelectionList METHOD clearEntries()V PUBLIC LEAVE META-INF/accesstransformer.cfg:11 to access PUBLIC and LEAVE
[19:59:42] [Render thread/DEBUG] (net.neoforged.fml.classloading.transformation.ClassTransformStatistics) Transformed/total loaded classes: 6001/7086 (84.69%) and 7 parsed for mixin
[19:59:42] [Render thread/ERROR] (net.neoforged.fml.classloading.transformation.ClassTransformStatistics) Class processor unprotect:processor transformed 84.88% of loaded class which is suspiciously high; it may be attempting mass-ASM. Please report this to the mod author.
[19:59:43] [Render thread/INFO] (net.minecraft.client.Minecraft) Stopping!
