#
# A fatal error has been detected by the Java Runtime Environment:
#
#  EXCEPTION_ACCESS_VIOLATION (0xc0000005) at pc=0x00007ffb0fdfb74c, pid=13776, tid=984
#
# JRE version: OpenJDK Runtime Environment (21.0.2+13) (build 21.0.2+13-58)
# Java VM: OpenJDK 64-Bit Server VM (21.0.2+13-58, mixed mode, sharing, tiered, compressed oops, compressed class ptrs, g1 gc, windows-amd64)
# Problematic frame:
# C  [shaderc.dll+0x2cb74c]
#
# No core dump will be written. Minidumps are not enabled by default on client versions of Windows
#
# If you would like to submit a bug report, please visit:
#   https://bugreport.java.com/bugreport/crash.jsp
# The crash happened outside the Java Virtual Machine in native code.
# See problematic frame for where to report the bug.
#

---------------  S U M M A R Y ------------

Command Line: -Dfabric.dli.config=F:\MODS\VulkanModNeoForge\.gradle\loom-cache\launch.cfg -Dfabric.dli.env=client -Dfabric.dli.main=cpw.mods.bootstraplauncher.BootstrapLauncher --module-path=F:\.gradle\caches\modules-2\files-2.1\cpw.mods\securejarhandler\3.0.8\c0ef95cecd8699a0449053ac7d9c160748d902cd\securejarhandler-3.0.8.jar;F:\.gradle\caches\modules-2\files-2.1\org.ow2.asm\asm-commons\9.5\19ab5b5800a3910d30d3a3e64fdb00fd0cb42de0\asm-commons-9.5.jar;F:\.gradle\caches\modules-2\files-2.1\org.ow2.asm\asm-util\9.5\64b5a1fc8c1b15ed2efd6a063e976bc8d3dc5ffe\asm-util-9.5.jar;F:\.gradle\caches\modules-2\files-2.1\org.ow2.asm\asm-analysis\9.5\490bacc77de7cbc0be1a30bb3471072d705be4a4\asm-analysis-9.5.jar;F:\.gradle\caches\modules-2\files-2.1\org.ow2.asm\asm-tree\9.5\fd33c8b6373abaa675be407082fdfda35021254a\asm-tree-9.5.jar;F:\.gradle\caches\modules-2\files-2.1\org.ow2.asm\asm\9.5\dc6ea1875f4d64fbc85e1691c95b96a3d8569c90\asm-9.5.jar;F:\.gradle\caches\modules-2\files-2.1\net.neoforged\JarJarFileSystems\0.4.1\78f59f89defcd032ed788b151ca6a0d40ace796a\JarJarFileSystems-0.4.1.jar --add-modules=ALL-MODULE-PATH --add-opens=java.base/java.util.jar=cpw.mods.securejarhandler --add-opens=java.base/java.lang.invoke=cpw.mods.securejarhandler --add-exports=java.base/sun.security.util=cpw.mods.securejarhandler --add-exports=jdk.naming.dns/com.sun.jndi.dns=java.naming -Dfile.encoding=GBK -Duser.country=CN -Duser.language=zh -Duser.variant net.fabricmc.devlaunchinjector.Main

Host: Intel(R) Core(TM) i7-7700 CPU @ 3.60GHz, 8 cores, 15G,  Windows 10 , 64 bit Build 19041 (10.0.19041.5072)
Time: Thu Sep 18 19:25:13 2025  Windows 10 , 64 bit Build 19041 (10.0.19041.5072) elapsed time: 38.933890 seconds (0d 0h 0m 38s)

---------------  T H R E A D  ---------------

Current thread (0x000002925448af80):  JavaThread "Render thread"        [_thread_in_native, id=984, stack(0x0000009a57500000,0x0000009a57600000) (1024K)]

Stack: [0x0000009a57500000,0x0000009a57600000],  sp=0x0000009a575eb3c8,  free space=940k
Native frames: (J=compiled Java code, j=interpreted, Vv=VM code, C=native code)
C  [shaderc.dll+0x2cb74c]

Java frames: (J=compiled Java code, j=interpreted, Vv=VM code)
j  org.lwjgl.system.JNI.invokePPPPPPP(JJJIJJJJ)J+0 org.lwjgl@3.3.3+5
j  org.lwjgl.util.shaderc.Shaderc.nshaderc_compile_into_spv(JJJIJJJ)J+30 vulkan_shaderc@1.0
j  net.vulkanmod.vulkan.shader.SPIRVUtils.self_shaderc_compile_into_spv(JLjava/lang/CharSequence;ILjava/lang/CharSequence;Ljava/lang/CharSequence;J)J+120 vulkanmod@1.0.0
j  net.vulkanmod.vulkan.shader.SPIRVUtils.compileShader(Ljava/lang/String;Ljava/lang/String;Lnet/vulkanmod/vulkan/shader/SPIRVUtils$ShaderKind;)Lnet/vulkanmod/vulkan/shader/SPIRVUtils$SPIRV;+60 vulkanmod@1.0.0
j  net.vulkanmod.vulkan.shader.SPIRVUtils.compileShaderAbsoluteFile(Ljava/lang/String;Lnet/vulkanmod/vulkan/shader/SPIRVUtils$ShaderKind;)Lnet/vulkanmod/vulkan/shader/SPIRVUtils$SPIRV;+25 vulkanmod@1.0.0
j  net.vulkanmod.render.PipelineManager.createPipeline(Ljava/lang/String;Ljava/lang/String;Ljava/lang/String;Lcom/mojang/blaze3d/vertex/VertexFormat;)Lnet/vulkanmod/vulkan/shader/GraphicsPipeline;+97 vulkanmod@1.0.0
j  net.vulkanmod.render.PipelineManager.createBasicPipelines()V+9 vulkanmod@1.0.0
j  net.vulkanmod.render.PipelineManager.init()V+6 vulkanmod@1.0.0
j  net.vulkanmod.vulkan.Renderer.init()V+34 vulkanmod@1.0.0
j  net.vulkanmod.vulkan.Renderer.initRenderer()V+13 vulkanmod@1.0.0
j  net.vulkanmod.vulkan.Vulkan.initVulkan(J)V+34 vulkanmod@1.0.0
j  net.vulkanmod.vulkan.VRenderSystem.initRenderer()V+3 vulkanmod@1.0.0
j  com.mojang.blaze3d.systems.RenderSystem.initRenderer(IZ)V+0 minecraft@1.21
j  net.minecraft.client.Minecraft.<init>(Lnet/minecraft/client/main/GameConfig;)V+895 minecraft@1.21
j  net.minecraft.client.main.Main.main([Ljava/lang/String;)V+1512 minecraft@1.21
j  java.lang.invoke.LambdaForm$DMH+0x0000029201003000.invokeStatic(Ljava/lang/Object;Ljava/lang/Object;)V+10 java.base@21.0.2
j  java.lang.invoke.LambdaForm$MH+0x0000029201394800.invoke(Ljava/lang/Object;Ljava/lang/Object;Ljava/lang/Object;)Ljava/lang/Object;+33 java.base@21.0.2
j  java.lang.invoke.Invokers$Holder.invokeExact_MT(Ljava/lang/Object;Ljava/lang/Object;Ljava/lang/Object;Ljava/lang/Object;)Ljava/lang/Object;+20 java.base@21.0.2
j  jdk.internal.reflect.DirectMethodHandleAccessor.invokeImpl(Ljava/lang/Object;[Ljava/lang/Object;)Ljava/lang/Object;+55 java.base@21.0.2
j  jdk.internal.reflect.DirectMethodHandleAccessor.invoke(Ljava/lang/Object;[Ljava/lang/Object;)Ljava/lang/Object;+23 java.base@21.0.2
J 6937 c1 java.lang.reflect.Method.invoke(Ljava/lang/Object;[Ljava/lang/Object;)Ljava/lang/Object; java.base@21.0.2 (108 bytes) @ 0x000002925ee5667c [0x000002925ee56480+0x00000000000001fc]
j  net.neoforged.fml.loading.targets.CommonLaunchHandler.runTarget(Ljava/lang/String;[Ljava/lang/String;Ljava/lang/ModuleLayer;)V+42 fml_loader@4.0.23
j  net.neoforged.fml.loading.targets.CommonLaunchHandler.clientService([Ljava/lang/String;Ljava/lang/ModuleLayer;)V+6 fml_loader@4.0.23
j  net.neoforged.fml.loading.targets.NeoForgeClientUserdevLaunchHandler.runService([Ljava/lang/String;Ljava/lang/ModuleLayer;)V+3 fml_loader@4.0.23
j  net.neoforged.fml.loading.targets.CommonLaunchHandler.lambda$launchService$4([Ljava/lang/String;Ljava/lang/ModuleLayer;)V+3 fml_loader@4.0.23
j  net.neoforged.fml.loading.targets.CommonLaunchHandler$$Lambda+0x00000292014264b8.run()V+12 fml_loader@4.0.23
j  cpw.mods.modlauncher.LaunchServiceHandlerDecorator.launch([Ljava/lang/String;Ljava/lang/ModuleLayer;)V+11 cpw.mods.modlauncher@11.0.4
j  cpw.mods.modlauncher.LaunchServiceHandler.launch(Ljava/lang/String;[Ljava/lang/String;Ljava/lang/ModuleLayer;Lcpw/mods/modlauncher/TransformingClassLoader;Lcpw/mods/modlauncher/LaunchPluginHandler;)V+58 cpw.mods.modlauncher@11.0.4
j  cpw.mods.modlauncher.LaunchServiceHandler.launch(Lcpw/mods/modlauncher/ArgumentHandler;Ljava/lang/ModuleLayer;Lcpw/mods/modlauncher/TransformingClassLoader;Lcpw/mods/modlauncher/LaunchPluginHandler;)V+21 cpw.mods.modlauncher@11.0.4
j  cpw.mods.modlauncher.Launcher.run([Ljava/lang/String;)V+288 cpw.mods.modlauncher@11.0.4
j  cpw.mods.modlauncher.Launcher.main([Ljava/lang/String;)V+123 cpw.mods.modlauncher@11.0.4
j  cpw.mods.modlauncher.BootstrapLaunchConsumer.accept([Ljava/lang/String;)V+1 cpw.mods.modlauncher@11.0.4
j  cpw.mods.modlauncher.BootstrapLaunchConsumer.accept(Ljava/lang/Object;)V+5 cpw.mods.modlauncher@11.0.4
j  cpw.mods.bootstraplauncher.BootstrapLauncher.run(Z[Ljava/lang/String;)V+703
j  cpw.mods.bootstraplauncher.BootstrapLauncher.main([Ljava/lang/String;)V+2
j  java.lang.invoke.LambdaForm$DMH+0x0000029201003000.invokeStatic(Ljava/lang/Object;Ljava/lang/Object;)V+10 java.base@21.0.2
j  java.lang.invoke.DelegatingMethodHandle$Holder.delegate(Ljava/lang/Object;Ljava/lang/Object;)V+13 java.base@21.0.2
j  java.lang.invoke.LambdaForm$MH+0x0000029201003400.invokeExact_MT(Ljava/lang/Object;Ljava/lang/Object;Ljava/lang/Object;)V+19 java.base@21.0.2
j  net.fabricmc.devlaunchinjector.Main.main([Ljava/lang/String;)V+307
v  ~StubRoutines::call_stub 0x000002926560100d

siginfo: EXCEPTION_ACCESS_VIOLATION (0xc0000005), reading address 0x000002928ac4eff0


Registers:
RAX=0x000002928ac4f060, RBX=0x000002928ac4f060, RCX=0x0000029296b8acd0, RDX=0xfffffffff40c4320
RSP=0x0000009a575eb3c8, RBP=0x000000040000000f, RSI=0x0000009a575eb440, RDI=0x0000000400000000
R8 =0x00000003fffffff0, R9 =0x000000000017e778, R10=0x000002927ed13380, R11=0x000002928ac4f060
R12=0x0000000000000000, R13=0x0000000000000000, R14=0x000002927ed13380, R15=0x0000000000000000
RIP=0x00007ffb0fdfb74c, EFLAGS=0x0000000000010206


Register to memory mapping:

RAX=0x000002928ac4f060 points into unknown readable memory: 0x0000000000000000 | 00 00 00 00 00 00 00 00
RBX=0x000002928ac4f060 points into unknown readable memory: 0x0000000000000000 | 00 00 00 00 00 00 00 00
RCX=0x0000029296b8acd0 points into unknown readable memory: 0x0000000000000000 | 00 00 00 00 00 00 00 00
RDX=0xfffffffff40c4320 is an unknown value
RSP=0x0000009a575eb3c8 is pointing into the stack for thread: 0x000002925448af80
RBP=0x000000040000000f is an unknown value
RSI=0x0000009a575eb440 is pointing into the stack for thread: 0x000002925448af80
RDI=0x0000000400000000 is an unknown value
R8 =0x00000003fffffff0 is an unknown value
R9 =0x000000000017e778 is an unknown value
R10=0x000002927ed13380 points into unknown readable memory: 0x000002927586c8f0 | f0 c8 86 75 92 02 00 00
R11=0x000002928ac4f060 points into unknown readable memory: 0x0000000000000000 | 00 00 00 00 00 00 00 00
R12=0x0 is null
R13=0x0 is null
R14=0x000002927ed13380 points into unknown readable memory: 0x000002927586c8f0 | f0 c8 86 75 92 02 00 00
R15=0x0 is null

Top of Stack: (sp=0x0000009a575eb3c8)
0x0000009a575eb3c8:   00007ffb0fb314b6 0000000000000000
0x0000009a575eb3d8:   0000000000000000 0000000000000000
0x0000009a575eb3e8:   0000000000000000 0000009a575eb930
0x0000009a575eb3f8:   00007ffb0fb35984 0000000000000001
0x0000009a575eb408:   0000000000000000 000002927c9df810
0x0000009a575eb418:   000002927e2c9150 0000000000000001
0x0000009a575eb428:   00000292419c2b70 0000000000000000
0x0000009a575eb438:   000002927c9df810 000002928ac4f060
0x0000009a575eb448:   0000000000000000 0000000400000000
0x0000009a575eb458:   000000040000000f 00000b9d6217620c
0x0000009a575eb468:   0000000000000000 00007ffb0fea1b01
0x0000009a575eb478:   0000009a575fd3f8 000002927e2c9150
0x0000009a575eb488:   0000009a575eb760 0000009a575eb5e0
0x0000009a575eb498:   00007ffb0fb3581e 0000000000000001
0x0000009a575eb4a8:   00007ffb0fcf9454 0000000000000000
0x0000009a575eb4b8:   0000000000000001 0000000000000001
0x0000009a575eb4c8:   0000000000000000 000000000000000a
0x0000009a575eb4d8:   00007ffb0fd2e5ea 0000000000000000
0x0000009a575eb4e8:   ffffffffffffffff 0000009a575fc7c0
0x0000009a575eb4f8:   0000009a575fc7c0 0000000000000000
0x0000009a575eb508:   0000000000000000 0000000000000000
0x0000009a575eb518:   0000000000000000 000002927ed13380
0x0000009a575eb528:   0000000300000000 7263656e00000002
0x0000009a575eb538:   00007ffb0fc443f1 0000000000000000
0x0000009a575eb548:   00007ffb0fc4dfc0 0000000000000000
0x0000009a575eb558:   0000000000000000 0000000000000001
0x0000009a575eb568:   0000009a575eb930 00007ffb0fefb198
0x0000009a575eb578:   00007ffb0fc5de0c 000002927ed087c0
0x0000009a575eb588:   000002927b3cebf0 0000009a575eb930
0x0000009a575eb598:   0000000000000000 000002927ed087c0
0x0000009a575eb5a8:   0000000000000001 000002927ed087c0
0x0000009a575eb5b8:   000002927586c8f0 000002927ed17800 

Instructions: (pc=0x00007ffb0fdfb74c)
0x00007ffb0fdfb64c:   0a 90 f3 42 0f 7f 4c 09 90 f3 42 0f 6f 4c 0a a0
0x00007ffb0fdfb65c:   f3 42 0f 7f 4c 09 a0 f3 42 0f 6f 4c 0a b0 f3 42
0x00007ffb0fdfb66c:   0f 7f 4c 09 b0 f3 42 0f 6f 4c 0a c0 f3 42 0f 7f
0x00007ffb0fdfb67c:   4c 09 c0 f3 42 0f 6f 4c 0a d0 f3 42 0f 7f 4c 09
0x00007ffb0fdfb68c:   d0 f3 42 0f 6f 4c 0a e0 f3 42 0f 7f 4c 09 e0 f3
0x00007ffb0fdfb69c:   42 0f 7f 6c 01 f0 f3 0f 7f 00 c3 66 0f 1f 84 00
0x00007ffb0fdfb6ac:   00 00 00 00 4c 8b d9 4c 8b d2 48 2b d1 49 03 c8
0x00007ffb0fdfb6bc:   0f 10 44 11 f0 48 83 e9 10 49 83 e8 10 f6 c1 0f
0x00007ffb0fdfb6cc:   74 17 48 8b c1 48 83 e1 f0 0f 10 c8 0f 10 04 11
0x00007ffb0fdfb6dc:   0f 11 08 4c 8b c1 4d 2b c3 4d 8b c8 49 c1 e9 07
0x00007ffb0fdfb6ec:   74 6f 0f 29 01 eb 14 66 66 66 66 66 0f 1f 84 00
0x00007ffb0fdfb6fc:   00 00 00 00 0f 29 41 10 0f 29 09 0f 10 44 11 f0
0x00007ffb0fdfb70c:   0f 10 4c 11 e0 48 81 e9 80 00 00 00 0f 29 41 70
0x00007ffb0fdfb71c:   0f 29 49 60 0f 10 44 11 50 0f 10 4c 11 40 49 ff
0x00007ffb0fdfb72c:   c9 0f 29 41 50 0f 29 49 40 0f 10 44 11 30 0f 10
0x00007ffb0fdfb73c:   4c 11 20 0f 29 41 30 0f 29 49 20 0f 10 44 11 10
0x00007ffb0fdfb74c:   0f 10 0c 11 75 ae 0f 29 41 10 49 83 e0 7f 0f 28
0x00007ffb0fdfb75c:   c1 4d 8b c8 49 c1 e9 04 74 1a 66 66 0f 1f 84 00
0x00007ffb0fdfb76c:   00 00 00 00 0f 11 01 48 83 e9 10 0f 10 04 11 49
0x00007ffb0fdfb77c:   ff c9 75 f0 49 83 e0 0f 74 08 41 0f 10 0a 41 0f
0x00007ffb0fdfb78c:   11 0b 0f 11 01 49 8b c3 c3 cc cc cc cc cc cc cc
0x00007ffb0fdfb79c:   cc cc cc cc cc cc cc cc cc cc 66 66 0f 1f 84 00
0x00007ffb0fdfb7ac:   00 00 00 00 57 8b c2 48 8b f9 49 8b c8 f3 aa 49
0x00007ffb0fdfb7bc:   8b c1 5f c3 cc cc cc cc cc cc 66 66 0f 1f 84 00
0x00007ffb0fdfb7cc:   00 00 00 00 48 8b c1 4c 8b c9 4c 8d 15 23 48 d3
0x00007ffb0fdfb7dc:   ff 0f b6 d2 49 bb 01 01 01 01 01 01 01 01 4c 0f
0x00007ffb0fdfb7ec:   af da 66 49 0f 6e c3 49 83 f8 0f 0f 87 83 00 00
0x00007ffb0fdfb7fc:   00 0f 1f 00 49 03 c8 47 8b 8c 82 b0 60 47 00 4d
0x00007ffb0fdfb80c:   03 ca 41 ff e1 4c 89 59 f1 44 89 59 f9 66 44 89
0x00007ffb0fdfb81c:   59 fd 44 88 59 ff c3 4c 89 59 f2 44 89 59 fa 66
0x00007ffb0fdfb82c:   44 89 59 fe c3 66 66 66 66 66 66 66 0f 1f 84 00
0x00007ffb0fdfb83c:   00 00 00 00 4c 89 59 f3 44 89 59 fb 44 88 59 ff 


Stack slot to memory mapping:

stack at sp + 0 slots: 0x00007ffb0fb314b6 shaderc.dll
stack at sp + 1 slots: 0x0 is null
stack at sp + 2 slots: 0x0 is null
stack at sp + 3 slots: 0x0 is null
stack at sp + 4 slots: 0x0 is null
stack at sp + 5 slots: 0x0000009a575eb930 is pointing into the stack for thread: 0x000002925448af80
stack at sp + 6 slots: 0x00007ffb0fb35984 shaderc.dll
stack at sp + 7 slots: 0x0000000000000001 is an unknown value


Compiled method (c1)   39047 6937       2       java.lang.reflect.Method::invoke (108 bytes)
 total in heap  [0x000002925ee56290,0x000002925ee56908] = 1656
 relocation     [0x000002925ee563f0,0x000002925ee56480] = 144
 main code      [0x000002925ee56480,0x000002925ee56718] = 664
 stub code      [0x000002925ee56718,0x000002925ee567b0] = 152
 metadata       [0x000002925ee567b0,0x000002925ee567b8] = 8
 scopes data    [0x000002925ee567b8,0x000002925ee56850] = 152
 scopes pcs     [0x000002925ee56850,0x000002925ee568f0] = 160
 dependencies   [0x000002925ee568f0,0x000002925ee568f8] = 8
 nul chk table  [0x000002925ee568f8,0x000002925ee56908] = 16

[Disassembly]
--------------------------------------------------------------------------------
[Constant Pool (empty)]

--------------------------------------------------------------------------------

[Entry Point]
  # {method} {0x00000292000440d0} 'invoke' '(Ljava/lang/Object;[Ljava/lang/Object;)Ljava/lang/Object;' in 'java/lang/reflect/Method'
  # this:     rdx:rdx   = 'java/lang/reflect/Method'
  # parm0:    r8:r8     = 'java/lang/Object'
  # parm1:    r9:r9     = '[Ljava/lang/Object;'
  #           [sp+0x90]  (sp of caller)
  0x000002925ee56480:   mov    0x8(%rdx),%r10d
  0x000002925ee56484:   movabs $0x29200000000,%r11
  0x000002925ee5648e:   add    %r11,%r10
  0x000002925ee56491:   cmp    %rax,%r10
  0x000002925ee56494:   jne    0x000002926564e780           ;   {runtime_call ic_miss_stub}
  0x000002925ee5649a:   nopw   0x0(%rax,%rax,1)
[Verified Entry Point]
  0x000002925ee564a0:   mov    %eax,-0x8000(%rsp)
  0x000002925ee564a7:   push   %rbp
  0x000002925ee564a8:   sub    $0x80,%rsp
  0x000002925ee564af:   nop
  0x000002925ee564b0:   cmpl   $0x9,0x20(%r15)
  0x000002925ee564b8:   je     0x000002925ee564bf
  0x000002925ee564ba:   call   Stub::nmethod_entry_barrier  ;   {runtime_call StubRoutines (final stubs)}
  0x000002925ee564bf:   mov    %rdx,0x48(%rsp)
  0x000002925ee564c4:   mov    %r8,0x50(%rsp)
  0x000002925ee564c9:   movabs $0x29276023fd0,%rsi
  0x000002925ee564d3:   mov    0x8(%rsi),%edi
  0x000002925ee564d6:   add    $0x2,%edi
  0x000002925ee564d9:   mov    %edi,0x8(%rsi)
  0x000002925ee564dc:   and    $0xffe,%edi
  0x000002925ee564e2:   test   %edi,%edi
  0x000002925ee564e4:   je     0x000002925ee5669a
  0x000002925ee564ea:   mov    %r9,0x58(%rsp)
  0x000002925ee564ef:   mov    %rdx,%rsi
  0x000002925ee564f2:   mov    %rsi,%rdx
  0x000002925ee564f5:   xchg   %ax,%ax
  0x000002925ee564f7:   call   0x000002925ee55f60           ; ImmutableOopMap {[72]=Oop [80]=Oop [88]=Oop }
                                                            ;*invokevirtual isCallerSensitive {reexecute=0 rethrow=0 return_oop=0}
                                                            ; - java.lang.reflect.Method::invoke@1 (line 561)
                                                            ;   {optimized virtual_call}
  0x000002925ee564fc:   nopl   0x26c(%rax,%rax,1)           ;   {other}
  0x000002925ee56504:   mov    0x48(%rsp),%rdx
  0x000002925ee56509:   movsbl 0xc(%rdx),%esi
  0x000002925ee5650d:   test   %esi,%esi
  0x000002925ee5650f:   je     0x000002925ee56530
  0x000002925ee56515:   test   %eax,%eax
  0x000002925ee56517:   jne    0x000002925ee56530
  0x000002925ee5651d:   movabs $0x0,%rbx                    ;   {oop(nullptr)}
  0x000002925ee56527:   mov    %eax,0x60(%rsp)
  0x000002925ee5652b:   jmp    0x000002925ee5654c
  0x000002925ee56530:   mov    %eax,0x60(%rsp)
  0x000002925ee56534:   data16 xchg %ax,%ax
  0x000002925ee56537:   call   0x0000029265bd2ce0           ; ImmutableOopMap {[72]=Oop [80]=Oop [88]=Oop }
                                                            ;*invokestatic getCallerClass {reexecute=0 rethrow=0 return_oop=0}
                                                            ; - java.lang.reflect.Method::invoke@19 (line 564)
                                                            ;   {static_call}
  0x000002925ee5653c:   nopl   0x10002ac(%rax,%rax,1)       ;   {other}
  0x000002925ee56544:   mov    %rax,%rbx
  0x000002925ee56547:   mov    0x48(%rsp),%rdx
  0x000002925ee5654c:   movsbl 0xc(%rdx),%r8d
  0x000002925ee56551:   test   %r8d,%r8d
  0x000002925ee56554:   je     0x000002925ee56564
  0x000002925ee5655a:   mov    %rbx,0x68(%rsp)
  0x000002925ee5655f:   jmp    0x000002925ee565e1
  0x000002925ee56564:   mov    0x24(%rdx),%r9d
  0x000002925ee56568:   shl    $0x3,%r9
  0x000002925ee5656c:   mov    0x20(%rdx),%esi
  0x000002925ee5656f:   mov    %rsi,%r8
  0x000002925ee56572:   and    $0x8,%r8d
  0x000002925ee56576:   test   %r8d,%r8d
  0x000002925ee56579:   mov    $0x0,%r8d
  0x000002925ee5657f:   je     0x000002925ee56587
  0x000002925ee56581:   mov    $0x1,%r8d
  0x000002925ee56587:   and    $0x1,%r8d
  0x000002925ee5658b:   test   %r8d,%r8d
  0x000002925ee5658e:   je     0x000002925ee565a3
  0x000002925ee56594:   movabs $0x0,%rdi                    ;   {oop(nullptr)}
  0x000002925ee5659e:   jmp    0x000002925ee565c0
  0x000002925ee565a3:   mov    0x50(%rsp),%r8
  0x000002925ee565a8:   mov    0x8(%r8),%edi                ; implicit exception: dispatches to 0x000002925ee566bb
  0x000002925ee565ac:   movabs $0x29200000000,%r10
  0x000002925ee565b6:   add    %r10,%rdi
  0x000002925ee565b9:   mov    0x70(%rdi),%rdi
  0x000002925ee565bd:   mov    (%rdi),%rdi
  0x000002925ee565c0:   mov    %rbx,%r8
  0x000002925ee565c3:   mov    %rdx,%rcx
  0x000002925ee565c6:   mov    %rcx,%rdx
  0x000002925ee565c9:   mov    %rbx,0x68(%rsp)
  0x000002925ee565ce:   nop
  0x000002925ee565cf:   call   0x000002925ee5675a           ; ImmutableOopMap {[72]=Oop [80]=Oop [88]=Oop [104]=Oop }
                                                            ;*invokevirtual checkAccess {reexecute=0 rethrow=0 return_oop=0}
                                                            ; - java.lang.reflect.Method::invoke@60 (line 571)
                                                            ;   {optimized virtual_call}
  0x000002925ee565d4:   nopl   0x2000344(%rax,%rax,1)       ;   {other}
  0x000002925ee565dc:   mov    0x48(%rsp),%rdx
  0x000002925ee565e1:   mov    0x4c(%rdx),%esi
  0x000002925ee565e4:   shl    $0x3,%rsi
  0x000002925ee565e8:   test   %rsi,%rsi
  0x000002925ee565eb:   jne    0x000002925ee56607
  0x000002925ee565f1:   nopw   0x0(%rax,%rax,1)
  0x000002925ee565f7:   call   0x000002925ee56769           ; ImmutableOopMap {[80]=Oop [88]=Oop [104]=Oop }
                                                            ;*invokevirtual acquireMethodAccessor {reexecute=0 rethrow=0 return_oop=0}
                                                            ; - java.lang.reflect.Method::invoke@75 (line 577)
                                                            ;   {optimized virtual_call}
  0x000002925ee565fc:   nopl   0x300036c(%rax,%rax,1)       ;   {other}
  0x000002925ee56604:   mov    %rax,%rsi
  0x000002925ee56607:   mov    0x60(%rsp),%eax
  0x000002925ee5660b:   test   %eax,%eax
  0x000002925ee5660d:   je     0x000002925ee5665a
  0x000002925ee56613:   mov    0x68(%rsp),%rbx
  0x000002925ee56618:   mov    0x50(%rsp),%r8
  0x000002925ee5661d:   mov    0x58(%rsp),%r9
  0x000002925ee56622:   mov    %rbx,%rdi
  0x000002925ee56625:   mov    %rsi,%rdx
  0x000002925ee56628:   nopl   0x0(%rax,%rax,1)
  0x000002925ee5662d:   movabs $0x2927b9912a0,%rax
  0x000002925ee56637:   call   0x0000029265641f3d           ; ImmutableOopMap {}
                                                            ;*invokeinterface invoke {reexecute=0 rethrow=0 return_oop=0}
                                                            ; - java.lang.reflect.Method::invoke@90 (line 580)
                                                            ;   {virtual_call}
  0x000002925ee5663c:   nopl   0x40003ac(%rax,%rax,1)       ;   {other}
  0x000002925ee56644:   add    $0x80,%rsp
  0x000002925ee5664b:   pop    %rbp
  0x000002925ee5664c:   cmp    0x450(%r15),%rsp             ;   {poll_return}
  0x000002925ee56653:   ja     0x000002925ee566c0
  0x000002925ee56659:   ret    
  0x000002925ee5665a:   mov    0x58(%rsp),%r9
  0x000002925ee5665f:   mov    0x50(%rsp),%r8
  0x000002925ee56664:   mov    %rsi,%rdx
  0x000002925ee56667:   nopw   0x0(%rax,%rax,1)
  0x000002925ee5666d:   movabs $0x2920019f4b8,%rax
  0x000002925ee56677:   call   0x000002925f0459c0           ; ImmutableOopMap {}
                                                            ;*invokeinterface invoke {reexecute=0 rethrow=0 return_oop=0}
                                                            ; - java.lang.reflect.Method::invoke@102 (line 580)
                                                            ;   {virtual_call}
  0x000002925ee5667c:   nopl   0x50003ec(%rax,%rax,1)       ;   {other}
  0x000002925ee56684:   add    $0x80,%rsp
  0x000002925ee5668b:   pop    %rbp
  0x000002925ee5668c:   cmp    0x450(%r15),%rsp             ;   {poll_return}
  0x000002925ee56693:   ja     0x000002925ee566d6
  0x000002925ee56699:   ret    
  0x000002925ee5669a:   movabs $0x292000440c8,%r10          ;   {metadata({method} {0x00000292000440d0} 'invoke' '(Ljava/lang/Object;[Ljava/lang/Object;)Ljava/lang/Object;' in 'java/lang/reflect/Method')}
  0x000002925ee566a4:   mov    %r10,0x8(%rsp)
  0x000002925ee566a9:   movq   $0xffffffffffffffff,(%rsp)
  0x000002925ee566b1:   call   0x0000029265721480           ; ImmutableOopMap {rdx=Oop r8=Oop r9=Oop [72]=Oop [80]=Oop }
                                                            ;*synchronization entry
                                                            ; - java.lang.reflect.Method::invoke@-1 (line 561)
                                                            ;   {runtime_call counter_overflow Runtime1 stub}
  0x000002925ee566b6:   jmp    0x000002925ee564ea
  0x000002925ee566bb:   call   0x000002926571c380           ; ImmutableOopMap {rbx=Oop rdx=Oop r9=Oop r8=Oop [72]=Oop [80]=Oop [88]=Oop }
                                                            ;*invokevirtual getClass {reexecute=0 rethrow=0 return_oop=0}
                                                            ; - java.lang.reflect.Method::invoke@53 (line 572)
                                                            ;   {runtime_call throw_null_pointer_exception Runtime1 stub}
  0x000002925ee566c0:   movabs $0x2925ee5664c,%r10          ;   {internal_word}
  0x000002925ee566ca:   mov    %r10,0x468(%r15)
  0x000002925ee566d1:   jmp    0x0000029265655700           ;   {runtime_call SafepointBlob}
  0x000002925ee566d6:   movabs $0x2925ee5668c,%r10          ;   {internal_word}
  0x000002925ee566e0:   mov    %r10,0x468(%r15)
  0x000002925ee566e7:   jmp    0x0000029265655700           ;   {runtime_call SafepointBlob}
  0x000002925ee566ec:   mov    0x500(%r15),%rax
  0x000002925ee566f3:   movq   $0x0,0x500(%r15)
  0x000002925ee566fe:   movq   $0x0,0x508(%r15)
  0x000002925ee56709:   add    $0x80,%rsp
  0x000002925ee56710:   pop    %rbp
  0x000002925ee56711:   jmp    0x000002926571b480           ;   {runtime_call unwind_exception Runtime1 stub}
  0x000002925ee56716:   hlt    
  0x000002925ee56717:   hlt    
[Stub Code]
  0x000002925ee56718:   nopl   0x0(%rax,%rax,1)             ;   {no_reloc}
  0x000002925ee5671d:   movabs $0x0,%rbx                    ;   {static_stub}
  0x000002925ee56727:   jmp    0x000002925ee56727           ;   {runtime_call}
  0x000002925ee5672c:   nop
  0x000002925ee5672d:   movabs $0x0,%rbx                    ;   {static_stub}
  0x000002925ee56737:   jmp    0x000002925ee56737           ;   {runtime_call}
  0x000002925ee5673c:   movabs $0x0,%rbx                    ;   {static_stub}
  0x000002925ee56746:   jmp    0x000002925ee56746           ;   {runtime_call}
  0x000002925ee5674b:   movabs $0x0,%rbx                    ;   {static_stub}
  0x000002925ee56755:   jmp    0x000002925ee56755           ;   {runtime_call}
  0x000002925ee5675a:   movabs $0x2920043aa28,%rbx          ;   {static_stub}
  0x000002925ee56764:   jmp    0x000002926562f8f2           ;   {runtime_call I2C/C2I adapters}
  0x000002925ee56769:   movabs $0x29200044540,%rbx          ;   {static_stub}
  0x000002925ee56773:   jmp    0x0000029265653463           ;   {runtime_call I2C/C2I adapters}
[Exception Handler]
  0x000002925ee56778:   call   0x000002926571e180           ;   {runtime_call handle_exception_from_callee Runtime1 stub}
  0x000002925ee5677d:   movabs $0x7fface5447e0,%rcx         ;   {external_word}
  0x000002925ee56787:   and    $0xfffffffffffffff0,%rsp
  0x000002925ee5678b:   movabs $0x7fface1c2440,%rax         ;   {runtime_call}
  0x000002925ee56795:   call   *%rax
  0x000002925ee56797:   hlt    
[Deopt Handler Code]
  0x000002925ee56798:   movabs $0x2925ee56798,%r10          ;   {section_word}
  0x000002925ee567a2:   push   %r10
  0x000002925ee567a4:   jmp    0x00000292656549a0           ;   {runtime_call DeoptimizationBlob}
  0x000002925ee567a9:   hlt    
  0x000002925ee567aa:   hlt    
  0x000002925ee567ab:   hlt    
  0x000002925ee567ac:   hlt    
  0x000002925ee567ad:   hlt    
  0x000002925ee567ae:   hlt    
  0x000002925ee567af:   hlt    
--------------------------------------------------------------------------------
[/Disassembly]


---------------  P R O C E S S  ---------------

Threads class SMR info:
_java_thread_list=0x000002927d3ebeb0, length=29, elements={
0x000002925448af80, 0x00000292755dfa80, 0x00000292755e25f0, 0x00000292755e4160,
0x00000292755e5770, 0x00000292755e8390, 0x00000292755e99c0, 0x00000292755eff90,
0x00000292755f0de0, 0x00000292757336f0, 0x00000292758215d0, 0x000002927c091120,
0x000002927a598d10, 0x000002927ab20d70, 0x000002927bdd9720, 0x000002927a4f6960,
0x000002927a4f6fd0, 0x000002927b98ff60, 0x000002927f3d3aa0, 0x000002927f3cff90,
0x000002927f3cd830, 0x000002927f3d4e50, 0x000002927f3d2d80, 0x000002927a066800,
0x000002927a06c3e0, 0x000002927a06ca70, 0x000002927a06d100, 0x000002927a06d790,
0x000002927a06de20
}

Java Threads: ( => current thread )
=>0x000002925448af80 JavaThread "Render thread"                     [_thread_in_native, id=984, stack(0x0000009a57500000,0x0000009a57600000) (1024K)]
  0x00000292755dfa80 JavaThread "Reference Handler"          daemon [_thread_blocked, id=4528, stack(0x0000009a57d00000,0x0000009a57e00000) (1024K)]
  0x00000292755e25f0 JavaThread "Finalizer"                  daemon [_thread_blocked, id=15940, stack(0x0000009a57e00000,0x0000009a57f00000) (1024K)]
  0x00000292755e4160 JavaThread "Signal Dispatcher"          daemon [_thread_blocked, id=16360, stack(0x0000009a57f00000,0x0000009a58000000) (1024K)]
  0x00000292755e5770 JavaThread "Attach Listener"            daemon [_thread_blocked, id=8092, stack(0x0000009a58000000,0x0000009a58100000) (1024K)]
  0x00000292755e8390 JavaThread "Service Thread"             daemon [_thread_blocked, id=9336, stack(0x0000009a58100000,0x0000009a58200000) (1024K)]
  0x00000292755e99c0 JavaThread "Monitor Deflation Thread"   daemon [_thread_blocked, id=12540, stack(0x0000009a58200000,0x0000009a58300000) (1024K)]
  0x00000292755eff90 JavaThread "C2 CompilerThread0"         daemon [_thread_blocked, id=6872, stack(0x0000009a58300000,0x0000009a58400000) (1024K)]
  0x00000292755f0de0 JavaThread "C1 CompilerThread0"         daemon [_thread_blocked, id=14140, stack(0x0000009a58400000,0x0000009a58500000) (1024K)]
  0x00000292757336f0 JavaThread "Common-Cleaner"             daemon [_thread_blocked, id=13236, stack(0x0000009a58500000,0x0000009a58600000) (1024K)]
  0x00000292758215d0 JavaThread "Notification Thread"        daemon [_thread_blocked, id=14456, stack(0x0000009a58800000,0x0000009a58900000) (1024K)]
  0x000002927c091120 JavaThread "ForkJoinPool.commonPool-worker-1" daemon [_thread_blocked, id=1236, stack(0x0000009a58e00000,0x0000009a58f00000) (1024K)]
  0x000002927a598d10 JavaThread "ForkJoinPool.commonPool-worker-2" daemon [_thread_blocked, id=5444, stack(0x0000009a58f00000,0x0000009a59000000) (1024K)]
  0x000002927ab20d70 JavaThread "ForkJoinPool.commonPool-worker-3" daemon [_thread_blocked, id=13440, stack(0x0000009a59000000,0x0000009a59100000) (1024K)]
  0x000002927bdd9720 JavaThread "ForkJoinPool.commonPool-worker-4" daemon [_thread_blocked, id=15184, stack(0x0000009a59100000,0x0000009a59200000) (1024K)]
  0x000002927a4f6960 JavaThread "ForkJoinPool.commonPool-worker-5" daemon [_thread_blocked, id=5040, stack(0x0000009a59200000,0x0000009a59300000) (1024K)]
  0x000002927a4f6fd0 JavaThread "ForkJoinPool.commonPool-worker-6" daemon [_thread_blocked, id=5136, stack(0x0000009a59300000,0x0000009a59400000) (1024K)]
  0x000002927b98ff60 JavaThread "ForkJoinPool.commonPool-worker-7" daemon [_thread_blocked, id=10824, stack(0x0000009a59400000,0x0000009a59500000) (1024K)]
  0x000002927f3d3aa0 JavaThread "JNA Cleaner"                daemon [_thread_blocked, id=6784, stack(0x0000009a5a000000,0x0000009a5a100000) (1024K)]
  0x000002927f3cff90 JavaThread "Timer hack thread"          daemon [_thread_blocked, id=4640, stack(0x0000009a59f00000,0x0000009a5a000000) (1024K)]
  0x000002927f3cd830 JavaThread "Yggdrasil Key Fetcher"      daemon [_thread_blocked, id=10920, stack(0x0000009a5a400000,0x0000009a5a500000) (1024K)]
  0x000002927f3d4e50 JavaThread "Download-1"                 daemon [_thread_blocked, id=6152, stack(0x0000009a5a500000,0x0000009a5a600000) (1024K)]
  0x000002927f3d2d80 JavaThread "Download-2"                 daemon [_thread_blocked, id=5308, stack(0x0000009a5a600000,0x0000009a5a700000) (1024K)]
  0x000002927a066800 JavaThread "modloading-worker-0"        daemon [_thread_blocked, id=16372, stack(0x0000009a59700000,0x0000009a59800000) (1024K)]
  0x000002927a06c3e0 JavaThread "modloading-worker-0"        daemon [_thread_blocked, id=13472, stack(0x0000009a59800000,0x0000009a59900000) (1024K)]
  0x000002927a06ca70 JavaThread "modloading-worker-0"        daemon [_thread_blocked, id=15376, stack(0x0000009a59900000,0x0000009a59a00000) (1024K)]
  0x000002927a06d100 JavaThread "modloading-sync-worker"     daemon [_thread_blocked, id=7708, stack(0x0000009a59a00000,0x0000009a59b00000) (1024K)]
  0x000002927a06d790 JavaThread "FileSystemWatchService"     daemon [_thread_in_native, id=9796, stack(0x0000009a59c00000,0x0000009a59d00000) (1024K)]
  0x000002927a06de20 JavaThread "config-file-watcher-0-0"    daemon [_thread_blocked, id=8436, stack(0x0000009a59d00000,0x0000009a59e00000) (1024K)]
Total: 29

Other Threads:
  0x00000292755be6f0 VMThread "VM Thread"                           [id=15656, stack(0x0000009a57c00000,0x0000009a57d00000) (1024K)]
  0x00000292755a5820 WatcherThread "VM Periodic Task Thread"        [id=8256, stack(0x0000009a57b00000,0x0000009a57c00000) (1024K)]
  0x00000292544f0010 WorkerThread "GC Thread#0"                     [id=15560, stack(0x0000009a57600000,0x0000009a57700000) (1024K)]
  0x000002927a896b30 WorkerThread "GC Thread#1"                     [id=2024, stack(0x0000009a58700000,0x0000009a58800000) (1024K)]
  0x000002927a896ed0 WorkerThread "GC Thread#2"                     [id=12284, stack(0x0000009a58900000,0x0000009a58a00000) (1024K)]
  0x000002927a897270 WorkerThread "GC Thread#3"                     [id=15704, stack(0x0000009a58a00000,0x0000009a58b00000) (1024K)]
  0x000002927a897610 WorkerThread "GC Thread#4"                     [id=7452, stack(0x0000009a58b00000,0x0000009a58c00000) (1024K)]
  0x000002927a8979b0 WorkerThread "GC Thread#5"                     [id=1944, stack(0x0000009a58c00000,0x0000009a58d00000) (1024K)]
  0x000002927b2c2630 WorkerThread "GC Thread#6"                     [id=9952, stack(0x0000009a59500000,0x0000009a59600000) (1024K)]
  0x000002927b2c1b50 WorkerThread "GC Thread#7"                     [id=13124, stack(0x0000009a59600000,0x0000009a59700000) (1024K)]
  0x0000029254501e20 ConcurrentGCThread "G1 Main Marker"            [id=8976, stack(0x0000009a57700000,0x0000009a57800000) (1024K)]
  0x00000292545029e0 WorkerThread "G1 Conc#0"                       [id=4148, stack(0x0000009a57800000,0x0000009a57900000) (1024K)]
  0x000002927b2c1ef0 WorkerThread "G1 Conc#1"                       [id=12696, stack(0x0000009a59e00000,0x0000009a59f00000) (1024K)]
  0x000002925454e830 ConcurrentGCThread "G1 Refine#0"               [id=11644, stack(0x0000009a57900000,0x0000009a57a00000) (1024K)]
  0x0000029275469520 ConcurrentGCThread "G1 Service"                [id=7848, stack(0x0000009a57a00000,0x0000009a57b00000) (1024K)]
Total: 15

Threads with active compile tasks:
Total: 0

VM state: not at safepoint (normal execution)

VM Mutex/Monitor currently owned by a thread: None

Heap address: 0x0000000700e00000, size: 4082 MB, Compressed Oops mode: Zero based, Oop shift amount: 3

CDS archive(s) mapped at: [0x0000029200000000-0x0000029200c90000-0x0000029200c90000), size 13172736, SharedBaseAddress: 0x0000029200000000, ArchiveRelocationMode: 1.
Compressed class space mapped at: 0x0000029201000000-0x0000029241000000, reserved size: 1073741824
Narrow klass base: 0x0000029200000000, Narrow klass shift: 0, Narrow klass range: 0x100000000

GC Precious Log:
 CardTable entry size: 512
 Card Set container configuration: InlinePtr #cards 4 size 8 Array Of Cards #cards 16 size 48 Howl #buckets 8 coarsen threshold 3686 Howl Bitmap #cards 512 size 80 coarsen threshold 460 Card regions per heap region 1 cards per card region 4096
 CPUs: 8 total, 8 available
 Memory: 16323M
 Large Page Support: Disabled
 NUMA Support: Disabled
 Compressed Oops: Enabled (Zero based)
 Heap Region Size: 2M
 Heap Min Capacity: 8M
 Heap Initial Capacity: 256M
 Heap Max Capacity: 4082M
 Pre-touch: Disabled
 Parallel Workers: 8
 Concurrent Workers: 2
 Concurrent Refinement Workers: 8
 Periodic GC: Disabled

Heap:
 garbage-first heap   total 421888K, used 280730K [0x0000000700e00000, 0x0000000800000000)
  region size 2048K, 35 young (71680K), 10 survivors (20480K)
 Metaspace       used 102038K, committed 103872K, reserved 1179648K
  class space    used 15310K, committed 16128K, reserved 1048576K

Heap Regions: E=young(eden), S=young(survivor), O=old, HS=humongous(starts), HC=humongous(continues), CS=collection set, F=free, TAMS=top-at-mark-start, PB=parsable bottom
|   0|0x0000000700e00000, 0x0000000701000000, 0x0000000701000000|100%|HS|  |TAMS 0x0000000700e00000| PB 0x0000000700e00000| Complete 
|   1|0x0000000701000000, 0x0000000701200000, 0x0000000701200000|100%|HC|  |TAMS 0x0000000701000000| PB 0x0000000701000000| Complete 
|   2|0x0000000701200000, 0x0000000701400000, 0x0000000701400000|100%|HS|  |TAMS 0x0000000701200000| PB 0x0000000701200000| Complete 
|   3|0x0000000701400000, 0x0000000701600000, 0x0000000701600000|100%|HS|  |TAMS 0x0000000701400000| PB 0x0000000701400000| Complete 
|   4|0x0000000701600000, 0x0000000701800000, 0x0000000701800000|100%| O|  |TAMS 0x0000000701600000| PB 0x0000000701600000| Untracked 
|   5|0x0000000701800000, 0x0000000701a00000, 0x0000000701a00000|100%| O|  |TAMS 0x0000000701800000| PB 0x0000000701800000| Untracked 
|   6|0x0000000701a00000, 0x0000000701c00000, 0x0000000701c00000|100%|HS|  |TAMS 0x0000000701a00000| PB 0x0000000701a00000| Complete 
|   7|0x0000000701c00000, 0x0000000701e00000, 0x0000000701e00000|100%| O|  |TAMS 0x0000000701c00000| PB 0x0000000701c00000| Untracked 
|   8|0x0000000701e00000, 0x0000000702000000, 0x0000000702000000|100%| O|  |TAMS 0x0000000701e00000| PB 0x0000000701e00000| Untracked 
|   9|0x0000000702000000, 0x0000000702200000, 0x0000000702200000|100%|HS|  |TAMS 0x0000000702000000| PB 0x0000000702000000| Complete 
|  10|0x0000000702200000, 0x0000000702400000, 0x0000000702400000|100%|HC|  |TAMS 0x0000000702200000| PB 0x0000000702200000| Complete 
|  11|0x0000000702400000, 0x0000000702600000, 0x0000000702600000|100%|HS|  |TAMS 0x0000000702400000| PB 0x0000000702400000| Complete 
|  12|0x0000000702600000, 0x0000000702800000, 0x0000000702800000|100%|HS|  |TAMS 0x0000000702600000| PB 0x0000000702600000| Complete 
|  13|0x0000000702800000, 0x0000000702a00000, 0x0000000702a00000|100%|HS|  |TAMS 0x0000000702800000| PB 0x0000000702800000| Complete 
|  14|0x0000000702a00000, 0x0000000702c00000, 0x0000000702c00000|100%|HS|  |TAMS 0x0000000702a00000| PB 0x0000000702a00000| Complete 
|  15|0x0000000702c00000, 0x0000000702e00000, 0x0000000702e00000|100%|HC|  |TAMS 0x0000000702c00000| PB 0x0000000702c00000| Complete 
|  16|0x0000000702e00000, 0x0000000703000000, 0x0000000703000000|100%| O|  |TAMS 0x0000000702e00000| PB 0x0000000702e00000| Untracked 
|  17|0x0000000703000000, 0x0000000703200000, 0x0000000703200000|100%| O|  |TAMS 0x0000000703000000| PB 0x0000000703000000| Untracked 
|  18|0x0000000703200000, 0x0000000703400000, 0x0000000703400000|100%| O|  |TAMS 0x0000000703200000| PB 0x0000000703200000| Untracked 
|  19|0x0000000703400000, 0x0000000703600000, 0x0000000703600000|100%| O|  |TAMS 0x0000000703400000| PB 0x0000000703400000| Untracked 
|  20|0x0000000703600000, 0x0000000703800000, 0x0000000703800000|100%| O|  |TAMS 0x0000000703600000| PB 0x0000000703600000| Untracked 
|  21|0x0000000703800000, 0x0000000703a00000, 0x0000000703a00000|100%| O|  |TAMS 0x0000000703800000| PB 0x0000000703800000| Untracked 
|  22|0x0000000703a00000, 0x0000000703c00000, 0x0000000703c00000|100%| O|  |TAMS 0x0000000703a00000| PB 0x0000000703a00000| Untracked 
|  23|0x0000000703c00000, 0x0000000703e00000, 0x0000000703e00000|100%| O|  |TAMS 0x0000000703c00000| PB 0x0000000703c00000| Untracked 
|  24|0x0000000703e00000, 0x0000000704000000, 0x0000000704000000|100%| O|  |TAMS 0x0000000703e00000| PB 0x0000000703e00000| Untracked 
|  25|0x0000000704000000, 0x0000000704200000, 0x0000000704200000|100%| O|  |TAMS 0x0000000704000000| PB 0x0000000704000000| Untracked 
|  26|0x0000000704200000, 0x0000000704400000, 0x0000000704400000|100%| O|  |TAMS 0x0000000704200000| PB 0x0000000704200000| Untracked 
|  27|0x0000000704400000, 0x0000000704600000, 0x0000000704600000|100%| O|  |TAMS 0x0000000704400000| PB 0x0000000704400000| Untracked 
|  28|0x0000000704600000, 0x0000000704800000, 0x0000000704800000|100%| O|  |TAMS 0x0000000704600000| PB 0x0000000704600000| Untracked 
|  29|0x0000000704800000, 0x0000000704a00000, 0x0000000704a00000|100%| O|  |TAMS 0x0000000704800000| PB 0x0000000704800000| Untracked 
|  30|0x0000000704a00000, 0x0000000704c00000, 0x0000000704c00000|100%| O|  |TAMS 0x0000000704a00000| PB 0x0000000704a00000| Untracked 
|  31|0x0000000704c00000, 0x0000000704e00000, 0x0000000704e00000|100%| O|  |TAMS 0x0000000704c00000| PB 0x0000000704c00000| Untracked 
|  32|0x0000000704e00000, 0x0000000705000000, 0x0000000705000000|100%| O|  |TAMS 0x0000000704e00000| PB 0x0000000704e00000| Untracked 
|  33|0x0000000705000000, 0x0000000705200000, 0x0000000705200000|100%| O|  |TAMS 0x0000000705000000| PB 0x0000000705000000| Untracked 
|  34|0x0000000705200000, 0x0000000705400000, 0x0000000705400000|100%| O|  |TAMS 0x0000000705200000| PB 0x0000000705200000| Untracked 
|  35|0x0000000705400000, 0x0000000705600000, 0x0000000705600000|100%| O|  |TAMS 0x0000000705400000| PB 0x0000000705400000| Untracked 
|  36|0x0000000705600000, 0x0000000705800000, 0x0000000705800000|100%| O|  |TAMS 0x0000000705600000| PB 0x0000000705600000| Untracked 
|  37|0x0000000705800000, 0x0000000705a00000, 0x0000000705a00000|100%| O|  |TAMS 0x0000000705800000| PB 0x0000000705800000| Untracked 
|  38|0x0000000705a00000, 0x0000000705c00000, 0x0000000705c00000|100%| O|  |TAMS 0x0000000705a00000| PB 0x0000000705a00000| Untracked 
|  39|0x0000000705c00000, 0x0000000705e00000, 0x0000000705e00000|100%| O|  |TAMS 0x0000000705c00000| PB 0x0000000705c00000| Untracked 
|  40|0x0000000705e00000, 0x0000000706000000, 0x0000000706000000|100%| O|  |TAMS 0x0000000705e00000| PB 0x0000000705e00000| Untracked 
|  41|0x0000000706000000, 0x0000000706200000, 0x0000000706200000|100%| O|  |TAMS 0x0000000706000000| PB 0x0000000706000000| Untracked 
|  42|0x0000000706200000, 0x0000000706400000, 0x0000000706400000|100%|HS|  |TAMS 0x0000000706200000| PB 0x0000000706200000| Complete 
|  43|0x0000000706400000, 0x0000000706600000, 0x0000000706600000|100%|HC|  |TAMS 0x0000000706400000| PB 0x0000000706400000| Complete 
|  44|0x0000000706600000, 0x0000000706800000, 0x0000000706800000|100%|HC|  |TAMS 0x0000000706600000| PB 0x0000000706600000| Complete 
|  45|0x0000000706800000, 0x0000000706a00000, 0x0000000706a00000|100%|HC|  |TAMS 0x0000000706800000| PB 0x0000000706800000| Complete 
|  46|0x0000000706a00000, 0x0000000706c00000, 0x0000000706c00000|100%|HC|  |TAMS 0x0000000706a00000| PB 0x0000000706a00000| Complete 
|  47|0x0000000706c00000, 0x0000000706e00000, 0x0000000706e00000|100%|HC|  |TAMS 0x0000000706c00000| PB 0x0000000706c00000| Complete 
|  48|0x0000000706e00000, 0x0000000707000000, 0x0000000707000000|100%| O|  |TAMS 0x0000000706e00000| PB 0x0000000706e00000| Untracked 
|  49|0x0000000707000000, 0x0000000707200000, 0x0000000707200000|100%| O|  |TAMS 0x0000000707000000| PB 0x0000000707000000| Untracked 
|  50|0x0000000707200000, 0x0000000707400000, 0x0000000707400000|100%| O|  |TAMS 0x0000000707200000| PB 0x0000000707200000| Untracked 
|  51|0x0000000707400000, 0x0000000707600000, 0x0000000707600000|100%| O|  |TAMS 0x0000000707400000| PB 0x0000000707400000| Untracked 
|  52|0x0000000707600000, 0x0000000707800000, 0x0000000707800000|100%| O|  |TAMS 0x0000000707600000| PB 0x0000000707600000| Untracked 
|  53|0x0000000707800000, 0x0000000707a00000, 0x0000000707a00000|100%| O|  |TAMS 0x0000000707800000| PB 0x0000000707800000| Untracked 
|  54|0x0000000707a00000, 0x0000000707c00000, 0x0000000707c00000|100%| O|  |TAMS 0x0000000707a00000| PB 0x0000000707a00000| Untracked 
|  55|0x0000000707c00000, 0x0000000707e00000, 0x0000000707e00000|100%| O|  |TAMS 0x0000000707c00000| PB 0x0000000707c00000| Untracked 
|  56|0x0000000707e00000, 0x0000000708000000, 0x0000000708000000|100%| O|  |TAMS 0x0000000707e00000| PB 0x0000000707e00000| Untracked 
|  57|0x0000000708000000, 0x0000000708200000, 0x0000000708200000|100%| O|  |TAMS 0x0000000708000000| PB 0x0000000708000000| Untracked 
|  58|0x0000000708200000, 0x0000000708400000, 0x0000000708400000|100%| O|  |TAMS 0x0000000708200000| PB 0x0000000708200000| Untracked 
|  59|0x0000000708400000, 0x0000000708600000, 0x0000000708600000|100%| O|  |TAMS 0x0000000708400000| PB 0x0000000708400000| Untracked 
|  60|0x0000000708600000, 0x0000000708800000, 0x0000000708800000|100%| O|  |TAMS 0x0000000708600000| PB 0x0000000708600000| Untracked 
|  61|0x0000000708800000, 0x0000000708a00000, 0x0000000708a00000|100%| O|  |TAMS 0x0000000708800000| PB 0x0000000708800000| Untracked 
|  62|0x0000000708a00000, 0x0000000708c00000, 0x0000000708c00000|100%| O|  |TAMS 0x0000000708a00000| PB 0x0000000708a00000| Untracked 
|  63|0x0000000708c00000, 0x0000000708e00000, 0x0000000708e00000|100%| O|  |TAMS 0x0000000708c00000| PB 0x0000000708c00000| Untracked 
|  64|0x0000000708e00000, 0x0000000709000000, 0x0000000709000000|100%| O|  |TAMS 0x0000000708e00000| PB 0x0000000708e00000| Untracked 
|  65|0x0000000709000000, 0x0000000709200000, 0x0000000709200000|100%| O|  |TAMS 0x0000000709000000| PB 0x0000000709000000| Untracked 
|  66|0x0000000709200000, 0x0000000709400000, 0x0000000709400000|100%| O|  |TAMS 0x0000000709200000| PB 0x0000000709200000| Untracked 
|  67|0x0000000709400000, 0x0000000709600000, 0x0000000709600000|100%| O|  |TAMS 0x0000000709400000| PB 0x0000000709400000| Untracked 
|  68|0x0000000709600000, 0x0000000709800000, 0x0000000709800000|100%| O|  |TAMS 0x0000000709600000| PB 0x0000000709600000| Untracked 
|  69|0x0000000709800000, 0x0000000709a00000, 0x0000000709a00000|100%| O|  |TAMS 0x0000000709800000| PB 0x0000000709800000| Untracked 
|  70|0x0000000709a00000, 0x0000000709c00000, 0x0000000709c00000|100%| O|  |TAMS 0x0000000709a00000| PB 0x0000000709a00000| Untracked 
|  71|0x0000000709c00000, 0x0000000709e00000, 0x0000000709e00000|100%| O|  |TAMS 0x0000000709c00000| PB 0x0000000709c00000| Untracked 
|  72|0x0000000709e00000, 0x000000070a000000, 0x000000070a000000|100%| O|  |TAMS 0x0000000709e00000| PB 0x0000000709e00000| Untracked 
|  73|0x000000070a000000, 0x000000070a200000, 0x000000070a200000|100%| O|  |TAMS 0x000000070a000000| PB 0x000000070a000000| Untracked 
|  74|0x000000070a200000, 0x000000070a400000, 0x000000070a400000|100%| O|  |TAMS 0x000000070a200000| PB 0x000000070a200000| Untracked 
|  75|0x000000070a400000, 0x000000070a600000, 0x000000070a600000|100%| O|  |TAMS 0x000000070a400000| PB 0x000000070a400000| Untracked 
|  76|0x000000070a600000, 0x000000070a800000, 0x000000070a800000|100%| O|  |TAMS 0x000000070a600000| PB 0x000000070a600000| Untracked 
|  77|0x000000070a800000, 0x000000070aa00000, 0x000000070aa00000|100%| O|  |TAMS 0x000000070a800000| PB 0x000000070a800000| Untracked 
|  78|0x000000070aa00000, 0x000000070ac00000, 0x000000070ac00000|100%| O|  |TAMS 0x000000070aa00000| PB 0x000000070aa00000| Untracked 
|  79|0x000000070ac00000, 0x000000070ae00000, 0x000000070ae00000|100%| O|Cm|TAMS 0x000000070ac00000| PB 0x000000070ac00000| Complete 
|  80|0x000000070ae00000, 0x000000070b000000, 0x000000070b000000|100%| O|  |TAMS 0x000000070ae00000| PB 0x000000070ae00000| Untracked 
|  81|0x000000070b000000, 0x000000070b200000, 0x000000070b200000|100%| O|  |TAMS 0x000000070b000000| PB 0x000000070b000000| Untracked 
|  82|0x000000070b200000, 0x000000070b400000, 0x000000070b400000|100%| O|  |TAMS 0x000000070b200000| PB 0x000000070b200000| Untracked 
|  83|0x000000070b400000, 0x000000070b600000, 0x000000070b600000|100%| O|  |TAMS 0x000000070b400000| PB 0x000000070b400000| Untracked 
|  84|0x000000070b600000, 0x000000070b800000, 0x000000070b800000|100%| O|  |TAMS 0x000000070b600000| PB 0x000000070b600000| Untracked 
|  85|0x000000070b800000, 0x000000070ba00000, 0x000000070ba00000|100%| O|  |TAMS 0x000000070b800000| PB 0x000000070b800000| Untracked 
|  86|0x000000070ba00000, 0x000000070bc00000, 0x000000070bc00000|100%| O|  |TAMS 0x000000070ba00000| PB 0x000000070ba00000| Untracked 
|  87|0x000000070bc00000, 0x000000070be00000, 0x000000070be00000|100%| O|  |TAMS 0x000000070bc00000| PB 0x000000070bc00000| Untracked 
|  88|0x000000070be00000, 0x000000070c000000, 0x000000070c000000|100%| O|  |TAMS 0x000000070be00000| PB 0x000000070be00000| Untracked 
|  89|0x000000070c000000, 0x000000070c200000, 0x000000070c200000|100%| O|  |TAMS 0x000000070c000000| PB 0x000000070c000000| Untracked 
|  90|0x000000070c200000, 0x000000070c400000, 0x000000070c400000|100%| O|  |TAMS 0x000000070c200000| PB 0x000000070c200000| Untracked 
|  91|0x000000070c400000, 0x000000070c600000, 0x000000070c600000|100%| O|  |TAMS 0x000000070c400000| PB 0x000000070c400000| Untracked 
|  92|0x000000070c600000, 0x000000070c800000, 0x000000070c800000|100%| O|Cm|TAMS 0x000000070c600000| PB 0x000000070c600000| Complete 
|  93|0x000000070c800000, 0x000000070ca00000, 0x000000070ca00000|100%| O|  |TAMS 0x000000070c800000| PB 0x000000070c800000| Untracked 
|  94|0x000000070ca00000, 0x000000070cc00000, 0x000000070cc00000|100%| O|  |TAMS 0x000000070ca00000| PB 0x000000070ca00000| Untracked 
|  95|0x000000070cc00000, 0x000000070ce00000, 0x000000070ce00000|100%| O|  |TAMS 0x000000070cc00000| PB 0x000000070cc00000| Untracked 
|  96|0x000000070ce00000, 0x000000070cfa0c70, 0x000000070d000000| 81%| O|  |TAMS 0x000000070ce00000| PB 0x000000070ce00000| Untracked 
|  97|0x000000070d000000, 0x000000070d200000, 0x000000070d200000|100%|HS|  |TAMS 0x000000070d000000| PB 0x000000070d000000| Complete 
|  98|0x000000070d200000, 0x000000070d400000, 0x000000070d400000|100%|HC|  |TAMS 0x000000070d200000| PB 0x000000070d200000| Complete 
|  99|0x000000070d400000, 0x000000070d600000, 0x000000070d600000|100%|HC|  |TAMS 0x000000070d400000| PB 0x000000070d400000| Complete 
| 100|0x000000070d600000, 0x000000070d800000, 0x000000070d800000|100%|HS|  |TAMS 0x000000070d600000| PB 0x000000070d600000| Complete 
| 101|0x000000070d800000, 0x000000070da00000, 0x000000070da00000|100%|HC|  |TAMS 0x000000070d800000| PB 0x000000070d800000| Complete 
| 102|0x000000070da00000, 0x000000070dc00000, 0x000000070dc00000|100%|HC|  |TAMS 0x000000070da00000| PB 0x000000070da00000| Complete 
| 103|0x000000070dc00000, 0x000000070dc00000, 0x000000070de00000|  0%| F|  |TAMS 0x000000070dc00000| PB 0x000000070dc00000| Untracked 
| 104|0x000000070de00000, 0x000000070de85ca0, 0x000000070e000000| 26%| S|CS|TAMS 0x000000070de00000| PB 0x000000070de00000| Complete 
| 105|0x000000070e000000, 0x000000070e200000, 0x000000070e200000|100%| S|CS|TAMS 0x000000070e000000| PB 0x000000070e000000| Complete 
| 106|0x000000070e200000, 0x000000070e400000, 0x000000070e400000|100%| S|CS|TAMS 0x000000070e200000| PB 0x000000070e200000| Complete 
| 107|0x000000070e400000, 0x000000070e600000, 0x000000070e600000|100%| S|CS|TAMS 0x000000070e400000| PB 0x000000070e400000| Complete 
| 108|0x000000070e600000, 0x000000070e800000, 0x000000070e800000|100%| S|CS|TAMS 0x000000070e600000| PB 0x000000070e600000| Complete 
| 109|0x000000070e800000, 0x000000070ea00000, 0x000000070ea00000|100%| S|CS|TAMS 0x000000070e800000| PB 0x000000070e800000| Complete 
| 110|0x000000070ea00000, 0x000000070ec00000, 0x000000070ec00000|100%| S|CS|TAMS 0x000000070ea00000| PB 0x000000070ea00000| Complete 
| 111|0x000000070ec00000, 0x000000070ee00000, 0x000000070ee00000|100%| S|CS|TAMS 0x000000070ec00000| PB 0x000000070ec00000| Complete 
| 112|0x000000070ee00000, 0x000000070f000000, 0x000000070f000000|100%| S|CS|TAMS 0x000000070ee00000| PB 0x000000070ee00000| Complete 
| 113|0x000000070f000000, 0x000000070f200000, 0x000000070f200000|100%| S|CS|TAMS 0x000000070f000000| PB 0x000000070f000000| Complete 
| 114|0x000000070f200000, 0x000000070f200000, 0x000000070f400000|  0%| F|  |TAMS 0x000000070f200000| PB 0x000000070f200000| Untracked 
| 115|0x000000070f400000, 0x000000070f400000, 0x000000070f600000|  0%| F|  |TAMS 0x000000070f400000| PB 0x000000070f400000| Untracked 
| 116|0x000000070f600000, 0x000000070f600000, 0x000000070f800000|  0%| F|  |TAMS 0x000000070f600000| PB 0x000000070f600000| Untracked 
| 117|0x000000070f800000, 0x000000070f800000, 0x000000070fa00000|  0%| F|  |TAMS 0x000000070f800000| PB 0x000000070f800000| Untracked 
| 118|0x000000070fa00000, 0x000000070fa00000, 0x000000070fc00000|  0%| F|  |TAMS 0x000000070fa00000| PB 0x000000070fa00000| Untracked 
| 119|0x000000070fc00000, 0x000000070fc00000, 0x000000070fe00000|  0%| F|  |TAMS 0x000000070fc00000| PB 0x000000070fc00000| Untracked 
| 120|0x000000070fe00000, 0x000000070fe00000, 0x0000000710000000|  0%| F|  |TAMS 0x000000070fe00000| PB 0x000000070fe00000| Untracked 
| 121|0x0000000710000000, 0x0000000710000000, 0x0000000710200000|  0%| F|  |TAMS 0x0000000710000000| PB 0x0000000710000000| Untracked 
| 122|0x0000000710200000, 0x0000000710200000, 0x0000000710400000|  0%| F|  |TAMS 0x0000000710200000| PB 0x0000000710200000| Untracked 
| 123|0x0000000710400000, 0x0000000710400000, 0x0000000710600000|  0%| F|  |TAMS 0x0000000710400000| PB 0x0000000710400000| Untracked 
| 124|0x0000000710600000, 0x0000000710600000, 0x0000000710800000|  0%| F|  |TAMS 0x0000000710600000| PB 0x0000000710600000| Untracked 
| 125|0x0000000710800000, 0x0000000710800000, 0x0000000710a00000|  0%| F|  |TAMS 0x0000000710800000| PB 0x0000000710800000| Untracked 
| 126|0x0000000710a00000, 0x0000000710a00000, 0x0000000710c00000|  0%| F|  |TAMS 0x0000000710a00000| PB 0x0000000710a00000| Untracked 
| 127|0x0000000710c00000, 0x0000000710c00000, 0x0000000710e00000|  0%| F|  |TAMS 0x0000000710c00000| PB 0x0000000710c00000| Untracked 
| 128|0x0000000710e00000, 0x0000000710e00000, 0x0000000711000000|  0%| F|  |TAMS 0x0000000710e00000| PB 0x0000000710e00000| Untracked 
| 129|0x0000000711000000, 0x0000000711000000, 0x0000000711200000|  0%| F|  |TAMS 0x0000000711000000| PB 0x0000000711000000| Untracked 
| 130|0x0000000711200000, 0x0000000711200000, 0x0000000711400000|  0%| F|  |TAMS 0x0000000711200000| PB 0x0000000711200000| Untracked 
| 131|0x0000000711400000, 0x0000000711400000, 0x0000000711600000|  0%| F|  |TAMS 0x0000000711400000| PB 0x0000000711400000| Untracked 
| 132|0x0000000711600000, 0x0000000711600000, 0x0000000711800000|  0%| F|  |TAMS 0x0000000711600000| PB 0x0000000711600000| Untracked 
| 133|0x0000000711800000, 0x0000000711800000, 0x0000000711a00000|  0%| F|  |TAMS 0x0000000711800000| PB 0x0000000711800000| Untracked 
| 134|0x0000000711a00000, 0x0000000711a00000, 0x0000000711c00000|  0%| F|  |TAMS 0x0000000711a00000| PB 0x0000000711a00000| Untracked 
| 135|0x0000000711c00000, 0x0000000711c00000, 0x0000000711e00000|  0%| F|  |TAMS 0x0000000711c00000| PB 0x0000000711c00000| Untracked 
| 136|0x0000000711e00000, 0x0000000711e00000, 0x0000000712000000|  0%| F|  |TAMS 0x0000000711e00000| PB 0x0000000711e00000| Untracked 
| 137|0x0000000712000000, 0x0000000712000000, 0x0000000712200000|  0%| F|  |TAMS 0x0000000712000000| PB 0x0000000712000000| Untracked 
| 138|0x0000000712200000, 0x0000000712200000, 0x0000000712400000|  0%| F|  |TAMS 0x0000000712200000| PB 0x0000000712200000| Untracked 
| 139|0x0000000712400000, 0x0000000712400000, 0x0000000712600000|  0%| F|  |TAMS 0x0000000712400000| PB 0x0000000712400000| Untracked 
| 140|0x0000000712600000, 0x0000000712600000, 0x0000000712800000|  0%| F|  |TAMS 0x0000000712600000| PB 0x0000000712600000| Untracked 
| 141|0x0000000712800000, 0x0000000712800000, 0x0000000712a00000|  0%| F|  |TAMS 0x0000000712800000| PB 0x0000000712800000| Untracked 
| 142|0x0000000712a00000, 0x0000000712a00000, 0x0000000712c00000|  0%| F|  |TAMS 0x0000000712a00000| PB 0x0000000712a00000| Untracked 
| 143|0x0000000712c00000, 0x0000000712c00000, 0x0000000712e00000|  0%| F|  |TAMS 0x0000000712c00000| PB 0x0000000712c00000| Untracked 
| 144|0x0000000712e00000, 0x0000000712e00000, 0x0000000713000000|  0%| F|  |TAMS 0x0000000712e00000| PB 0x0000000712e00000| Untracked 
| 145|0x0000000713000000, 0x0000000713000000, 0x0000000713200000|  0%| F|  |TAMS 0x0000000713000000| PB 0x0000000713000000| Untracked 
| 146|0x0000000713200000, 0x0000000713200000, 0x0000000713400000|  0%| F|  |TAMS 0x0000000713200000| PB 0x0000000713200000| Untracked 
| 147|0x0000000713400000, 0x0000000713400000, 0x0000000713600000|  0%| F|  |TAMS 0x0000000713400000| PB 0x0000000713400000| Untracked 
| 148|0x0000000713600000, 0x0000000713600000, 0x0000000713800000|  0%| F|  |TAMS 0x0000000713600000| PB 0x0000000713600000| Untracked 
| 149|0x0000000713800000, 0x0000000713800000, 0x0000000713a00000|  0%| F|  |TAMS 0x0000000713800000| PB 0x0000000713800000| Untracked 
| 150|0x0000000713a00000, 0x0000000713a00000, 0x0000000713c00000|  0%| F|  |TAMS 0x0000000713a00000| PB 0x0000000713a00000| Untracked 
| 151|0x0000000713c00000, 0x0000000713c00000, 0x0000000713e00000|  0%| F|  |TAMS 0x0000000713c00000| PB 0x0000000713c00000| Untracked 
| 152|0x0000000713e00000, 0x0000000713e00000, 0x0000000714000000|  0%| F|  |TAMS 0x0000000713e00000| PB 0x0000000713e00000| Untracked 
| 153|0x0000000714000000, 0x0000000714000000, 0x0000000714200000|  0%| F|  |TAMS 0x0000000714000000| PB 0x0000000714000000| Untracked 
| 154|0x0000000714200000, 0x0000000714200000, 0x0000000714400000|  0%| F|  |TAMS 0x0000000714200000| PB 0x0000000714200000| Untracked 
| 155|0x0000000714400000, 0x0000000714400000, 0x0000000714600000|  0%| F|  |TAMS 0x0000000714400000| PB 0x0000000714400000| Untracked 
| 156|0x0000000714600000, 0x0000000714600000, 0x0000000714800000|  0%| F|  |TAMS 0x0000000714600000| PB 0x0000000714600000| Untracked 
| 157|0x0000000714800000, 0x0000000714800000, 0x0000000714a00000|  0%| F|  |TAMS 0x0000000714800000| PB 0x0000000714800000| Untracked 
| 158|0x0000000714a00000, 0x0000000714a00000, 0x0000000714c00000|  0%| F|  |TAMS 0x0000000714a00000| PB 0x0000000714a00000| Untracked 
| 159|0x0000000714c00000, 0x0000000714c00000, 0x0000000714e00000|  0%| F|  |TAMS 0x0000000714c00000| PB 0x0000000714c00000| Untracked 
| 160|0x0000000714e00000, 0x0000000714e00000, 0x0000000715000000|  0%| F|  |TAMS 0x0000000714e00000| PB 0x0000000714e00000| Untracked 
| 161|0x0000000715000000, 0x0000000715000000, 0x0000000715200000|  0%| F|  |TAMS 0x0000000715000000| PB 0x0000000715000000| Untracked 
| 162|0x0000000715200000, 0x0000000715200000, 0x0000000715400000|  0%| F|  |TAMS 0x0000000715200000| PB 0x0000000715200000| Untracked 
| 163|0x0000000715400000, 0x0000000715400000, 0x0000000715600000|  0%| F|  |TAMS 0x0000000715400000| PB 0x0000000715400000| Untracked 
| 164|0x0000000715600000, 0x0000000715600000, 0x0000000715800000|  0%| F|  |TAMS 0x0000000715600000| PB 0x0000000715600000| Untracked 
| 165|0x0000000715800000, 0x0000000715800000, 0x0000000715a00000|  0%| F|  |TAMS 0x0000000715800000| PB 0x0000000715800000| Untracked 
| 166|0x0000000715a00000, 0x0000000715a00000, 0x0000000715c00000|  0%| F|  |TAMS 0x0000000715a00000| PB 0x0000000715a00000| Untracked 
| 167|0x0000000715c00000, 0x0000000715c00000, 0x0000000715e00000|  0%| F|  |TAMS 0x0000000715c00000| PB 0x0000000715c00000| Untracked 
| 168|0x0000000715e00000, 0x0000000715e00000, 0x0000000716000000|  0%| F|  |TAMS 0x0000000715e00000| PB 0x0000000715e00000| Untracked 
| 169|0x0000000716000000, 0x0000000716000000, 0x0000000716200000|  0%| F|  |TAMS 0x0000000716000000| PB 0x0000000716000000| Untracked 
| 170|0x0000000716200000, 0x0000000716200000, 0x0000000716400000|  0%| F|  |TAMS 0x0000000716200000| PB 0x0000000716200000| Untracked 
| 171|0x0000000716400000, 0x0000000716400000, 0x0000000716600000|  0%| F|  |TAMS 0x0000000716400000| PB 0x0000000716400000| Untracked 
| 172|0x0000000716600000, 0x0000000716600000, 0x0000000716800000|  0%| F|  |TAMS 0x0000000716600000| PB 0x0000000716600000| Untracked 
| 173|0x0000000716800000, 0x0000000716800000, 0x0000000716a00000|  0%| F|  |TAMS 0x0000000716800000| PB 0x0000000716800000| Untracked 
| 174|0x0000000716a00000, 0x0000000716a00000, 0x0000000716c00000|  0%| F|  |TAMS 0x0000000716a00000| PB 0x0000000716a00000| Untracked 
| 175|0x0000000716c00000, 0x0000000716c00000, 0x0000000716e00000|  0%| F|  |TAMS 0x0000000716c00000| PB 0x0000000716c00000| Untracked 
| 176|0x0000000716e00000, 0x0000000716e00000, 0x0000000717000000|  0%| F|  |TAMS 0x0000000716e00000| PB 0x0000000716e00000| Untracked 
| 177|0x0000000717000000, 0x0000000717000000, 0x0000000717200000|  0%| F|  |TAMS 0x0000000717000000| PB 0x0000000717000000| Untracked 
| 178|0x0000000717200000, 0x0000000717200000, 0x0000000717400000|  0%| F|  |TAMS 0x0000000717200000| PB 0x0000000717200000| Untracked 
| 179|0x0000000717400000, 0x0000000717400000, 0x0000000717600000|  0%| F|  |TAMS 0x0000000717400000| PB 0x0000000717400000| Untracked 
| 180|0x0000000717600000, 0x00000007177c4ca0, 0x0000000717800000| 88%| E|  |TAMS 0x0000000717600000| PB 0x0000000717600000| Complete 
| 181|0x0000000717800000, 0x0000000717a00000, 0x0000000717a00000|100%| E|CS|TAMS 0x0000000717800000| PB 0x0000000717800000| Complete 
| 182|0x0000000717a00000, 0x0000000717c00000, 0x0000000717c00000|100%| E|CS|TAMS 0x0000000717a00000| PB 0x0000000717a00000| Complete 
| 183|0x0000000717c00000, 0x0000000717e00000, 0x0000000717e00000|100%| E|CS|TAMS 0x0000000717c00000| PB 0x0000000717c00000| Complete 
| 184|0x0000000717e00000, 0x0000000718000000, 0x0000000718000000|100%| E|CS|TAMS 0x0000000717e00000| PB 0x0000000717e00000| Complete 
| 185|0x0000000718000000, 0x0000000718200000, 0x0000000718200000|100%| E|CS|TAMS 0x0000000718000000| PB 0x0000000718000000| Complete 
| 186|0x0000000718200000, 0x0000000718400000, 0x0000000718400000|100%| E|CS|TAMS 0x0000000718200000| PB 0x0000000718200000| Complete 
| 187|0x0000000718400000, 0x0000000718600000, 0x0000000718600000|100%| E|CS|TAMS 0x0000000718400000| PB 0x0000000718400000| Complete 
| 188|0x0000000718600000, 0x0000000718800000, 0x0000000718800000|100%| E|CS|TAMS 0x0000000718600000| PB 0x0000000718600000| Complete 
| 189|0x0000000718800000, 0x0000000718a00000, 0x0000000718a00000|100%| E|CS|TAMS 0x0000000718800000| PB 0x0000000718800000| Complete 
| 190|0x0000000718a00000, 0x0000000718c00000, 0x0000000718c00000|100%| E|CS|TAMS 0x0000000718a00000| PB 0x0000000718a00000| Complete 
| 191|0x0000000718c00000, 0x0000000718e00000, 0x0000000718e00000|100%| E|CS|TAMS 0x0000000718c00000| PB 0x0000000718c00000| Complete 
| 192|0x0000000718e00000, 0x0000000719000000, 0x0000000719000000|100%| E|CS|TAMS 0x0000000718e00000| PB 0x0000000718e00000| Complete 
| 193|0x0000000719000000, 0x0000000719200000, 0x0000000719200000|100%| E|CS|TAMS 0x0000000719000000| PB 0x0000000719000000| Complete 
| 194|0x0000000719200000, 0x0000000719400000, 0x0000000719400000|100%| E|CS|TAMS 0x0000000719200000| PB 0x0000000719200000| Complete 
| 195|0x0000000719400000, 0x0000000719600000, 0x0000000719600000|100%| E|CS|TAMS 0x0000000719400000| PB 0x0000000719400000| Complete 
| 196|0x0000000719600000, 0x0000000719800000, 0x0000000719800000|100%| E|CS|TAMS 0x0000000719600000| PB 0x0000000719600000| Complete 
| 197|0x0000000719800000, 0x0000000719a00000, 0x0000000719a00000|100%| E|CS|TAMS 0x0000000719800000| PB 0x0000000719800000| Complete 
| 198|0x0000000719a00000, 0x0000000719c00000, 0x0000000719c00000|100%| E|CS|TAMS 0x0000000719a00000| PB 0x0000000719a00000| Complete 
| 199|0x0000000719c00000, 0x0000000719e00000, 0x0000000719e00000|100%| E|CS|TAMS 0x0000000719c00000| PB 0x0000000719c00000| Complete 
| 200|0x0000000719e00000, 0x000000071a000000, 0x000000071a000000|100%| E|CS|TAMS 0x0000000719e00000| PB 0x0000000719e00000| Complete 
| 201|0x000000071a000000, 0x000000071a200000, 0x000000071a200000|100%| E|CS|TAMS 0x000000071a000000| PB 0x000000071a000000| Complete 
| 202|0x000000071a200000, 0x000000071a400000, 0x000000071a400000|100%| E|CS|TAMS 0x000000071a200000| PB 0x000000071a200000| Complete 
| 203|0x000000071a400000, 0x000000071a600000, 0x000000071a600000|100%| E|CS|TAMS 0x000000071a400000| PB 0x000000071a400000| Complete 
| 204|0x000000071a600000, 0x000000071a800000, 0x000000071a800000|100%| E|CS|TAMS 0x000000071a600000| PB 0x000000071a600000| Complete 
|2040|0x00000007ffe00000, 0x0000000800000000, 0x0000000800000000|100%| O|  |TAMS 0x00000007ffe00000| PB 0x00000007ffe00000| Untracked 

Card table byte_map: [0x000002926e340000,0x000002926eb40000] _byte_map_base: 0x000002926ab39000

Marking Bits: (CMBitMap*) 0x00000292544f0620
 Bits: [0x000002926eb40000, 0x0000029272b08000)

Polling page: 0x0000029254550000

Metaspace:

Usage:
  Non-class:     84.70 MB used.
      Class:     14.95 MB used.
       Both:     99.65 MB used.

Virtual space:
  Non-class space:      128.00 MB reserved,      85.69 MB ( 67%) committed,  2 nodes.
      Class space:        1.00 GB reserved,      15.75 MB (  2%) committed,  1 nodes.
             Both:        1.12 GB reserved,     101.44 MB (  9%) committed. 

Chunk freelists:
   Non-Class:  9.60 MB
       Class:  109.00 KB
        Both:  9.71 MB

MaxMetaspaceSize: unlimited
CompressedClassSpaceSize: 1.00 GB
Initial GC threshold: 21.00 MB
Current GC threshold: 144.50 MB
CDS: on
 - commit_granule_bytes: 65536.
 - commit_granule_words: 8192.
 - virtual_space_node_default_size: 8388608.
 - enlarge_chunks_in_place: 1.
 - use_allocation_guard: 0.


Internal statistics:

num_allocs_failed_limit: 21.
num_arena_births: 2952.
num_arena_deaths: 130.
num_vsnodes_births: 3.
num_vsnodes_deaths: 0.
num_space_committed: 1619.
num_space_uncommitted: 0.
num_chunks_returned_to_freelist: 199.
num_chunks_taken_from_freelist: 7532.
num_chunk_merges: 85.
num_chunk_splits: 4725.
num_chunks_enlarged: 2947.
num_inconsistent_stats: 0.

CodeHeap 'non-profiled nmethods': size=120000Kb used=9491Kb max_used=9864Kb free=110508Kb
 bounds [0x0000029265ba0000, 0x0000029266550000, 0x000002926d0d0000]
CodeHeap 'profiled nmethods': size=120000Kb used=18515Kb max_used=21104Kb free=101484Kb
 bounds [0x000002925e0d0000, 0x000002925f570000, 0x0000029265600000]
CodeHeap 'non-nmethods': size=5760Kb used=3074Kb max_used=3096Kb free=2685Kb
 bounds [0x0000029265600000, 0x0000029265910000, 0x0000029265ba0000]
 total_blobs=12959 nmethods=11115 adapters=1748
 compilation: enabled
              stopped_count=0, restarted_count=0
 full_count=0

Compilation events (20 events):
Event: 16.364 Thread 0x00000292755f0de0 14379       1       com.google.gson.reflect.TypeToken::hashCode (5 bytes)
Event: 16.364 Thread 0x00000292755f0de0 nmethod 14379 0x0000029265edfa90 code [0x0000029265edfc20, 0x0000029265edfce8]
Event: 16.364 Thread 0x000002927f236000 14380       4       jdk.internal.org.objectweb.asm.Frame::setLocal (65 bytes)
Event: 16.366 Thread 0x00000292755f0de0 14381   !   3       sun.security.x509.AlgorithmId::getName (140 bytes)
Event: 16.366 Thread 0x00000292755f0de0 nmethod 14381 0x000002925e1bd010 code [0x000002925e1bd320, 0x000002925e1be100]
Event: 16.368 Thread 0x000002927f236000 nmethod 14380 0x0000029265edf110 code [0x0000029265edf2c0, 0x0000029265edf938]
Event: 16.464 Thread 0x00000292755f0de0 14382       3       sun.security.provider.ByteArrayAccess::b2lBig128 (232 bytes)
Event: 16.467 Thread 0x00000292755f0de0 nmethod 14382 0x000002925f256f90 code [0x000002925f2577e0, 0x000002925f25c1f0]
Event: 16.467 Thread 0x00000292755f0de0 14383       3       java.util.LinkedList::add (7 bytes)
Event: 16.467 Thread 0x00000292755f0de0 nmethod 14383 0x000002925eaa0c10 code [0x000002925eaa0dc0, 0x000002925eaa0f88]
Event: 17.101 Thread 0x00000292755f0de0 14384       3       java.util.concurrent.locks.ReentrantLock::lockInterruptibly (8 bytes)
Event: 17.101 Thread 0x00000292755f0de0 nmethod 14384 0x000002925f2a6310 code [0x000002925f2a6520, 0x000002925f2a6ab8]
Event: 27.567 Thread 0x00000292755f0de0 14385       3       java.util.concurrent.locks.AbstractQueuedSynchronizer$ConditionObject::canReacquire (38 bytes)
Event: 27.572 Thread 0x00000292755f0de0 nmethod 14385 0x000002925e7a2610 code [0x000002925e7a27e0, 0x000002925e7a2b68]
Event: 33.601 Thread 0x00000292755f0de0 14386       3       java.util.concurrent.locks.AbstractQueuedSynchronizer$Node::<init> (5 bytes)
Event: 33.602 Thread 0x00000292755eff90 14387       4       java.util.concurrent.locks.AbstractQueuedSynchronizer::release (19 bytes)
Event: 33.603 Thread 0x00000292755f0de0 nmethod 14386 0x000002925eaa0810 code [0x000002925eaa09c0, 0x000002925eaa0b28]
Event: 33.615 Thread 0x00000292755eff90 nmethod 14387 0x0000029265eded10 code [0x0000029265edeec0, 0x0000029265edf000]
Event: 37.427 Thread 0x00000292755f0de0 14388   !   3       java.util.concurrent.locks.LockSupport::parkNanos (56 bytes)
Event: 37.434 Thread 0x00000292755f0de0 nmethod 14388 0x000002925eaca090 code [0x000002925eaca2a0, 0x000002925eaca6f0]

GC Heap History (20 events):
Event: 9.343 GC heap before
{Heap before GC invocations=16 (full 0):
 garbage-first heap   total 348160K, used 305032K [0x0000000700e00000, 0x0000000800000000)
  region size 2048K, 102 young (208896K), 8 survivors (16384K)
 Metaspace       used 43998K, committed 45120K, reserved 1114112K
  class space    used 5589K, committed 6080K, reserved 1048576K
}
Event: 9.365 GC heap after
{Heap after GC invocations=17 (full 0):
 garbage-first heap   total 350208K, used 137034K [0x0000000700e00000, 0x0000000800000000)
  region size 2048K, 13 young (26624K), 13 survivors (26624K)
 Metaspace       used 43998K, committed 45120K, reserved 1114112K
  class space    used 5589K, committed 6080K, reserved 1048576K
}
Event: 10.267 GC heap before
{Heap before GC invocations=17 (full 0):
 garbage-first heap   total 350208K, used 298826K [0x0000000700e00000, 0x0000000800000000)
  region size 2048K, 93 young (190464K), 13 survivors (26624K)
 Metaspace       used 51396K, committed 52736K, reserved 1114112K
  class space    used 6752K, committed 7360K, reserved 1048576K
}
Event: 10.281 GC heap after
{Heap after GC invocations=18 (full 0):
 garbage-first heap   total 350208K, used 144666K [0x0000000700e00000, 0x0000000800000000)
  region size 2048K, 3 young (6144K), 3 survivors (6144K)
 Metaspace       used 51396K, committed 52736K, reserved 1114112K
  class space    used 6752K, committed 7360K, reserved 1048576K
}
Event: 10.762 GC heap before
{Heap before GC invocations=18 (full 0):
 garbage-first heap   total 350208K, used 314650K [0x0000000700e00000, 0x0000000800000000)
  region size 2048K, 86 young (176128K), 3 survivors (6144K)
 Metaspace       used 53695K, committed 55104K, reserved 1114112K
  class space    used 7202K, committed 7808K, reserved 1048576K
}
Event: 10.776 GC heap after
{Heap after GC invocations=19 (full 0):
 garbage-first heap   total 350208K, used 161792K [0x0000000700e00000, 0x0000000800000000)
  region size 2048K, 11 young (22528K), 11 survivors (22528K)
 Metaspace       used 53695K, committed 55104K, reserved 1114112K
  class space    used 7202K, committed 7808K, reserved 1048576K
}
Event: 11.035 GC heap before
{Heap before GC invocations=19 (full 0):
 garbage-first heap   total 350208K, used 307200K [0x0000000700e00000, 0x0000000800000000)
  region size 2048K, 82 young (167936K), 11 survivors (22528K)
 Metaspace       used 54428K, committed 55808K, reserved 1114112K
  class space    used 7343K, committed 7936K, reserved 1048576K
}
Event: 11.054 GC heap after
{Heap after GC invocations=20 (full 0):
 garbage-first heap   total 421888K, used 178346K [0x0000000700e00000, 0x0000000800000000)
  region size 2048K, 8 young (16384K), 8 survivors (16384K)
 Metaspace       used 54428K, committed 55808K, reserved 1114112K
  class space    used 7343K, committed 7936K, reserved 1048576K
}
Event: 11.825 GC heap before
{Heap before GC invocations=20 (full 0):
 garbage-first heap   total 421888K, used 354474K [0x0000000700e00000, 0x0000000800000000)
  region size 2048K, 95 young (194560K), 8 survivors (16384K)
 Metaspace       used 59740K, committed 61120K, reserved 1114112K
  class space    used 8134K, committed 8768K, reserved 1048576K
}
Event: 11.840 GC heap after
{Heap after GC invocations=21 (full 0):
 garbage-first heap   total 421888K, used 189245K [0x0000000700e00000, 0x0000000800000000)
  region size 2048K, 6 young (12288K), 6 survivors (12288K)
 Metaspace       used 59740K, committed 61120K, reserved 1114112K
  class space    used 8134K, committed 8768K, reserved 1048576K
}
Event: 12.687 GC heap before
{Heap before GC invocations=22 (full 0):
 garbage-first heap   total 421888K, used 377661K [0x0000000700e00000, 0x0000000800000000)
  region size 2048K, 98 young (200704K), 6 survivors (12288K)
 Metaspace       used 66236K, committed 67712K, reserved 1114112K
  class space    used 9723K, committed 10368K, reserved 1048576K
}
Event: 12.696 GC heap after
{Heap after GC invocations=23 (full 0):
 garbage-first heap   total 421888K, used 195659K [0x0000000700e00000, 0x0000000800000000)
  region size 2048K, 9 young (18432K), 9 survivors (18432K)
 Metaspace       used 66236K, committed 67712K, reserved 1114112K
  class space    used 9723K, committed 10368K, reserved 1048576K
}
Event: 13.387 GC heap before
{Heap before GC invocations=23 (full 0):
 garbage-first heap   total 421888K, used 379979K [0x0000000700e00000, 0x0000000800000000)
  region size 2048K, 99 young (202752K), 9 survivors (18432K)
 Metaspace       used 71942K, committed 73472K, reserved 1114112K
  class space    used 10841K, committed 11520K, reserved 1048576K
}
Event: 13.399 GC heap after
{Heap after GC invocations=24 (full 0):
 garbage-first heap   total 421888K, used 200052K [0x0000000700e00000, 0x0000000800000000)
  region size 2048K, 8 young (16384K), 8 survivors (16384K)
 Metaspace       used 71942K, committed 73472K, reserved 1114112K
  class space    used 10841K, committed 11520K, reserved 1048576K
}
Event: 14.142 GC heap before
{Heap before GC invocations=24 (full 0):
 garbage-first heap   total 421888K, used 380276K [0x0000000700e00000, 0x0000000800000000)
  region size 2048K, 96 young (196608K), 8 survivors (16384K)
 Metaspace       used 79206K, committed 80832K, reserved 1179648K
  class space    used 12226K, committed 12928K, reserved 1048576K
}
Event: 14.157 GC heap after
{Heap after GC invocations=25 (full 0):
 garbage-first heap   total 421888K, used 210388K [0x0000000700e00000, 0x0000000800000000)
  region size 2048K, 9 young (18432K), 9 survivors (18432K)
 Metaspace       used 79206K, committed 80832K, reserved 1179648K
  class space    used 12226K, committed 12928K, reserved 1048576K
}
Event: 14.839 GC heap before
{Heap before GC invocations=25 (full 0):
 garbage-first heap   total 421888K, used 380372K [0x0000000700e00000, 0x0000000800000000)
  region size 2048K, 92 young (188416K), 9 survivors (18432K)
 Metaspace       used 86170K, committed 87872K, reserved 1179648K
  class space    used 13322K, committed 14080K, reserved 1048576K
}
Event: 14.847 GC heap after
{Heap after GC invocations=26 (full 0):
 garbage-first heap   total 421888K, used 210955K [0x0000000700e00000, 0x0000000800000000)
  region size 2048K, 6 young (12288K), 6 survivors (12288K)
 Metaspace       used 86170K, committed 87872K, reserved 1179648K
  class space    used 13322K, committed 14080K, reserved 1048576K
}
Event: 15.743 GC heap before
{Heap before GC invocations=27 (full 0):
 garbage-first heap   total 421888K, used 385035K [0x0000000700e00000, 0x0000000800000000)
  region size 2048K, 91 young (186368K), 6 survivors (12288K)
 Metaspace       used 96415K, committed 98176K, reserved 1179648K
  class space    used 14763K, committed 15552K, reserved 1048576K
}
Event: 15.752 GC heap after
{Heap after GC invocations=28 (full 0):
 garbage-first heap   total 421888K, used 219290K [0x0000000700e00000, 0x0000000800000000)
  region size 2048K, 10 young (20480K), 10 survivors (20480K)
 Metaspace       used 96415K, committed 98176K, reserved 1179648K
  class space    used 14763K, committed 15552K, reserved 1048576K
}

Dll operation events (15 events):
Event: 0.118 Loaded shared library E:\jdk-21.0.2\bin\java.dll
Event: 0.543 Loaded shared library E:\jdk-21.0.2\bin\jsvml.dll
Event: 0.608 Loaded shared library E:\jdk-21.0.2\bin\net.dll
Event: 0.626 Loaded shared library E:\jdk-21.0.2\bin\nio.dll
Event: 0.646 Loaded shared library E:\jdk-21.0.2\bin\zip.dll
Event: 0.896 Loaded shared library E:\jdk-21.0.2\bin\jimage.dll
Event: 1.242 Loaded shared library E:\jdk-21.0.2\bin\verify.dll
Event: 3.027 Loaded shared library E:\jdk-21.0.2\bin\management.dll
Event: 3.065 Loaded shared library E:\jdk-21.0.2\bin\management_ext.dll
Event: 8.411 Loaded shared library C:\Users\Administrator\AppData\Local\Temp\jna-146731693\jna7129323684957565702.dll
Event: 14.660 Loaded shared library C:\Users\Administrator\AppData\Local\Temp\lwjgl_Administrator\3.3.3+5\x64\lwjgl.dll
Event: 15.549 Loaded shared library E:\jdk-21.0.2\bin\sunmscapi.dll
Event: 15.632 Loaded shared library E:\jdk-21.0.2\bin\extnet.dll
Event: 15.755 Loaded shared library C:\Users\Administrator\AppData\Local\Temp\lwjgl_Administrator\3.3.3+5\x64\lwjgl_stb.dll
Event: 16.174 Loaded shared library C:\Users\Administrator\AppData\Local\Temp\lwjgl_Administrator\3.3.3+5\x64\lwjgl_vma.dll

Deoptimization events (20 events):
Event: 16.307 Thread 0x000002925448af80 Uncommon trap: trap_request=0xffffff5c fr.pc=0x0000029265eea490 relative=0x0000000000000070
Event: 16.307 Thread 0x000002925448af80 Uncommon trap: reason=speculate_null_check action=make_not_entrant pc=0x0000029265eea490 method=sun.misc.Unsafe.putLong(Ljava/lang/Object;JJ)V @ 7 c2
Event: 16.307 Thread 0x000002925448af80 DEOPT PACKING pc=0x0000029265eea490 sp=0x0000009a575fc7a0
Event: 16.307 Thread 0x000002925448af80 DEOPT UNPACKING pc=0x00000292656546a2 sp=0x0000009a575fc718 mode 2
Event: 16.348 Thread 0x000002925448af80 DEOPT PACKING pc=0x000002925e2a45af sp=0x0000009a575fc260
Event: 16.348 Thread 0x000002925448af80 DEOPT UNPACKING pc=0x0000029265654e42 sp=0x0000009a575fb680 mode 0
Event: 16.349 Thread 0x000002927f3cd830 DEOPT PACKING pc=0x000002925f2f0dcb sp=0x0000009a5a4fdbe0
Event: 16.349 Thread 0x000002927f3cd830 DEOPT UNPACKING pc=0x0000029265654e42 sp=0x0000009a5a4fd010 mode 0
Event: 16.364 Thread 0x000002927f3cd830 Uncommon trap: trap_request=0xffffff45 fr.pc=0x00000292664b667c relative=0x000000000000027c
Event: 16.364 Thread 0x000002927f3cd830 Uncommon trap: reason=unstable_if action=reinterpret pc=0x00000292664b667c method=sun.reflect.annotation.AnnotationInvocationHandler.invoke(Ljava/lang/Object;Ljava/lang/reflect/Method;[Ljava/lang/Object;)Ljava/lang/Object; @ 168 c2
Event: 16.364 Thread 0x000002927f3cd830 DEOPT PACKING pc=0x00000292664b667c sp=0x0000009a5a4fe6f0
Event: 16.364 Thread 0x000002927f3cd830 DEOPT UNPACKING pc=0x00000292656546a2 sp=0x0000009a5a4fe690 mode 2
Event: 26.365 Thread 0x000002927c8b7f30 Uncommon trap: trap_request=0xffffffc6 fr.pc=0x0000029266370a6c relative=0x0000000000000acc
Event: 26.366 Thread 0x000002927c8b7f30 Uncommon trap: reason=bimorphic_or_optimized_type_check action=maybe_recompile pc=0x0000029266370a6c method=java.util.HashMap.removeNode(ILjava/lang/Object;Ljava/lang/Object;ZZ)Ljava/util/HashMap$Node; @ 283 c2
Event: 26.366 Thread 0x000002927c8b7f30 DEOPT PACKING pc=0x0000029266370a6c sp=0x0000009a5b0ff2e0
Event: 26.366 Thread 0x000002927c8b7f30 DEOPT UNPACKING pc=0x00000292656546a2 sp=0x0000009a5b0ff278 mode 2
Event: 26.366 Thread 0x000002927c8b7f30 Uncommon trap: trap_request=0xffffffc6 fr.pc=0x0000029266370a6c relative=0x0000000000000acc
Event: 26.366 Thread 0x000002927c8b7f30 Uncommon trap: reason=bimorphic_or_optimized_type_check action=maybe_recompile pc=0x0000029266370a6c method=java.util.HashMap.removeNode(ILjava/lang/Object;Ljava/lang/Object;ZZ)Ljava/util/HashMap$Node; @ 283 c2
Event: 26.366 Thread 0x000002927c8b7f30 DEOPT PACKING pc=0x0000029266370a6c sp=0x0000009a5b0ff2e0
Event: 26.366 Thread 0x000002927c8b7f30 DEOPT UNPACKING pc=0x00000292656546a2 sp=0x0000009a5b0ff278 mode 2

Classes loaded (20 events):
Event: 16.358 Loading class sun/net/www/protocol/http/HttpURLConnection$HttpInputStream
Event: 16.358 Loading class sun/net/www/protocol/http/HttpURLConnection$HttpInputStream done
Event: 16.359 Loading class java/util/Collections$UnmodifiableSortedMap
Event: 16.359 Loading class java/util/Collections$UnmodifiableSortedMap done
Event: 16.360 Loading class sun/net/www/http/KeepAliveCache$1
Event: 16.360 Loading class sun/net/www/http/KeepAliveCache$1 done
Event: 16.360 Loading class sun/net/www/http/KeepAliveCache$ClientVector
Event: 16.360 Loading class sun/net/www/http/KeepAliveCache$ClientVector done
Event: 16.362 Loading class sun/net/www/http/KeepAliveEntry
Event: 16.362 Loading class sun/net/www/http/KeepAliveEntry done
Event: 16.555 Loading class sun/net/www/protocol/http/EmptyInputStream
Event: 16.555 Loading class sun/net/www/protocol/http/EmptyInputStream done
Event: 26.426 Loading class sun/security/ssl/Alert
Event: 26.433 Loading class sun/security/ssl/Alert done
Event: 26.434 Loading class sun/security/ssl/Alert$AlertConsumer
Event: 26.434 Loading class sun/security/ssl/Alert$AlertConsumer done
Event: 26.434 Loading class sun/security/ssl/Alert$Level
Event: 26.435 Loading class sun/security/ssl/Alert$Level done
Event: 26.439 Loading class java/net/SocketTimeoutException
Event: 26.449 Loading class java/net/SocketTimeoutException done

Classes unloaded (20 events):
Event: 7.769 Thread 0x00000292755be6f0 Unloading class 0x00000292012cdc00 'java/lang/invoke/LambdaForm$MH+0x00000292012cdc00'
Event: 7.769 Thread 0x00000292755be6f0 Unloading class 0x00000292012cd800 'java/lang/invoke/LambdaForm$MH+0x00000292012cd800'
Event: 7.769 Thread 0x00000292755be6f0 Unloading class 0x00000292012cd400 'java/lang/invoke/LambdaForm$MH+0x00000292012cd400'
Event: 7.769 Thread 0x00000292755be6f0 Unloading class 0x00000292012ccc00 'java/lang/invoke/LambdaForm$MH+0x00000292012ccc00'
Event: 7.769 Thread 0x00000292755be6f0 Unloading class 0x00000292012cc400 'java/lang/invoke/LambdaForm$MH+0x00000292012cc400'
Event: 7.769 Thread 0x00000292755be6f0 Unloading class 0x00000292012cc800 'java/lang/invoke/LambdaForm$MH+0x00000292012cc800'
Event: 7.769 Thread 0x00000292755be6f0 Unloading class 0x00000292012cbc00 'java/lang/invoke/LambdaForm$MH+0x00000292012cbc00'
Event: 7.769 Thread 0x00000292755be6f0 Unloading class 0x00000292012cc000 'java/lang/invoke/LambdaForm$MH+0x00000292012cc000'
Event: 7.769 Thread 0x00000292755be6f0 Unloading class 0x00000292012cb800 'java/lang/invoke/LambdaForm$MH+0x00000292012cb800'
Event: 7.769 Thread 0x00000292755be6f0 Unloading class 0x00000292012cb400 'java/lang/invoke/LambdaForm$MH+0x00000292012cb400'
Event: 7.769 Thread 0x00000292755be6f0 Unloading class 0x00000292012cac00 'java/lang/invoke/LambdaForm$MH+0x00000292012cac00'
Event: 7.769 Thread 0x00000292755be6f0 Unloading class 0x00000292012ca400 'java/lang/invoke/LambdaForm$MH+0x00000292012ca400'
Event: 7.769 Thread 0x00000292755be6f0 Unloading class 0x00000292012ca800 'java/lang/invoke/LambdaForm$MH+0x00000292012ca800'
Event: 7.769 Thread 0x00000292755be6f0 Unloading class 0x00000292012c9c00 'java/lang/invoke/LambdaForm$MH+0x00000292012c9c00'
Event: 7.769 Thread 0x00000292755be6f0 Unloading class 0x00000292012c9800 'java/lang/invoke/LambdaForm$MH+0x00000292012c9800'
Event: 7.769 Thread 0x00000292755be6f0 Unloading class 0x00000292012c9400 'java/lang/invoke/LambdaForm$MH+0x00000292012c9400'
Event: 7.769 Thread 0x00000292755be6f0 Unloading class 0x00000292012c9000 'java/lang/invoke/LambdaForm$MH+0x00000292012c9000'
Event: 7.769 Thread 0x00000292755be6f0 Unloading class 0x00000292012c8c00 'java/lang/invoke/LambdaForm$MH+0x00000292012c8c00'
Event: 7.769 Thread 0x00000292755be6f0 Unloading class 0x00000292012c8800 'java/lang/invoke/LambdaForm$MH+0x00000292012c8800'
Event: 7.769 Thread 0x00000292755be6f0 Unloading class 0x00000292012c8400 'java/lang/invoke/LambdaForm$MH+0x00000292012c8400'

Classes redefined (0 events):
No events

Internal exceptions (20 events):
Event: 15.671 Thread 0x000002927a06d100 Exception <a 'java/lang/NoSuchMethodError'{0x0000000710c9bf48}: 'java.lang.Object java.lang.invoke.Invokers$Holder.invoke_MT(java.lang.Object, java.lang.Object, java.lang.Object, java.lang.Object, java.lang.Object)'> (0x0000000710c9bf48) 
thrown [s\open\src\hotspot\share\interpreter\linkResolver.cpp, line 773]
Event: 15.735 Thread 0x000002925448af80 Exception <a 'java/lang/NoSuchMethodError'{0x000000070f4543c0}: 'void java.lang.System.load(java.lang.String, java.lang.Class)'> (0x000000070f4543c0) 
thrown [s\open\src\hotspot\share\interpreter\linkResolver.cpp, line 773]
Event: 15.735 Thread 0x000002925448af80 Exception <a 'java/lang/NoSuchMethodError'{0x000000070f456f60}: 'void java.lang.System.loadLibrary(java.lang.String, java.lang.Class)'> (0x000000070f456f60) 
thrown [s\open\src\hotspot\share\interpreter\linkResolver.cpp, line 773]
Event: 15.754 Thread 0x000002925448af80 Exception <a 'sun/nio/fs/WindowsException'{0x000000071a65e958}> (0x000000071a65e958) 
thrown [s\open\src\hotspot\share\prims\jni.cpp, line 520]
Event: 15.754 Thread 0x000002925448af80 Exception <a 'sun/nio/fs/WindowsException'{0x000000071a65ed18}> (0x000000071a65ed18) 
thrown [s\open\src\hotspot\share\prims\jni.cpp, line 520]
Event: 15.773 Thread 0x000002925448af80 Exception <a 'java/lang/NoSuchMethodError'{0x000000071a757b38}: 'void java.lang.invoke.DirectMethodHandle$Holder.invokeStatic(java.lang.Object, long)'> (0x000000071a757b38) 
thrown [s\open\src\hotspot\share\interpreter\linkResolver.cpp, line 773]
Event: 15.915 Thread 0x000002925448af80 Exception <a 'sun/nio/fs/WindowsException'{0x0000000719cddad8}> (0x0000000719cddad8) 
thrown [s\open\src\hotspot\share\prims\jni.cpp, line 520]
Event: 15.915 Thread 0x000002925448af80 Exception <a 'sun/nio/fs/WindowsException'{0x0000000719cdddf8}> (0x0000000719cdddf8) 
thrown [s\open\src\hotspot\share\prims\jni.cpp, line 520]
Event: 15.967 Thread 0x000002925448af80 Exception <a 'java/lang/NoSuchMethodError'{0x0000000719b92690}: 'java.lang.Object java.lang.invoke.DirectMethodHandle$Holder.invokeSpecial(java.lang.Object, java.lang.Object, int, int, int, int)'> (0x0000000719b92690) 
thrown [s\open\src\hotspot\share\interpreter\linkResolver.cpp, line 773]
Event: 15.970 Thread 0x000002925448af80 Exception <a 'java/lang/NoSuchMethodError'{0x0000000719bc02d0}: 'java.lang.Object java.lang.invoke.DirectMethodHandle$Holder.invokeSpecial(java.lang.Object, java.lang.Object, int, int, int)'> (0x0000000719bc02d0) 
thrown [s\open\src\hotspot\share\interpreter\linkResolver.cpp, line 773]
Event: 16.150 Thread 0x000002925448af80 Exception <a 'java/lang/NoSuchMethodError'{0x0000000719261308}: 'java.lang.Object java.lang.invoke.DirectMethodHandle$Holder.newInvokeSpecial(java.lang.Object, long, long)'> (0x0000000719261308) 
thrown [s\open\src\hotspot\share\interpreter\linkResolver.cpp, line 773]
Event: 16.169 Thread 0x000002925448af80 Exception <a 'java/lang/NoSuchMethodError'{0x00000007190a28b0}: 'void java.lang.System.load(java.lang.String, java.lang.Class)'> (0x00000007190a28b0) 
thrown [s\open\src\hotspot\share\interpreter\linkResolver.cpp, line 773]
Event: 16.169 Thread 0x000002925448af80 Exception <a 'java/lang/NoSuchMethodError'{0x00000007190a5480}: 'void java.lang.System.loadLibrary(java.lang.String, java.lang.Class)'> (0x00000007190a5480) 
thrown [s\open\src\hotspot\share\interpreter\linkResolver.cpp, line 773]
Event: 16.172 Thread 0x000002925448af80 Exception <a 'sun/nio/fs/WindowsException'{0x00000007190f59f8}> (0x00000007190f59f8) 
thrown [s\open\src\hotspot\share\prims\jni.cpp, line 520]
Event: 16.172 Thread 0x000002925448af80 Exception <a 'sun/nio/fs/WindowsException'{0x00000007190f5db8}> (0x00000007190f5db8) 
thrown [s\open\src\hotspot\share\prims\jni.cpp, line 520]
Event: 16.280 Thread 0x000002925448af80 Exception <a 'java/lang/NoSuchMethodError'{0x00000007182b0c20}: 'float java.lang.invoke.DirectMethodHandle$Holder.invokeStatic(java.lang.Object)'> (0x00000007182b0c20) 
thrown [s\open\src\hotspot\share\interpreter\linkResolver.cpp, line 773]
Event: 16.285 Thread 0x000002925448af80 Exception <a 'java/lang/NoSuchMethodError'{0x000000071836bee8}: 'void java.lang.invoke.DirectMethodHandle$Holder.invokeStaticInit(java.lang.Object, int, int, int, long, int)'> (0x000000071836bee8) 
thrown [s\open\src\hotspot\share\interpreter\linkResolver.cpp, line 773]
Event: 16.337 Thread 0x000002925448af80 Exception <a 'sun/nio/fs/WindowsException'{0x0000000717693bc8}> (0x0000000717693bc8) 
thrown [s\open\src\hotspot\share\prims\jni.cpp, line 520]
Event: 16.337 Thread 0x000002925448af80 Exception <a 'sun/nio/fs/WindowsException'{0x0000000717693f88}> (0x0000000717693f88) 
thrown [s\open\src\hotspot\share\prims\jni.cpp, line 520]
Event: 16.364 Thread 0x000002927f3cd830 Exception <a 'java/lang/NoSuchMethodError'{0x000000071770f120}: method resolution failed> (0x000000071770f120) 
thrown [s\open\src\hotspot\share\prims\methodHandles.cpp, line 1144]

ZGC Phase Switch (0 events):
No events

VM Operations (20 events):
Event: 15.616 Executing VM operation: ICBufferFull
Event: 15.616 Executing VM operation: ICBufferFull done
Event: 15.704 Executing VM operation: HandshakeAllThreads (Deoptimize)
Event: 15.704 Executing VM operation: HandshakeAllThreads (Deoptimize) done
Event: 15.732 Executing VM operation: HandshakeAllThreads (Deoptimize)
Event: 15.733 Executing VM operation: HandshakeAllThreads (Deoptimize) done
Event: 15.738 Executing VM operation: G1CollectForAllocation (G1 Evacuation Pause)
Event: 15.752 Executing VM operation: G1CollectForAllocation (G1 Evacuation Pause) done
Event: 15.809 Executing VM operation: HandshakeAllThreads (Deoptimize)
Event: 15.809 Executing VM operation: HandshakeAllThreads (Deoptimize) done
Event: 16.034 Executing VM operation: HandshakeAllThreads (Deoptimize)
Event: 16.034 Executing VM operation: HandshakeAllThreads (Deoptimize) done
Event: 16.357 Executing VM operation: HandshakeAllThreads (Deoptimize)
Event: 16.357 Executing VM operation: HandshakeAllThreads (Deoptimize) done
Event: 16.360 Executing VM operation: HandshakeAllThreads (Deoptimize)
Event: 16.360 Executing VM operation: HandshakeAllThreads (Deoptimize) done
Event: 16.362 Executing VM operation: HandshakeAllThreads (Deoptimize)
Event: 16.362 Executing VM operation: HandshakeAllThreads (Deoptimize) done
Event: 17.362 Executing VM operation: Cleanup
Event: 17.362 Executing VM operation: Cleanup done

Events (20 events):
Event: 15.242 Thread 0x000002927c8b5e60 Thread exited: 0x000002927c8b5e60
Event: 15.242 Thread 0x000002927c8b7f30 Thread exited: 0x000002927c8b7f30
Event: 15.242 Thread 0x000002927c8b64f0 Thread exited: 0x000002927c8b64f0
Event: 15.242 Thread 0x000002927c8b6b80 Thread exited: 0x000002927c8b6b80
Event: 15.258 Thread 0x000002927a066800 Thread added: 0x000002927a066800
Event: 15.258 Thread 0x000002927a06c3e0 Thread added: 0x000002927a06c3e0
Event: 15.258 Thread 0x000002927a06ca70 Thread added: 0x000002927a06ca70
Event: 15.521 Thread 0x000002927a06d100 Thread added: 0x000002927a06d100
Event: 15.691 Thread 0x000002927a06d790 Thread added: 0x000002927a06d790
Event: 15.692 Thread 0x000002927a06de20 Thread added: 0x000002927a06de20
Event: 15.899 Thread 0x000002927f2366d0 Thread exited: 0x000002927f2366d0
Event: 15.955 Thread 0x000002927f2344c0 Thread added: 0x000002927f2344c0
Event: 16.255 Thread 0x000002927a06bd50 Thread added: 0x000002927a06bd50
Event: 16.255 Thread 0x000002927c8b7f30 Thread added: 0x000002927c8b7f30
Event: 16.256 Thread 0x000002927c8b7f30 Thread exited: 0x000002927c8b7f30
Event: 16.256 Thread 0x000002927a06bd50 Thread exited: 0x000002927a06bd50
Event: 16.360 Thread 0x000002927c8b7f30 Thread added: 0x000002927c8b7f30
Event: 16.464 Thread 0x000002927f2344c0 Thread exited: 0x000002927f2344c0
Event: 17.101 Thread 0x000002927f236000 Thread exited: 0x000002927f236000
Event: 31.464 Thread 0x000002927c8b7f30 Thread exited: 0x000002927c8b7f30


Dynamic libraries:
0x00007ff678c80000 - 0x00007ff678c8e000 	E:\jdk-21.0.2\bin\java.exe
0x00007ffb32790000 - 0x00007ffb32988000 	C:\Windows\SYSTEM32\ntdll.dll
0x00007ffb30810000 - 0x00007ffb308d2000 	C:\Windows\System32\KERNEL32.DLL
0x00007ffb2ff80000 - 0x00007ffb3027e000 	C:\Windows\System32\KERNELBASE.dll
0x00007ffb302b0000 - 0x00007ffb303b0000 	C:\Windows\System32\ucrtbase.dll
0x00007ffb0cf10000 - 0x00007ffb0cf28000 	E:\jdk-21.0.2\bin\jli.dll
0x00007ffb0cef0000 - 0x00007ffb0cf0b000 	E:\jdk-21.0.2\bin\VCRUNTIME140.dll
0x00007ffb32270000 - 0x00007ffb3240d000 	C:\Windows\System32\USER32.dll
0x00007ffb30660000 - 0x00007ffb30682000 	C:\Windows\System32\win32u.dll
0x00007ffb324f0000 - 0x00007ffb3251b000 	C:\Windows\System32\GDI32.dll
0x00007ffb18cc0000 - 0x00007ffb18f5a000 	C:\Windows\WinSxS\amd64_microsoft.windows.common-controls_6595b64144ccf1df_6.0.19041.4355_none_60b8b9eb71f62e16\COMCTL32.dll
0x00007ffb30690000 - 0x00007ffb307a7000 	C:\Windows\System32\gdi32full.dll
0x00007ffb305c0000 - 0x00007ffb3065d000 	C:\Windows\System32\msvcp_win.dll
0x00007ffb30ce0000 - 0x00007ffb30d7e000 	C:\Windows\System32\msvcrt.dll
0x00007ffb31470000 - 0x00007ffb3149f000 	C:\Windows\System32\IMM32.DLL
0x00007ffb1ad00000 - 0x00007ffb1ad0c000 	E:\jdk-21.0.2\bin\vcruntime140_1.dll
0x00007ffb0ce60000 - 0x00007ffb0ceee000 	E:\jdk-21.0.2\bin\msvcp140.dll
0x00007ffacdba0000 - 0x00007fface8b7000 	E:\jdk-21.0.2\bin\server\jvm.dll
0x00007ffb30f40000 - 0x00007ffb30ff1000 	C:\Windows\System32\ADVAPI32.dll
0x00007ffb314c0000 - 0x00007ffb3155f000 	C:\Windows\System32\sechost.dll
0x00007ffb325b0000 - 0x00007ffb326d3000 	C:\Windows\System32\RPCRT4.dll
0x00007ffb30280000 - 0x00007ffb302a7000 	C:\Windows\System32\bcrypt.dll
0x00007ffb326e0000 - 0x00007ffb3274b000 	C:\Windows\System32\WS2_32.dll
0x00007ffb2f810000 - 0x00007ffb2f85b000 	C:\Windows\SYSTEM32\POWRPROF.dll
0x00007ffb28180000 - 0x00007ffb281a7000 	C:\Windows\SYSTEM32\WINMM.dll
0x00007ffb28480000 - 0x00007ffb2848a000 	C:\Windows\SYSTEM32\VERSION.dll
0x00007ffb2f7f0000 - 0x00007ffb2f802000 	C:\Windows\SYSTEM32\UMPDC.dll
0x00007ffb2dcd0000 - 0x00007ffb2dce2000 	C:\Windows\SYSTEM32\kernel.appcore.dll
0x00007ffb0ce50000 - 0x00007ffb0ce5a000 	E:\jdk-21.0.2\bin\jimage.dll
0x00007ffb1b1e0000 - 0x00007ffb1b3c4000 	C:\Windows\SYSTEM32\DBGHELP.DLL
0x00007ffb0a6e0000 - 0x00007ffb0a714000 	C:\Windows\SYSTEM32\dbgcore.DLL
0x00007ffb2fe30000 - 0x00007ffb2feb2000 	C:\Windows\System32\bcryptPrimitives.dll
0x00007ffb059d0000 - 0x00007ffb059ef000 	E:\jdk-21.0.2\bin\java.dll
0x00007ffb31670000 - 0x00007ffb31ddd000 	C:\Windows\System32\SHELL32.dll
0x00007ffb2ded0000 - 0x00007ffb2e674000 	C:\Windows\SYSTEM32\windows.storage.dll
0x00007ffb31e40000 - 0x00007ffb32193000 	C:\Windows\System32\combase.dll
0x00007ffb2f860000 - 0x00007ffb2f88e000 	C:\Windows\SYSTEM32\Wldp.dll
0x00007ffb321a0000 - 0x00007ffb3226d000 	C:\Windows\System32\OLEAUT32.dll
0x00007ffb308e0000 - 0x00007ffb3098d000 	C:\Windows\System32\SHCORE.dll
0x00007ffb30990000 - 0x00007ffb309e5000 	C:\Windows\System32\shlwapi.dll
0x00007ffb2fd60000 - 0x00007ffb2fd84000 	C:\Windows\SYSTEM32\profapi.dll
0x00007ffad84b0000 - 0x00007ffad8587000 	E:\jdk-21.0.2\bin\jsvml.dll
0x00007ffb05f00000 - 0x00007ffb05f10000 	E:\jdk-21.0.2\bin\net.dll
0x00007ffb29cf0000 - 0x00007ffb29dfd000 	C:\Windows\SYSTEM32\WINHTTP.dll
0x00007ffb2f550000 - 0x00007ffb2f5ba000 	C:\Windows\system32\mswsock.dll
0x00007ffb05990000 - 0x00007ffb059a6000 	E:\jdk-21.0.2\bin\nio.dll
0x00007ffb059b0000 - 0x00007ffb059c8000 	E:\jdk-21.0.2\bin\zip.dll
0x00007ffb05980000 - 0x00007ffb05990000 	E:\jdk-21.0.2\bin\verify.dll
0x00007ffb02790000 - 0x00007ffb0279a000 	E:\jdk-21.0.2\bin\management.dll
0x00007ffb02780000 - 0x00007ffb0278b000 	E:\jdk-21.0.2\bin\management_ext.dll
0x00007ffb30f30000 - 0x00007ffb30f38000 	C:\Windows\System32\PSAPI.DLL
0x00007ffb0dd70000 - 0x00007ffb0dd87000 	C:\Windows\system32\napinsp.dll
0x00007ffb0dd50000 - 0x00007ffb0dd6b000 	C:\Windows\system32\pnrpnsp.dll
0x00007ffb0daa0000 - 0x00007ffb0dab5000 	C:\Windows\system32\wshbth.dll
0x00007ffb2b5b0000 - 0x00007ffb2b5cd000 	C:\Windows\system32\NLAapi.dll
0x00007ffb2f1d0000 - 0x00007ffb2f20b000 	C:\Windows\SYSTEM32\IPHLPAPI.DLL
0x00007ffb2f210000 - 0x00007ffb2f2da000 	C:\Windows\SYSTEM32\DNSAPI.dll
0x00007ffb30b20000 - 0x00007ffb30b28000 	C:\Windows\System32\NSI.dll
0x00007ffb0da80000 - 0x00007ffb0da92000 	C:\Windows\System32\winrnr.dll
0x00007ffb287e0000 - 0x00007ffb287ea000 	C:\Windows\System32\rasadhlp.dll
0x00007ffb28270000 - 0x00007ffb282f0000 	C:\Windows\System32\fwpuclnt.dll
0x00007ffb2f740000 - 0x00007ffb2f758000 	C:\Windows\SYSTEM32\CRYPTSP.dll
0x00007ffb2ee10000 - 0x00007ffb2ee44000 	C:\Windows\system32\rsaenh.dll
0x00007ffb2fce0000 - 0x00007ffb2fd0e000 	C:\Windows\SYSTEM32\USERENV.dll
0x00007ffb2f760000 - 0x00007ffb2f76c000 	C:\Windows\SYSTEM32\CRYPTBASE.dll
0x00007ffb1ac30000 - 0x00007ffb1ac75000 	C:\Users\Administrator\AppData\Local\Temp\jna-146731693\jna7129323684957565702.dll
0x00007ffb30bb0000 - 0x00007ffb30cdb000 	C:\Windows\System32\Ole32.dll
0x00007ffb315c0000 - 0x00007ffb31669000 	C:\Windows\System32\clbcatq.dll
0x00007ffb1caa0000 - 0x00007ffb1cabf000 	C:\Windows\SYSTEM32\amsi.dll
0x00007ffb06d00000 - 0x00007ffb06d51000 	C:\Windows\SYSTEM32\Pdh.dll
0x00007ffb05f10000 - 0x00007ffb05f1f000 	C:\Windows\System32\perfos.dll
0x00007ffb125d0000 - 0x00007ffb1264b000 	C:\Users\Administrator\AppData\Local\Temp\lwjgl_Administrator\3.3.3+5\x64\lwjgl.dll
0x00007ffb11b30000 - 0x00007ffb11da0000 	C:\Users\ADMINI~1\AppData\Local\Temp\lwjgl_Administrator\3.3.3+5\x64\jemalloc.dll
0x00007ffb11f90000 - 0x00007ffb12012000 	C:\Users\ADMINI~1\AppData\Local\Temp\lwjgl_Administrator\3.3.3+5\x64\glfw.dll
0x00007ffb14e50000 - 0x00007ffb14e95000 	C:\Windows\SYSTEM32\dinput8.dll
0x00007ffb0f680000 - 0x00007ffb0f691000 	C:\Windows\SYSTEM32\xinput1_4.dll
0x00007ffb2ff30000 - 0x00007ffb2ff7e000 	C:\Windows\System32\cfgmgr32.dll
0x00007ffb2fbc0000 - 0x00007ffb2fbf3000 	C:\Windows\SYSTEM32\DEVOBJ.dll
0x00007ffb20690000 - 0x00007ffb207e2000 	C:\Windows\SYSTEM32\inputhost.dll
0x00007ffb2b5d0000 - 0x00007ffb2b727000 	C:\Windows\SYSTEM32\wintypes.dll
0x00007ffb2ce90000 - 0x00007ffb2cf82000 	C:\Windows\SYSTEM32\CoreMessaging.dll
0x00007ffb2b170000 - 0x00007ffb2b266000 	C:\Windows\SYSTEM32\PROPSYS.dll
0x00007ffb2c740000 - 0x00007ffb2ca9b000 	C:\Windows\SYSTEM32\CoreUIComponents.dll
0x00007ffb2f060000 - 0x00007ffb2f093000 	C:\Windows\SYSTEM32\ntmarta.dll
0x00007ffb2d9d0000 - 0x00007ffb2d9ff000 	C:\Windows\SYSTEM32\dwmapi.dll
0x00007ffb2d7c0000 - 0x00007ffb2d85e000 	C:\Windows\system32\uxtheme.dll
0x00007ffb309f0000 - 0x00007ffb30b05000 	C:\Windows\System32\MSCTF.dll
0x00007ffb207f0000 - 0x00007ffb208e9000 	C:\Windows\SYSTEM32\textinputframework.dll
0x00007ffb01f50000 - 0x00007ffb01f5e000 	E:\jdk-21.0.2\bin\sunmscapi.dll
0x00007ffb30460000 - 0x00007ffb305bc000 	C:\Windows\System32\CRYPT32.dll
0x00007ffb2f8d0000 - 0x00007ffb2f8f7000 	C:\Windows\SYSTEM32\ncrypt.dll
0x00007ffb2f890000 - 0x00007ffb2f8cb000 	C:\Windows\SYSTEM32\NTASN1.dll
0x00007ffb02770000 - 0x00007ffb02779000 	E:\jdk-21.0.2\bin\extnet.dll
0x00007ffb112c0000 - 0x00007ffb11342000 	C:\Users\Administrator\AppData\Local\Temp\lwjgl_Administrator\3.3.3+5\x64\lwjgl_stb.dll
0x00007ffb29f00000 - 0x00007ffb29fae000 	C:\Windows\SYSTEM32\mscms.dll
0x00007ffb2a060000 - 0x00007ffb2a071000 	C:\Windows\SYSTEM32\ColorAdapterClient.dll
0x00007ffb11270000 - 0x00007ffb112b6000 	C:\Windows\SYSTEM32\icm32.dll
0x00007ffb111d0000 - 0x00007ffb1126f000 	C:\Windows\SYSTEM32\vulkan-1.dll
0x00007ffb2e6c0000 - 0x00007ffb2e7b6000 	C:\Windows\system32\dxgi.dll
0x00007ffaa87b0000 - 0x00007ffaaca42000 	C:\Windows\System32\DriverStore\FileRepository\nv_dispig.inf_amd64_0905d5f86c27c241\nvoglv64.dll
0x00007ffb31000000 - 0x00007ffb3146e000 	C:\Windows\System32\SETUPAPI.dll
0x00007ffb2b3a0000 - 0x00007ffb2b3b4000 	C:\Windows\SYSTEM32\WTSAPI32.dll
0x00007ffb2f9f0000 - 0x00007ffb2fa02000 	C:\Windows\SYSTEM32\msasn1.dll
0x00007ffb28230000 - 0x00007ffb28261000 	C:\Windows\SYSTEM32\cryptnet.dll
0x00007ffb28890000 - 0x00007ffb289d7000 	C:\Windows\SYSTEM32\drvstore.dll
0x00007ffb2fec0000 - 0x00007ffb2ff29000 	C:\Windows\System32\WINTRUST.dll
0x00007ffb12020000 - 0x00007ffb1209a000 	C:\ProgramData\GamePPSdk\1.2.1552.807\vulkan\GPP_VKLayer64.dll
0x00007ffb28850000 - 0x00007ffb2888b000 	C:\Windows\SYSTEM32\dxcore.dll
0x00007ffb1dd50000 - 0x00007ffb1e4f0000 	C:\Windows\SYSTEM32\nvapi64.dll
0x00007ffb314a0000 - 0x00007ffb314bd000 	C:\Windows\System32\imagehlp.dll
0x00007ffb2e690000 - 0x00007ffb2e6b3000 	C:\Windows\SYSTEM32\gpapi.dll
0x00007ffb10010000 - 0x00007ffb100b7000 	C:\Windows\System32\DriverStore\FileRepository\nv_dispig.inf_amd64_0905d5f86c27c241\NvCamera\NvCameraAllowlisting64.dll
0x00007ffb0ffc0000 - 0x00007ffb10002000 	C:\Users\Administrator\AppData\Local\Temp\lwjgl_Administrator\3.3.3+5\x64\lwjgl_vma.dll
0x00007ffad5bb0000 - 0x00007ffad5cd8000 	C:\Windows\SYSTEM32\opengl32.dll
0x00007ffad5b80000 - 0x00007ffad5bac000 	C:\Windows\SYSTEM32\GLU32.dll
0x00007ffb2a1f0000 - 0x00007ffb2a2f2000 	C:\Windows\System32\AppXDeploymentClient.dll
0x00007ffb2f460000 - 0x00007ffb2f4bb000 	C:\Windows\SYSTEM32\WINSTA.dll
0x00007ffb0fb30000 - 0x00007ffb0ffb1000 	C:\Users\ADMINI~1\AppData\Local\Temp\lwjgl_Administrator\3.3.3+5\x64\shaderc.dll
0x00000002f9b70000 - 0x00000002f9d8a000 	E:\jdk-21.0.2\bin\server\hsdis-amd64.dll

dbghelp: loaded successfully - version: 4.0.5 - missing functions: none
symbol engine: initialized successfully - sym options: 0x614 - pdb path: .;E:\jdk-21.0.2\bin;C:\Windows\SYSTEM32;C:\Windows\WinSxS\amd64_microsoft.windows.common-controls_6595b64144ccf1df_6.0.19041.4355_none_60b8b9eb71f62e16;E:\jdk-21.0.2\bin\server;C:\Users\Administrator\AppData\Local\Temp\jna-146731693;C:\Users\Administrator\AppData\Local\Temp\lwjgl_Administrator\3.3.3+5\x64;C:\Users\ADMINI~1\AppData\Local\Temp\lwjgl_Administrator\3.3.3+5\x64;C:\Windows\System32\DriverStore\FileRepository\nv_dispig.inf_amd64_0905d5f86c27c241;C:\ProgramData\GamePPSdk\1.2.1552.807\vulkan;C:\Windows\System32\DriverStore\FileRepository\nv_dispig.inf_amd64_0905d5f86c27c241\NvCamera

VM Arguments:
jvm_args: -Dfabric.dli.config=F:\MODS\VulkanModNeoForge\.gradle\loom-cache\launch.cfg -Dfabric.dli.env=client -Dfabric.dli.main=cpw.mods.bootstraplauncher.BootstrapLauncher --module-path=F:\.gradle\caches\modules-2\files-2.1\cpw.mods\securejarhandler\3.0.8\c0ef95cecd8699a0449053ac7d9c160748d902cd\securejarhandler-3.0.8.jar;F:\.gradle\caches\modules-2\files-2.1\org.ow2.asm\asm-commons\9.5\19ab5b5800a3910d30d3a3e64fdb00fd0cb42de0\asm-commons-9.5.jar;F:\.gradle\caches\modules-2\files-2.1\org.ow2.asm\asm-util\9.5\64b5a1fc8c1b15ed2efd6a063e976bc8d3dc5ffe\asm-util-9.5.jar;F:\.gradle\caches\modules-2\files-2.1\org.ow2.asm\asm-analysis\9.5\490bacc77de7cbc0be1a30bb3471072d705be4a4\asm-analysis-9.5.jar;F:\.gradle\caches\modules-2\files-2.1\org.ow2.asm\asm-tree\9.5\fd33c8b6373abaa675be407082fdfda35021254a\asm-tree-9.5.jar;F:\.gradle\caches\modules-2\files-2.1\org.ow2.asm\asm\9.5\dc6ea1875f4d64fbc85e1691c95b96a3d8569c90\asm-9.5.jar;F:\.gradle\caches\modules-2\files-2.1\net.neoforged\JarJarFileSystems\0.4.1\78f59f89defcd032ed788b151ca6a0d40ace796a\JarJarFileSystems-0.4.1.jar --add-modules=ALL-MODULE-PATH --add-opens=java.base/java.util.jar=cpw.mods.securejarhandler --add-opens=java.base/java.lang.invoke=cpw.mods.securejarhandler --add-exports=java.base/sun.security.util=cpw.mods.securejarhandler --add-exports=jdk.naming.dns/com.sun.jndi.dns=java.naming -Dfile.encoding=GBK -Duser.country=CN -Duser.language=zh -Duser.variant 
java_command: net.fabricmc.devlaunchinjector.Main
java_class_path (initial): F:\MODS\VulkanModNeoForge\build\classes\java\main;F:\MODS\VulkanModNeoForge\build\resources\main;F:\.gradle\caches\fabric-loom\1.21\neoforge\21.0.167\client-extra.jar;F:\.gradle\caches\fabric-loom\1.21\loom.mappings.1_21.layered+hash.40359-v2-neoforge-21.0.167\mappings.jar;F:\.gradle\caches\modules-2\files-2.1\net.neoforged.fancymodloader\earlydisplay\4.0.23\c9491ed7df998cf229eae9c7364ee9ab6f26bcfe\earlydisplay-4.0.23.jar;F:\.gradle\caches\fabric-loom\forge\transformed-dependencies-v1\net\neoforged\fancymodloader\d0bf45f985dfc1c7dbf7e81c4fb789a92ac82ba6f0239e195385d17b0777412c\loader\4.0.23\loader-4.0.23.jar;F:\.gradle\caches\modules-2\files-2.1\net.neoforged\coremods\7.0.3\9147e6f638b4272b3bd5fc8f92ad37802512c6c\coremods-7.0.3.jar;F:\.gradle\caches\modules-2\files-2.1\cpw.mods\modlauncher\11.0.4\6619d4812a3c092310d521ebc4c9503727563df7\modlauncher-11.0.4.jar;F:\.gradle\caches\modules-2\files-2.1\cpw.mods\bootstraplauncher\2.0.2\1a2d076cbc33b0520cbacd591224427b2a20047d\bootstraplauncher-2.0.2.jar;F:\.gradle\caches\modules-2\files-2.1\cpw.mods\securejarhandler\3.0.8\c0ef95cecd8699a0449053ac7d9c160748d902cd\securejarhandler-3.0.8.jar;F:\.gradle\caches\modules-2\files-2.1\net.neoforged.accesstransformers\at-modlauncher\10.0.1\5aba50202aceead086bc09fbc2751c9f05cb4890\at-modlauncher-10.0.1.jar;F:\.gradle\caches\modules-2\files-2.1\net.neoforged\accesstransformers\10.0.1\fd83b5725f76eae9115e9355fa1c456a6a441400\accesstransformers-10.0.1.jar;F:\.gradle\caches\modules-2\files-2.1\org.openjdk.nashorn\nashorn-core\15.4\f67f5ffaa5f5130cf6fb9b133da00c7df3b532a5\nashorn-core-15.4.jar;F:\.gradle\caches\modules-2\files-2.1\org.ow2.asm\asm-commons\9.5\19ab5b5800a3910d30d3a3e64fdb00fd0cb42de0\asm-commons-9.5.jar;F:\.gradle\caches\modules-2\files-2.1\net.neoforged\mergetool\2.0.3\1275202cbbb248f49345cf6787ce299afd9a02fb\mergetool-2.0.3-api.jar;F:\.gradle\caches\modules-2\files-2.1\org.ow2.asm\asm-util\9.5\64b5a1fc8c1b15ed2efd6a063e976bc8d3dc5ffe\asm-util-9.5.jar;F:\.gradle\caches\modules-2\files-2.1\org.ow2.asm\asm-analysis\9.5\490bacc77de7cbc0be1a30bb3471072d705be4a4\asm-analysis-9.5.jar;F:\.gradle\caches\modules-2\files-2.1\org.ow2.asm\asm-tree\9.5\fd33c8b6373abaa675be407082fdfda35021254a\asm-tree-9.5.jar;F:\.gradle\caches\modules-2\files-2.1\net.neoforged\bus\8.0.1\9df0ed904cec279eb33ca6df420f6f82706ebb4c\bus-8.0.1.jar;F:\.gradle\caches\modules-2\files-2.1\org.ow2.asm\asm\9.5\dc6ea1875f4d64fbc85e1691c95b96a3d8569c90\asm-9.5.jar;F:\.gradle\caches\modules-2\files-2.1\com.electronwill.night-config\toml\3.8.0\861dbcf2757dd6701c98b3949198549ccb5f62ff\toml-3.8.0.jar;F:\.gradle\caches\modules-2\files-2.1\com.electronwill.night-config\core\3.8.0\2498dd2b3120dd49e963e2feab8fa5d0c5f80e0a\core-3.8.0.jar;F:\.gradle\caches\modules-2\files-2.1\net.neoforged\JarJarSelector\0.4.1\fb3cc7a58af22ad2880adb98af6d518128c47dae\JarJarSelector-0.4.1.jar;F:\.gradle\caches\modules-2\files-2.1\net.neoforged\JarJarMetadata\0.4.1\f8da03683dc81694556dc3e177c5e3bb77ae6fcb\JarJarMetadata-0.4.1.jar;F:\.gradle\caches\modules-2\files-2.1\org.apache.maven\maven-artifact\3.8.5\4433f50c07debefaed0553bd0068f4f48d449313\maven-artifact-3.8.5.jar;F:\.gradle\caches\modules-2\files-2.1\net.jodah\typetools\0.6.3\a01aaa6ddaea9ec07ec4f209487b7a46a526283a\typetools-0.6.3.jar;F:\.gradle\caches\modules-2\files-2.1\net.minecrell\terminalconsoleappender\1.3.0\b562e9bb61235c9520e26282cdee71f8f802d1fc\terminalconsoleappender-1.3.0.jar;F:\.gradle\caches\modules-2\files-2.1\net.fabricmc\sponge-mixin\0.14.0+mixin.0.8.6\c265173c84346e9e5d42a2384b2b02bd39a4a899\sponge-mixin-0.14.0+mixin.0.8.6.jar;F:\.gradle\caches\modules-2\files-2.1\org.apache.commons\commons-lang3\3.14.0\1ed471194b02f2c6cb734a0cd6f6f107c673afae\commons-lang3-3.14.0.jar;F:\.gradle\caches\modules-2\files-2.1\com.mojang\logging\1.2.7\24cb95ffb0e3433fd6e844c04e68009e504ca1c0\logging-1.2.7.jar;F:\.gradle\caches\modules-2\files-2.1\org.apache.logging.log4j\log4j-slf4j2-impl\2.22.1\d7e6693c2606cb7e7335047d7bb96dec52db5665\log4j-slf4j2-impl-2.22.1.jar;F:\.gradle\caches\modules-2\files-2.1\org.apache.logging.log4j\log4j-core\2.22.1\7183a25510a02ad00cc6a95d3b3d2a7d3c5a8dc4\log4j-core-2.22.1.jar;F:\.gradle\caches\modules-2\files-2.1\io.github.juuxel\unprotect\1.3.1\432f07e4f647aa3c33aba0b7e630dd3948f65bae\unprotect-1.3.1.jar;F:\.gradle\caches\modules-2\files-2.1\org.apache.logging.log4j\log4j-api\2.22.1\bea6fede6328fabafd7e68363161a7ea6605abd1\log4j-api-2.22.1.jar;F:\.gradle\caches\modules-2\files-2.1\net.neoforged\neoform\1.21-20240613.152323\6293c1a6b9b053ea4e41ac2fe03a3342486d45b1\neoform-1.21-20240613.152323.zip;F:\.gradle\caches\modules-2\files-2.1\net.neoforged\JarJarFileSystems\0.4.1\78f59f89defcd032ed788b151ca6a0d40ace796a\JarJarFileSystems-0.4.1.jar;F:\.gradle\caches\modules-2\files-2.1\io.github.llamalad7\mixinextras-neoforge\0.3.5\ef3ffcf309dae656517b2f120189b1c9b21737dd\mixinextras-neoforge-0.3.5.jar;F:\.gradle\caches\modules-2\files-2.1\org.slf4j\slf4j-api\2.0.9\7cf2726fdcfbc8610f9a71fb3ed639871f315340\slf4j-api-2.0.9.jar;F:\.gradle\caches\modules-2\files-2.1\com.google.code.gson\gson\2.10.1\b3add478d4382b78ea20b1671390a858002feb6c\gson-2.10.1.jar;F:\.gradle\caches\modules-2\files-2.1\com.google.guava\guava\32.1.2-jre\5e64ec7e056456bef3a4bc4c6fdaef71e8ab6318\guava-32.1.2-jre.jar;F:\.gradle\caches\modules-2\files-2.1\com.google.guava\failureaccess\1.0.1\1dcf1de382a0bf95a3d8b0849546c88bac1292c9\failureaccess-1.0.1.jar;F:\.gradle\caches\modules-2\files-2.1\com.google.guava\listenablefuture\9999.0-empty-to-avoid-conflict-with-guava\b421526c5f297295adef1c886e5246c39d4ac629\listenablefuture-9999.0-empty-to-avoid-conflict-with-guava.jar;F:\.gradle\caches\modules-2\files-2.1\com.google.code.findbugs\jsr305\3.0.2\25ea2e8b0c338a877313bd4672d3fe056ea78f0d\jsr305-3.0.2.jar;F:\.gradle\caches\modules-2\files-2.1\org.checkerframework\checker-qual\3.33.0\de2b60b62da487644fc11f734e73c8b0b431238f\checker-qual-3.33.0.jar;F:\.gradle\caches\modules-2\files-2.1\com.google.errorprone\error_prone_annotations\2.18.0\89b684257096f548fa39a7df9fdaa409d4d4df91\error_prone_annotations-2.18.0.jar;F:\.gradle\caches\modules-2\files-2.1\com.google.j2objc\j2objc-annotations\2.8\c85270e307e7b822f1086b93689124b89768e273\j2objc-annotations-2.8.jar;F:\.gradle\caches\modules-2\files-2.1\commons-io\commons-io\2.15.1\f11560da189ab563a5c8e351941415430e9304ea\commons-io-2.15.1.jar;F:\.gradle\caches\modules-2\files-2.1\net.sf.jopt-simple\jopt-simple\5.0.4\4fdac2fbe92dfad86aa6e9301736f6b4342a3f5c\jopt-simple-5.0.4.jar;F:\.gradle\caches\modules-2\files-2.1\net.minecraftforge\srgutils\0.4.15\ca408b131759478f164e010fae0d73997e125fb5\srgutils-0.4.15.jar;F:\.gradle\caches\modules-2\files-2.1\org.antlr\antlr4-runtime\4.13.1\17125bae1d965624e265ef49552f6465a2bfa307\antlr4-runtime-4.13.1.jar;F:\.gradle\caches\modules-2\files-2.1\org.jline\jline-reader\3.20.0\8f15415b022a25b473e8e16c28ae913186ffb9c4\jline-reader-3.20.0.jar;F:\.gradle\caches\modules-2\files-2.1\org.jline\jline-terminal\3.20.0\d0ddcc708ddf527a3454c941b7b9225cc83a15ff\jline-terminal-3.20.0.jar;F:\.gradle\caches\modules-2\files-2.1\org.codehaus.plexus\plexus-utils\3.3.0\cf43b5391de623b36fe066a21127baef82c64022\plexus-utils-3.3.0.jar;F:\.gradle\caches\modules-2\files-2.1\com.machinezoo.noexception\noexception\1.7.1\b65330c98e38a1f915fa54a6e5eca496505e3f0a\noexception-1.7.1.jar;F:\.gradle\caches\modules-2\files-2.1\org.lwjgl\lwjgl-vulkan\3.3.3\2d85b61672fa82ec5045979ac49c7940913eea50\lwjgl-vulkan-3.3.3.jar;F:\.gradle\caches\modules-2\files-2.1\org.lwjgl\lwjgl-vulkan\3.3.3\e2100604e8dc995b2ae33b049faae199867d7d3f\lwjgl-vulkan-3.3.3-natives-macos.jar;F:\.gradle\caches\modules-2\files-2.1\org.lwjgl\lwjgl-vulkan\3.3.3\d954157aceb480c930333978ce87d4c1253166ae\lwjgl-vulkan-3.3.3-natives-macos-arm64.jar;F:\.gradle\caches\modules-2\files-2.1\org.lwjgl\lwjgl-vma\3.3.3\dacf4ee5787dbd17641f2aedd74fc1b04b506081\lwjgl-vma-3.3.3.jar;F:\.gradle\caches\modules-2\files-2.1\org.lwjgl\lwjgl-vma\3.3.3\c12a6d51cce0de9c265f71c0540ae3fb3529a8e8\lwjgl-vma-3.3.3-natives-windows.jar;F:\.gradle\caches\modules-2\files-2.1\org.lwjgl\lwjgl-vma\3.3.3\17787ed496143d20a90bb9ee1cb8cc13cc46527d\lwjgl-vma-3.3.3-natives-linux.jar;F:\.gradle\caches\modules-2\files-2.1\org.lwjgl\lwjgl-vma\3.3.3\e6203b64b756a18aeaa4aabd08f444d75aa3e16d\lwjgl-vma-3.3.3-natives-macos.jar;F:\.gradle\caches\modules-2\files-2.1\org.lwjgl\lwjgl-vma\3.3.3\5377df5e52e84b8032924ccdbb08505626ac1d40\lwjgl-vma-3.3.3-natives-macos-arm64.jar;F:\.gradle\caches\modules-2\files-2.1\org.lwjgl\lwjgl-shaderc\3.3.3\ae740d58fdc809c4350358a872b076bacbec27c1\lwjgl-shaderc-3.3.3.jar;F:\.gradle\caches\modules-2\files-2.1\org.lwjgl\lwjgl-shaderc\3.3.3\2bdcb9d4c1a8debf8c82dcb6968c3f23f126af6b\lwjgl-shaderc-3.3.3-natives-windows.jar;F:\.gradle\caches\modules-2\files-2.1\org.lwjgl\lwjgl-shaderc\3.3.3\de3457387f546024090efeaa297f33d0fe721aa2\lwjgl-shaderc-3.3.3-natives-linux.jar;F:\.gradle\caches\modules-2\files-2.1\org.lwjgl\lwjgl-shaderc\3.3.3\fb8694ffe2888eda8dfe3d62389156e1d4489d5b\lwjgl-shaderc-3.3.3-natives-macos.jar;F:\.gradle\caches\modules-2\files-2.1\org.lwjgl\lwjgl-shaderc\3.3.3\91f5979792982a6ad6b6993f17123cf279c926dd\lwjgl-shaderc-3.3.3-natives-macos-arm64.jar;F:\.gradle\caches\modules-2\files-2.1\net.fabricmc\dev-launch-injector\0.2.1+build.8\da8bef7e6e2f952da707f282bdb46882a0fce5e3\dev-launch-injector-0.2.1+build.8.jar;F:\.gradle\caches\modules-2\files-2.1\com.github.oshi\oshi-core\6.4.10\b1d8ab82d11d92fd639b56d639f8f46f739dd5fa\oshi-core-6.4.10.jar;F:\.gradle\caches\modules-2\files-2.1\com.ibm.icu\icu4j\73.2\61ad4ef7f9131fcf6d25c34b817f90d6da06c9e9\icu4j-73.2.jar;F:\.gradle\caches\modules-2\files-2.1\com.mojang\authlib\6.0.54\de8bc95660e1b2fe8793fd427a7a10dcec5b3ea7\authlib-6.0.54.jar;F:\.gradle\caches\modules-2\files-2.1\com.mojang\blocklist\1.0.10\5c685c5ffa94c4cd39496c7184c1d122e515ecef\blocklist-1.0.10.jar;F:\.gradle\caches\modules-2\files-2.1\com.mojang\brigadier\1.2.9\73e324f2ee541493a5179abf367237faa782ed21\brigadier-1.2.9.jar;F:\.gradle\caches\modules-2\files-2.1\com.mojang\datafixerupper\8.0.16\67d4de6d7f95d89bcf5862995fb854ebaec02a34\datafixerupper-8.0.16.jar;F:\.gradle\caches\modules-2\files-2.1\com.mojang\patchy\2.2.10\da05971b07cbb379d002cf7eaec6a2048211fefc\patchy-2.2.10.jar;F:\.gradle\caches\modules-2\files-2.1\com.mojang\text2speech\1.17.9\3cad216e3a7f0c19b4b394388bc9ffc446f13b14\text2speech-1.17.9.jar;F:\.gradle\caches\modules-2\files-2.1\commons-codec\commons-codec\1.16.0\4e3eb3d79888d76b54e28b350915b5dc3919c9de\commons-codec-1.16.0.jar;F:\.gradle\caches\modules-2\files-2.1\commons-logging\commons-logging\1.2\4bfc12adfe4842bf07b657f0369c4cb522955686\commons-logging-1.2.jar;F:\.gradle\caches\modules-2\files-2.1\io.netty\netty-buffer\4.1.97.Final\f8f3d8644afa5e6e1a40a3a6aeb9d9aa970ecb4f\netty-buffer-4.1.97.Final.jar;F:\.gradle\caches\modules-2\files-2.1\io.netty\netty-codec\4.1.97.Final\384ba4d75670befbedb45c4d3b497a93639c206d\netty-codec-4.1.97.Final.jar;F:\.gradle\caches\modules-2\files-2.1\io.netty\netty-common\4.1.97.Final\7cceacaf11df8dc63f23d0fb58e9d4640fc88404\netty-common-4.1.97.Final.jar;F:\.gradle\caches\modules-2\files-2.1\io.netty\netty-handler\4.1.97.Final\abb86c6906bf512bf2b797a41cd7d2e8d3cd7c36\netty-handler-4.1.97.Final.jar;F:\.gradle\caches\modules-2\files-2.1\io.netty\netty-resolver\4.1.97.Final\cec8348108dc76c47cf87c669d514be52c922144\netty-resolver-4.1.97.Final.jar;F:\.gradle\caches\modules-2\files-2.1\io.netty\netty-transport-classes-epoll\4.1.97.Final\795da37ded759e862457a82d9d92c4d39ce8ecee\netty-transport-classes-epoll-4.1.97.Final.jar;F:\.gradle\caches\modules-2\files-2.1\io.netty\netty-transport-native-unix-common\4.1.97.Final\d469d84265ab70095b01b40886cabdd433b6e664\netty-transport-native-unix-common-4.1.97.Final.jar;F:\.gradle\caches\modules-2\files-2.1\io.netty\netty-transport\4.1.97.Final\f37380d23c9bb079bc702910833b2fd532c9abd0\netty-transport-4.1.97.Final.jar;F:\.gradle\caches\modules-2\files-2.1\it.unimi.dsi\fastutil\8.5.12\c24946d46824bd528054bface3231d2ecb7e95e8\fastutil-8.5.12.jar;F:\.gradle\caches\modules-2\files-2.1\net.java.dev.jna\jna-platform\5.14.0\28934d48aed814f11e4c584da55c49fa7032b31b\jna-platform-5.14.0.jar;F:\.gradle\caches\modules-2\files-2.1\net.java.dev.jna\jna\5.14.0\67bf3eaea4f0718cb376a181a629e5f88fa1c9dd\jna-5.14.0.jar;F:\.gradle\caches\modules-2\files-2.1\org.apache.commons\commons-compress\1.26.0\659feffdd12280201c8aacb8f7be94f9a883c824\commons-compress-1.26.0.jar;F:\.gradle\caches\modules-2\files-2.1\org.apache.httpcomponents\httpclient\4.5.13\e5f6cae5ca7ecaac1ec2827a9e2d65ae2869cada\httpclient-4.5.13.jar;F:\.gradle\caches\modules-2\files-2.1\org.apache.httpcomponents\httpcore\4.4.16\51cf043c87253c9f58b539c9f7e44c8894223850\httpcore-4.4.16.jar;F:\.gradle\caches\modules-2\files-2.1\org.jcraft\jorbis\0.0.17\8872d22b293e8f5d7d56ff92be966e6dc28ebdc6\jorbis-0.0.17.jar;F:\.gradle\caches\modules-2\files-2.1\org.joml\joml\1.10.5\22566d58af70ad3d72308bab63b8339906deb649\joml-1.10.5.jar;F:\.gradle\caches\modules-2\files-2.1\org.lwjgl\lwjgl-freetype\3.3.3\a0db6c84a8becc8ca05f9dbfa985edc348a824c7\lwjgl-freetype-3.3.3.jar;F:\.gradle\caches\modules-2\files-2.1\org.lwjgl\lwjgl-freetype\3.3.3\81091b006dbb43fab04c8c638e9ac87c51b4096d\lwjgl-freetype-3.3.3-natives-windows.jar;F:\.gradle\caches\modules-2\files-2.1\org.lwjgl\lwjgl-freetype\3.3.3\82028265a0a2ff33523ca75137ada7dc176e5210\lwjgl-freetype-3.3.3-natives-windows-arm64.jar;F:\.gradle\caches\modules-2\files-2.1\org.lwjgl\lwjgl-freetype\3.3.3\15a8c1de7f51d07a92eae7ce1222557073a0c0c3\lwjgl-freetype-3.3.3-natives-windows-x86.jar;F:\.gradle\caches\modules-2\files-2.1\org.lwjgl\lwjgl-glfw\3.3.3\efa1eb78c5ccd840e9f329717109b5e892d72f8e\lwjgl-glfw-3.3.3.jar;F:\.gradle\caches\modules-2\files-2.1\org.lwjgl\lwjgl-glfw\3.3.3\e449e28b4891fc423c54c85fbc5bb0b9efece67a\lwjgl-glfw-3.3.3-natives-windows.jar;F:\.gradle\caches\modules-2\files-2.1\org.lwjgl\lwjgl-glfw\3.3.3\f27018dc74f6289574502b46cce55d52817554e2\lwjgl-glfw-3.3.3-natives-windows-arm64.jar;F:\.gradle\caches\modules-2\files-2.1\org.lwjgl\lwjgl-glfw\3.3.3\32334f3fd5270a59bad9939a93115acb6de36dcf\lwjgl-glfw-3.3.3-natives-windows-x86.jar;F:\.gradle\caches\modules-2\files-2.1\org.lwjgl\lwjgl-jemalloc\3.3.3\b543467b7ff3c6920539a88ee602d34098628be5\lwjgl-jemalloc-3.3.3.jar;F:\.gradle\caches\modules-2\files-2.1\org.lwjgl\lwjgl-jemalloc\3.3.3\426222fc027602a5f21b9c0fe79cde6a4c7a011f\lwjgl-jemalloc-3.3.3-natives-windows.jar;F:\.gradle\caches\modules-2\files-2.1\org.lwjgl\lwjgl-jemalloc\3.3.3\ba1f3fed0ee4be0217eaa41c5bbfb4b9b1383c33\lwjgl-jemalloc-3.3.3-natives-windows-arm64.jar;F:\.gradle\caches\modules-2\files-2.1\org.lwjgl\lwjgl-jemalloc\3.3.3\f6063b6e0f23be483c5c88d84ce51b39dc69126c\lwjgl-jemalloc-3.3.3-natives-windows-x86.jar;F:\.gradle\caches\modules-2\files-2.1\org.lwjgl\lwjgl-openal\3.3.3\daada81ceb5fc0c291fbfdd4433cb8d9423577f2\lwjgl-openal-3.3.3.jar;F:\.gradle\caches\modules-2\files-2.1\org.lwjgl\lwjgl-openal\3.3.3\cf83862ae95d98496b26915024c7e666d8ab1c8f\lwjgl-openal-3.3.3-natives-windows.jar;F:\.gradle\caches\modules-2\files-2.1\org.lwjgl\lwjgl-openal\3.3.3\8e0615235116b9e4160dfe87bec90f5f6378bf72\lwjgl-openal-3.3.3-natives-windows-arm64.jar;F:\.gradle\caches\modules-2\files-2.1\org.lwjgl\lwjgl-openal\3.3.3\87b8d5050e3adb46bb58fe1cb2669a4a48fce10d\lwjgl-openal-3.3.3-natives-windows-x86.jar;F:\.gradle\caches\modules-2\files-2.1\org.lwjgl\lwjgl-opengl\3.3.3\2f6b0147078396a58979125a4c947664e98293a\lwjgl-opengl-3.3.3.jar;F:\.gradle\caches\modules-2\files-2.1\org.lwjgl\lwjgl-opengl\3.3.3\e6c1eec8be8a71951b830a4d69efc01c6531900c\lwjgl-opengl-3.3.3-natives-windows.jar;F:\.gradle\caches\modules-2\files-2.1\org.lwjgl\lwjgl-opengl\3.3.3\65e956d3735a1abdc82eff4baec1b61174697d4b\lwjgl-opengl-3.3.3-natives-windows-arm64.jar;F:\.gradle\caches\modules-2\files-2.1\org.lwjgl\lwjgl-opengl\3.3.3\d32d833dcaa2f355a886eaf21f0408b5f03241d\lwjgl-opengl-3.3.3-natives-windows-x86.jar;F:\.gradle\caches\modules-2\files-2.1\org.lwjgl\lwjgl-stb\3.3.3\25dd6161988d7e65f71d5065c99902402ee32746\lwjgl-stb-3.3.3.jar;F:\.gradle\caches\modules-2\files-2.1\org.lwjgl\lwjgl-stb\3.3.3\1d9facdf6541de114b0f963be33505b7679c78cb\lwjgl-stb-3.3.3-natives-windows.jar;F:\.gradle\caches\modules-2\files-2.1\org.lwjgl\lwjgl-stb\3.3.3\a584ab44de569708871f0a79561f4d8c37487f2c\lwjgl-stb-3.3.3-natives-windows-arm64.jar;F:\.gradle\caches\modules-2\files-2.1\org.lwjgl\lwjgl-stb\3.3.3\b5c874687b9aac1a936501d4ed2c49567fd1b575\lwjgl-stb-3.3.3-natives-windows-x86.jar;F:\.gradle\caches\modules-2\files-2.1\org.lwjgl\lwjgl-tinyfd\3.3.3\82d755ca94b102e9ca77283b9e2dc46d1b15fbe5\lwjgl-tinyfd-3.3.3.jar;F:\.gradle\caches\modules-2\files-2.1\org.lwjgl\lwjgl-tinyfd\3.3.3\a6697981b0449a5087c1d546fc08b4f73e8f98c9\lwjgl-tinyfd-3.3.3-natives-windows.jar;F:\.gradle\caches\modules-2\files-2.1\org.lwjgl\lwjgl-tinyfd\3.3.3\a88c494f3006eb91a7433b12a3a55a9a6c20788b\lwjgl-tinyfd-3.3.3-natives-windows-arm64.jar;F:\.gradle\caches\modules-2\files-2.1\org.lwjgl\lwjgl-tinyfd\3.3.3\c336c84ee88cccb495c6ffa112395509e7378e8a\lwjgl-tinyfd-3.3.3-natives-windows-x86.jar;F:\.gradle\caches\modules-2\files-2.1\org.lwjgl\lwjgl\3.3.3\29589b5f87ed335a6c7e7ee6a5775f81f97ecb84\lwjgl-3.3.3.jar;F:\.gradle\caches\modules-2\files-2.1\org.lwjgl\lwjgl\3.3.3\a5ed18a2b82fc91b81f40d717cb1f64c9dcb0540\lwjgl-3.3.3-natives-windows.jar;F:\.gradle\caches\modules-2\files-2.1\org.lwjgl\lwjgl\3.3.3\e9aca8c5479b520a2a7f0d542a118140e812c5e8\lwjgl-3.3.3-natives-windows-arm64.jar;F:\.gradle\caches\modules-2\files-2.1\org.lwjgl\lwjgl\3.3.3\9e670718e050aeaeea0c2d5b907cffb142f2e58f\lwjgl-3.3.3-natives-windows-x86.jar;F:\.gradle\caches\modules-2\files-2.1\org.lz4\lz4-java\1.8.0\4b986a99445e49ea5fbf5d149c4b63f6ed6c6780\lz4-java-1.8.0.jar;F:\MODS\VulkanModNeoForge\.gradle\loom-cache\minecraftMaven\net\minecraft\neoforge-21.0.167-minecraft-merged-729c71dbf9\1.21-loom.mappings.1_21.layered+hash.40359-v2-neoforge-21.0.167\neoforge-21.0.167-minecraft-merged-729c71dbf9-1.21-loom.mappings.1_21.layered+hash.40359-v2-neoforge-21.0.167.jar;F:\.gradle\caches\modules-2\files-2.1\io.netty\netty-transport-native-epoll\4.1.97.Final\54188f271e388e7f313aea995e82f58ce2cdb809\netty-transport-native-epoll-4.1.97.Final-linux-x86_64.jar;F:\.gradle\caches\modules-2\files-2.1\io.netty\netty-transport-native-epoll\4.1.97.Final\5514744c588190ffda076b35a9b8c9f24946a960\netty-transport-native-epoll-4.1.97.Final-linux-aarch_64.jar
Launcher Type: SUN_STANDARD

[Global flags]
     intx CICompilerCount                          = 4                                         {product} {ergonomic}
     uint ConcGCThreads                            = 2                                         {product} {ergonomic}
     uint G1ConcRefinementThreads                  = 8                                         {product} {ergonomic}
   size_t G1HeapRegionSize                         = 2097152                                   {product} {ergonomic}
    uintx GCDrainStackTargetSize                   = 64                                        {product} {ergonomic}
   size_t InitialHeapSize                          = 268435456                                 {product} {ergonomic}
   size_t MarkStackSize                            = 4194304                                   {product} {ergonomic}
   size_t MaxHeapSize                              = 4280287232                                {product} {ergonomic}
   size_t MaxNewSize                               = 2566914048                                {product} {ergonomic}
   size_t MinHeapDeltaBytes                        = 2097152                                   {product} {ergonomic}
   size_t MinHeapSize                              = 8388608                                   {product} {ergonomic}
    uintx NonNMethodCodeHeapSize                   = 5839372                                {pd product} {ergonomic}
    uintx NonProfiledCodeHeapSize                  = 122909434                              {pd product} {ergonomic}
    uintx ProfiledCodeHeapSize                     = 122909434                              {pd product} {ergonomic}
    uintx ReservedCodeCacheSize                    = 251658240                              {pd product} {ergonomic}
     bool SegmentedCodeCache                       = true                                      {product} {ergonomic}
   size_t SoftMaxHeapSize                          = 4280287232                             {manageable} {ergonomic}
     bool UseCompressedOops                        = true                           {product lp64_product} {ergonomic}
     bool UseG1GC                                  = true                                      {product} {ergonomic}
     bool UseLargePagesIndividualAllocation        = false                                  {pd product} {ergonomic}

Logging:
Log output configuration:
 #0: stdout all=warning uptime,level,tags foldmultilines=false
 #1: stderr all=off uptime,level,tags foldmultilines=false

Environment Variables:
JAVA_HOME=E:\jdk-21.0.2
PATH=C:\Windows\system32;C:\Windows;C:\Windows\System32\Wbem;C:\Windows\System32\WindowsPowerShell\v1.0\;C:\Windows\System32\OpenSSH\;E:\jdk-21.0.2\bin;F:\GIT\Git\cmd;D:\GnuWin32\bin\;C:\Users\Administrator\AppData\Local\Microsoft\WindowsApps;E:\jdk-21.0.2\bin;F:\cpolar\;F:\JetBrains\CLion 2025.1.3\bin;C:\Users\Administrator\AppData\Local\JetBrains\Toolbox\scripts;
USERNAME=Administrator
OS=Windows_NT
PROCESSOR_IDENTIFIER=Intel64 Family 6 Model 158 Stepping 9, GenuineIntel
TMP=C:\Users\ADMINI~1\AppData\Local\Temp
TEMP=C:\Users\ADMINI~1\AppData\Local\Temp




Periodic native trim disabled

---------------  S Y S T E M  ---------------

OS:
 Windows 10 , 64 bit Build 19041 (10.0.19041.5072)
OS uptime: 0 days 1:10 hours

CPU: total 8 (initial active 8) (4 cores per cpu, 2 threads per core) family 6 model 158 stepping 9 microcode 0xb4, cx8, cmov, fxsr, ht, mmx, 3dnowpref, sse, sse2, sse3, ssse3, sse4.1, sse4.2, popcnt, lzcnt, tsc, tscinvbit, avx, avx2, aes, erms, clmul, bmi1, bmi2, rtm, adx, fma, vzeroupper, clflush, clflushopt, rdtscp, f16c
Processor Information for all 8 processors :
  Max Mhz: 3601, Current Mhz: 3601, Mhz Limit: 3601

Memory: 4k page, system-wide physical 16323M (91M free)
TotalPageFile size 31895M (AvailPageFile size 4201M)
current process WorkingSet (physical memory assigned to process): 10409M, peak: 10420M
current process commit charge ("private bytes"): 17456M, peak: 17470M

vm_info: OpenJDK 64-Bit Server VM (21.0.2+13-58) for windows-amd64 JRE (21.0.2+13-58), built on 2024-01-05T18:32:24Z by "mach5one" with MS VC++ 17.1 (VS2022)

END.
